observation_id,source_group,source_file,provenance,split_role,group_id,lineage_group,observed_fields,target_fields,is_duplicate,is_derived,is_extrapolated,is_condition_overlap,N_params_B,D_tokens_B,Q_score,val_loss,data_type,family,experiment_id,step,condition_key
B1_1,B,pythia_training_log_existing.csv,真实,fit,pythia_N_0.070542,pythia_N_0.070542,"[""N_params_B"",""D_tokens_B"",""val_loss""]","[""val_loss""]",False,False,False,False,0.070542,0.134,,4.7388,,Pythia,,64,0.070542|0.134|
B1_2,B,pythia_training_log_existing.csv,真实,fit,pythia_N_0.070542,pythia_N_0.070542,"[""N_params_B"",""D_tokens_B"",""val_loss""]","[""val_loss""]",False,False,False,False,0.070542,0.268,,4.3541,,Pythia,,128,0.070542|0.268|
B1_3,B,pythia_training_log_existing.csv,真实,fit,pythia_N_0.070542,pythia_N_0.070542,"[""N_params_B"",""D_tokens_B"",""val_loss""]","[""val_loss""]",False,False,False,False,0.070542,0.537,,4.0384,,Pythia,,256,0.070542|0.537|
B1_4,B,pythia_training_log_existing.csv,真实,fit,pythia_N_0.070542,pythia_N_0.070542,"[""N_params_B"",""D_tokens_B"",""val_loss""]","[""val_loss""]",False,False,False,False,0.070542,1.074,,3.7776,,Pythia,,512,0.070542|1.074|
B1_5,B,pythia_training_log_existing.csv,真实,fit,pythia_N_0.070542,pythia_N_0.070542,"[""N_params_B"",""D_tokens_B"",""val_loss""]","[""val_loss""]",False,False,False,False,0.070542,2.097,,3.5698,,Pythia,,1000,0.070542|2.097|
B1_6,B,pythia_training_log_existing.csv,真实,fit,pythia_N_0.070542,pythia_N_0.070542,"[""N_params_B"",""D_tokens_B"",""val_loss""]","[""val_loss""]",False,False,False,False,0.070542,4.194,,3.3922,,Pythia,,2000,0.070542|4.194|
B1_7,B,pythia_training_log_existing.csv,真实,fit,pythia_N_0.070542,pythia_N_0.070542,"[""N_params_B"",""D_tokens_B"",""val_loss""]","[""val_loss""]",False,False,False,False,0.070542,6.291,,3.3024,,Pythia,,3000,0.070542|6.291|
B1_8,B,pythia_training_log_existing.csv,真实,fit,pythia_N_0.070542,pythia_N_0.070542,"[""N_params_B"",""D_tokens_B"",""val_loss""]","[""val_loss""]",False,False,False,False,0.070542,8.389,,3.2452,,Pythia,,4000,0.070542|8.389|
B1_9,B,pythia_training_log_existing.csv,真实,fit,pythia_N_0.070542,pythia_N_0.070542,"[""N_params_B"",""D_tokens_B"",""val_loss""]","[""val_loss""]",False,False,False,False,0.070542,10.486,,3.2041,,Pythia,,5000,0.070542|10.486|
B1_10,B,pythia_training_log_existing.csv,真实,fit,pythia_N_0.070542,pythia_N_0.070542,"[""N_params_B"",""D_tokens_B"",""val_loss""]","[""val_loss""]",False,False,False,False,0.070542,12.583,,3.172,,Pythia,,6000,0.070542|12.583|
B1_11,B,pythia_training_log_existing.csv,真实,fit,pythia_N_0.070542,pythia_N_0.070542,"[""N_params_B"",""D_tokens_B"",""val_loss""]","[""val_loss""]",False,False,False,False,0.070542,14.68,,3.1466,,Pythia,,7000,0.070542|14.68|
B1_12,B,pythia_training_log_existing.csv,真实,fit,pythia_N_0.070542,pythia_N_0.070542,"[""N_params_B"",""D_tokens_B"",""val_loss""]","[""val_loss""]",False,False,False,False,0.070542,16.777,,3.1248,,Pythia,,8000,0.070542|16.777|
B1_13,B,pythia_training_log_existing.csv,真实,fit,pythia_N_0.070542,pythia_N_0.070542,"[""N_params_B"",""D_tokens_B"",""val_loss""]","[""val_loss""]",False,False,False,False,0.070542,18.874,,3.1064,,Pythia,,9000,0.070542|18.874|
B1_14,B,pythia_training_log_existing.csv,真实,fit,pythia_N_0.070542,pythia_N_0.070542,"[""N_params_B"",""D_tokens_B"",""val_loss""]","[""val_loss""]",False,False,False,False,0.070542,20.972,,3.0913,,Pythia,,10000,0.070542|20.972|
B1_15,B,pythia_training_log_existing.csv,真实,fit,pythia_N_0.070542,pythia_N_0.070542,"[""N_params_B"",""D_tokens_B"",""val_loss""]","[""val_loss""]",False,False,False,False,0.070542,23.069,,3.077,,Pythia,,11000,0.070542|23.069|
B1_16,B,pythia_training_log_existing.csv,真实,fit,pythia_N_0.070542,pythia_N_0.070542,"[""N_params_B"",""D_tokens_B"",""val_loss""]","[""val_loss""]",False,False,False,False,0.070542,25.166,,3.0646,,Pythia,,12000,0.070542|25.166|
B1_17,B,pythia_training_log_existing.csv,真实,fit,pythia_N_0.070542,pythia_N_0.070542,"[""N_params_B"",""D_tokens_B"",""val_loss""]","[""val_loss""]",False,False,False,False,0.070542,27.263,,3.0531,,Pythia,,13000,0.070542|27.263|
B1_18,B,pythia_training_log_existing.csv,真实,fit,pythia_N_0.070542,pythia_N_0.070542,"[""N_params_B"",""D_tokens_B"",""val_loss""]","[""val_loss""]",False,False,False,False,0.070542,29.36,,3.0432,,Pythia,,14000,0.070542|29.36|
B1_19,B,pythia_training_log_existing.csv,真实,fit,pythia_N_0.070542,pythia_N_0.070542,"[""N_params_B"",""D_tokens_B"",""val_loss""]","[""val_loss""]",False,False,False,False,0.070542,31.457,,3.0342,,Pythia,,15000,0.070542|31.457|
B1_20,B,pythia_training_log_existing.csv,真实,fit,pythia_N_0.070542,pythia_N_0.070542,"[""N_params_B"",""D_tokens_B"",""val_loss""]","[""val_loss""]",False,False,False,False,0.070542,33.554,,3.0254,,Pythia,,16000,0.070542|33.554|
B1_21,B,pythia_training_log_existing.csv,真实,fit,pythia_N_0.070542,pythia_N_0.070542,"[""N_params_B"",""D_tokens_B"",""val_loss""]","[""val_loss""]",False,False,False,False,0.070542,35.652,,3.018,,Pythia,,17000,0.070542|35.652|
B1_22,B,pythia_training_log_existing.csv,真实,fit,pythia_N_0.070542,pythia_N_0.070542,"[""N_params_B"",""D_tokens_B"",""val_loss""]","[""val_loss""]",False,False,False,False,0.070542,37.749,,3.0105,,Pythia,,18000,0.070542|37.749|
B1_23,B,pythia_training_log_existing.csv,真实,fit,pythia_N_0.070542,pythia_N_0.070542,"[""N_params_B"",""D_tokens_B"",""val_loss""]","[""val_loss""]",False,False,False,False,0.070542,39.846,,3.0039,,Pythia,,19000,0.070542|39.846|
B1_24,B,pythia_training_log_existing.csv,真实,fit,pythia_N_0.070542,pythia_N_0.070542,"[""N_params_B"",""D_tokens_B"",""val_loss""]","[""val_loss""]",False,False,False,False,0.070542,41.943,,2.9975,,Pythia,,20000,0.070542|41.943|
B1_25,B,pythia_training_log_existing.csv,真实,fit,pythia_N_0.070542,pythia_N_0.070542,"[""N_params_B"",""D_tokens_B"",""val_loss""]","[""val_loss""]",False,False,False,False,0.070542,44.04,,2.9921,,Pythia,,21000,0.070542|44.04|
B1_26,B,pythia_training_log_existing.csv,真实,fit,pythia_N_0.070542,pythia_N_0.070542,"[""N_params_B"",""D_tokens_B"",""val_loss""]","[""val_loss""]",False,False,False,False,0.070542,46.137,,2.9861,,Pythia,,22000,0.070542|46.137|
B1_27,B,pythia_training_log_existing.csv,真实,fit,pythia_N_0.070542,pythia_N_0.070542,"[""N_params_B"",""D_tokens_B"",""val_loss""]","[""val_loss""]",False,False,False,False,0.070542,48.234,,2.9807,,Pythia,,23000,0.070542|48.234|
B1_28,B,pythia_training_log_existing.csv,真实,fit,pythia_N_0.070542,pythia_N_0.070542,"[""N_params_B"",""D_tokens_B"",""val_loss""]","[""val_loss""]",False,False,False,False,0.070542,50.332,,2.9761,,Pythia,,24000,0.070542|50.332|
B1_29,B,pythia_training_log_existing.csv,真实,fit,pythia_N_0.070542,pythia_N_0.070542,"[""N_params_B"",""D_tokens_B"",""val_loss""]","[""val_loss""]",False,False,False,False,0.070542,52.429,,2.971,,Pythia,,25000,0.070542|52.429|
B1_30,B,pythia_training_log_existing.csv,真实,fit,pythia_N_0.070542,pythia_N_0.070542,"[""N_params_B"",""D_tokens_B"",""val_loss""]","[""val_loss""]",False,False,False,False,0.070542,54.526,,2.9668,,Pythia,,26000,0.070542|54.526|
B1_31,B,pythia_training_log_existing.csv,真实,fit,pythia_N_0.070542,pythia_N_0.070542,"[""N_params_B"",""D_tokens_B"",""val_loss""]","[""val_loss""]",False,False,False,False,0.070542,56.623,,2.9621,,Pythia,,27000,0.070542|56.623|
B1_32,B,pythia_training_log_existing.csv,真实,fit,pythia_N_0.070542,pythia_N_0.070542,"[""N_params_B"",""D_tokens_B"",""val_loss""]","[""val_loss""]",False,False,False,False,0.070542,58.72,,2.9582,,Pythia,,28000,0.070542|58.72|
B1_33,B,pythia_training_log_existing.csv,真实,fit,pythia_N_0.070542,pythia_N_0.070542,"[""N_params_B"",""D_tokens_B"",""val_loss""]","[""val_loss""]",False,False,False,False,0.070542,60.817,,2.9546,,Pythia,,29000,0.070542|60.817|
B1_34,B,pythia_training_log_existing.csv,真实,fit,pythia_N_0.070542,pythia_N_0.070542,"[""N_params_B"",""D_tokens_B"",""val_loss""]","[""val_loss""]",False,False,False,False,0.070542,62.915,,2.951,,Pythia,,30000,0.070542|62.915|
B1_35,B,pythia_training_log_existing.csv,真实,fit,pythia_N_0.070542,pythia_N_0.070542,"[""N_params_B"",""D_tokens_B"",""val_loss""]","[""val_loss""]",False,False,False,False,0.070542,65.012,,2.9473,,Pythia,,31000,0.070542|65.012|
B1_36,B,pythia_training_log_existing.csv,真实,fit,pythia_N_0.070542,pythia_N_0.070542,"[""N_params_B"",""D_tokens_B"",""val_loss""]","[""val_loss""]",False,False,False,False,0.070542,67.109,,2.9439,,Pythia,,32000,0.070542|67.109|
B1_37,B,pythia_training_log_existing.csv,真实,fit,pythia_N_0.070542,pythia_N_0.070542,"[""N_params_B"",""D_tokens_B"",""val_loss""]","[""val_loss""]",False,False,False,False,0.070542,69.206,,2.9406,,Pythia,,33000,0.070542|69.206|
B1_38,B,pythia_training_log_existing.csv,真实,fit,pythia_N_0.070542,pythia_N_0.070542,"[""N_params_B"",""D_tokens_B"",""val_loss""]","[""val_loss""]",False,False,False,False,0.070542,71.303,,2.9372,,Pythia,,34000,0.070542|71.303|
B1_39,B,pythia_training_log_existing.csv,真实,fit,pythia_N_0.070542,pythia_N_0.070542,"[""N_params_B"",""D_tokens_B"",""val_loss""]","[""val_loss""]",False,False,False,False,0.070542,73.4,,2.9343,,Pythia,,35000,0.070542|73.4|
B1_40,B,pythia_training_log_existing.csv,真实,fit,pythia_N_0.070542,pythia_N_0.070542,"[""N_params_B"",""D_tokens_B"",""val_loss""]","[""val_loss""]",False,False,False,False,0.070542,75.497,,2.9314,,Pythia,,36000,0.070542|75.497|
B1_41,B,pythia_training_log_existing.csv,真实,fit,pythia_N_0.070542,pythia_N_0.070542,"[""N_params_B"",""D_tokens_B"",""val_loss""]","[""val_loss""]",False,False,False,False,0.070542,77.595,,2.9289,,Pythia,,37000,0.070542|77.595|
B1_42,B,pythia_training_log_existing.csv,真实,fit,pythia_N_0.070542,pythia_N_0.070542,"[""N_params_B"",""D_tokens_B"",""val_loss""]","[""val_loss""]",False,False,False,False,0.070542,79.692,,2.926,,Pythia,,38000,0.070542|79.692|
B1_43,B,pythia_training_log_existing.csv,真实,fit,pythia_N_0.070542,pythia_N_0.070542,"[""N_params_B"",""D_tokens_B"",""val_loss""]","[""val_loss""]",False,False,False,False,0.070542,81.789,,2.923,,Pythia,,39000,0.070542|81.789|
B1_44,B,pythia_training_log_existing.csv,真实,fit,pythia_N_0.070542,pythia_N_0.070542,"[""N_params_B"",""D_tokens_B"",""val_loss""]","[""val_loss""]",False,False,False,False,0.070542,83.886,,2.9208,,Pythia,,40000,0.070542|83.886|
B1_45,B,pythia_training_log_existing.csv,真实,fit,pythia_N_0.070542,pythia_N_0.070542,"[""N_params_B"",""D_tokens_B"",""val_loss""]","[""val_loss""]",False,False,False,False,0.070542,85.983,,2.9182,,Pythia,,41000,0.070542|85.983|
B1_46,B,pythia_training_log_existing.csv,真实,fit,pythia_N_0.070542,pythia_N_0.070542,"[""N_params_B"",""D_tokens_B"",""val_loss""]","[""val_loss""]",False,False,False,False,0.070542,88.08,,2.9158,,Pythia,,42000,0.070542|88.08|
B1_47,B,pythia_training_log_existing.csv,真实,fit,pythia_N_0.070542,pythia_N_0.070542,"[""N_params_B"",""D_tokens_B"",""val_loss""]","[""val_loss""]",False,False,False,False,0.070542,90.178,,2.9137,,Pythia,,43000,0.070542|90.178|
B1_48,B,pythia_training_log_existing.csv,真实,fit,pythia_N_0.070542,pythia_N_0.070542,"[""N_params_B"",""D_tokens_B"",""val_loss""]","[""val_loss""]",False,False,False,False,0.070542,92.275,,2.9115,,Pythia,,44000,0.070542|92.275|
B1_49,B,pythia_training_log_existing.csv,真实,fit,pythia_N_0.070542,pythia_N_0.070542,"[""N_params_B"",""D_tokens_B"",""val_loss""]","[""val_loss""]",False,False,False,False,0.070542,94.372,,2.9093,,Pythia,,45000,0.070542|94.372|
B1_50,B,pythia_training_log_existing.csv,真实,fit,pythia_N_0.070542,pythia_N_0.070542,"[""N_params_B"",""D_tokens_B"",""val_loss""]","[""val_loss""]",False,False,False,False,0.070542,96.469,,2.9068,,Pythia,,46000,0.070542|96.469|
B1_51,B,pythia_training_log_existing.csv,真实,fit,pythia_N_0.070542,pythia_N_0.070542,"[""N_params_B"",""D_tokens_B"",""val_loss""]","[""val_loss""]",False,False,False,False,0.070542,98.566,,2.9049,,Pythia,,47000,0.070542|98.566|
B1_52,B,pythia_training_log_existing.csv,真实,fit,pythia_N_0.070542,pythia_N_0.070542,"[""N_params_B"",""D_tokens_B"",""val_loss""]","[""val_loss""]",False,False,False,False,0.070542,100.663,,2.903,,Pythia,,48000,0.070542|100.663|
B1_53,B,pythia_training_log_existing.csv,真实,fit,pythia_N_0.070542,pythia_N_0.070542,"[""N_params_B"",""D_tokens_B"",""val_loss""]","[""val_loss""]",False,False,False,False,0.070542,102.76,,2.9011,,Pythia,,49000,0.070542|102.76|
B1_54,B,pythia_training_log_existing.csv,真实,fit,pythia_N_0.070542,pythia_N_0.070542,"[""N_params_B"",""D_tokens_B"",""val_loss""]","[""val_loss""]",False,False,False,False,0.070542,104.858,,2.8989,,Pythia,,50000,0.070542|104.858|
B1_55,B,pythia_training_log_existing.csv,真实,fit,pythia_N_0.070542,pythia_N_0.070542,"[""N_params_B"",""D_tokens_B"",""val_loss""]","[""val_loss""]",False,False,False,False,0.070542,106.955,,2.8971,,Pythia,,51000,0.070542|106.955|
B1_56,B,pythia_training_log_existing.csv,真实,fit,pythia_N_0.070542,pythia_N_0.070542,"[""N_params_B"",""D_tokens_B"",""val_loss""]","[""val_loss""]",False,False,False,False,0.070542,109.052,,2.8951,,Pythia,,52000,0.070542|109.052|
B1_57,B,pythia_training_log_existing.csv,真实,fit,pythia_N_0.070542,pythia_N_0.070542,"[""N_params_B"",""D_tokens_B"",""val_loss""]","[""val_loss""]",False,False,False,False,0.070542,111.149,,2.8933,,Pythia,,53000,0.070542|111.149|
B1_58,B,pythia_training_log_existing.csv,真实,fit,pythia_N_0.070542,pythia_N_0.070542,"[""N_params_B"",""D_tokens_B"",""val_loss""]","[""val_loss""]",False,False,False,False,0.070542,113.246,,2.892,,Pythia,,54000,0.070542|113.246|
B1_59,B,pythia_training_log_existing.csv,真实,fit,pythia_N_0.070542,pythia_N_0.070542,"[""N_params_B"",""D_tokens_B"",""val_loss""]","[""val_loss""]",False,False,False,False,0.070542,115.343,,2.8904,,Pythia,,55000,0.070542|115.343|
B1_60,B,pythia_training_log_existing.csv,真实,fit,pythia_N_0.070542,pythia_N_0.070542,"[""N_params_B"",""D_tokens_B"",""val_loss""]","[""val_loss""]",False,False,False,False,0.070542,117.441,,2.8885,,Pythia,,56000,0.070542|117.441|
B1_61,B,pythia_training_log_existing.csv,真实,fit,pythia_N_0.070542,pythia_N_0.070542,"[""N_params_B"",""D_tokens_B"",""val_loss""]","[""val_loss""]",False,False,False,False,0.070542,119.538,,2.8871,,Pythia,,57000,0.070542|119.538|
B1_62,B,pythia_training_log_existing.csv,真实,fit,pythia_N_0.070542,pythia_N_0.070542,"[""N_params_B"",""D_tokens_B"",""val_loss""]","[""val_loss""]",False,False,False,False,0.070542,121.635,,2.8854,,Pythia,,58000,0.070542|121.635|
B1_63,B,pythia_training_log_existing.csv,真实,fit,pythia_N_0.070542,pythia_N_0.070542,"[""N_params_B"",""D_tokens_B"",""val_loss""]","[""val_loss""]",False,False,False,False,0.070542,123.732,,2.8836,,Pythia,,59000,0.070542|123.732|
B1_64,B,pythia_training_log_existing.csv,真实,fit,pythia_N_0.070542,pythia_N_0.070542,"[""N_params_B"",""D_tokens_B"",""val_loss""]","[""val_loss""]",False,False,False,False,0.070542,125.829,,2.8823,,Pythia,,60000,0.070542|125.829|
B1_65,B,pythia_training_log_existing.csv,真实,fit,pythia_N_0.070542,pythia_N_0.070542,"[""N_params_B"",""D_tokens_B"",""val_loss""]","[""val_loss""]",False,False,False,False,0.070542,127.926,,2.8811,,Pythia,,61000,0.070542|127.926|
B1_66,B,pythia_training_log_existing.csv,真实,fit,pythia_N_0.070542,pythia_N_0.070542,"[""N_params_B"",""D_tokens_B"",""val_loss""]","[""val_loss""]",False,False,False,False,0.070542,130.023,,2.8793,,Pythia,,62000,0.070542|130.023|
B1_67,B,pythia_training_log_existing.csv,真实,fit,pythia_N_0.070542,pythia_N_0.070542,"[""N_params_B"",""D_tokens_B"",""val_loss""]","[""val_loss""]",False,False,False,False,0.070542,132.121,,2.8782,,Pythia,,63000,0.070542|132.121|
B1_68,B,pythia_training_log_existing.csv,真实,fit,pythia_N_0.070542,pythia_N_0.070542,"[""N_params_B"",""D_tokens_B"",""val_loss""]","[""val_loss""]",False,False,False,False,0.070542,134.218,,2.876,,Pythia,,64000,0.070542|134.218|
B1_69,B,pythia_training_log_existing.csv,真实,fit,pythia_N_0.070542,pythia_N_0.070542,"[""N_params_B"",""D_tokens_B"",""val_loss""]","[""val_loss""]",False,False,False,False,0.070542,136.315,,2.8753,,Pythia,,65000,0.070542|136.315|
B1_70,B,pythia_training_log_existing.csv,真实,fit,pythia_N_0.070542,pythia_N_0.070542,"[""N_params_B"",""D_tokens_B"",""val_loss""]","[""val_loss""]",False,False,False,False,0.070542,138.412,,2.8738,,Pythia,,66000,0.070542|138.412|
B1_71,B,pythia_training_log_existing.csv,真实,fit,pythia_N_0.070542,pythia_N_0.070542,"[""N_params_B"",""D_tokens_B"",""val_loss""]","[""val_loss""]",False,False,False,False,0.070542,140.509,,2.8724,,Pythia,,67000,0.070542|140.509|
B1_72,B,pythia_training_log_existing.csv,真实,fit,pythia_N_0.070542,pythia_N_0.070542,"[""N_params_B"",""D_tokens_B"",""val_loss""]","[""val_loss""]",False,False,False,False,0.070542,142.606,,2.8712,,Pythia,,68000,0.070542|142.606|
B1_73,B,pythia_training_log_existing.csv,真实,fit,pythia_N_0.070542,pythia_N_0.070542,"[""N_params_B"",""D_tokens_B"",""val_loss""]","[""val_loss""]",False,False,False,False,0.070542,144.703,,2.8696,,Pythia,,69000,0.070542|144.703|
B1_74,B,pythia_training_log_existing.csv,真实,fit,pythia_N_0.070542,pythia_N_0.070542,"[""N_params_B"",""D_tokens_B"",""val_loss""]","[""val_loss""]",False,False,False,False,0.070542,146.801,,2.8687,,Pythia,,70000,0.070542|146.801|
B1_75,B,pythia_training_log_existing.csv,真实,fit,pythia_N_0.070542,pythia_N_0.070542,"[""N_params_B"",""D_tokens_B"",""val_loss""]","[""val_loss""]",False,False,False,False,0.070542,148.898,,2.8676,,Pythia,,71000,0.070542|148.898|
B1_76,B,pythia_training_log_existing.csv,真实,fit,pythia_N_0.070542,pythia_N_0.070542,"[""N_params_B"",""D_tokens_B"",""val_loss""]","[""val_loss""]",False,False,False,False,0.070542,150.995,,2.8666,,Pythia,,72000,0.070542|150.995|
B1_77,B,pythia_training_log_existing.csv,真实,fit,pythia_N_0.070542,pythia_N_0.070542,"[""N_params_B"",""D_tokens_B"",""val_loss""]","[""val_loss""]",False,False,False,False,0.070542,153.092,,2.865,,Pythia,,73000,0.070542|153.092|
B1_78,B,pythia_training_log_existing.csv,真实,fit,pythia_N_0.070542,pythia_N_0.070542,"[""N_params_B"",""D_tokens_B"",""val_loss""]","[""val_loss""]",False,False,False,False,0.070542,155.189,,2.8638,,Pythia,,74000,0.070542|155.189|
B1_79,B,pythia_training_log_existing.csv,真实,fit,pythia_N_0.070542,pythia_N_0.070542,"[""N_params_B"",""D_tokens_B"",""val_loss""]","[""val_loss""]",False,False,False,False,0.070542,157.286,,2.8628,,Pythia,,75000,0.070542|157.286|
B1_80,B,pythia_training_log_existing.csv,真实,fit,pythia_N_0.070542,pythia_N_0.070542,"[""N_params_B"",""D_tokens_B"",""val_loss""]","[""val_loss""]",False,False,False,False,0.070542,159.384,,2.8619,,Pythia,,76000,0.070542|159.384|
B1_81,B,pythia_training_log_existing.csv,真实,fit,pythia_N_0.070542,pythia_N_0.070542,"[""N_params_B"",""D_tokens_B"",""val_loss""]","[""val_loss""]",False,False,False,False,0.070542,161.481,,2.8607,,Pythia,,77000,0.070542|161.481|
B1_82,B,pythia_training_log_existing.csv,真实,fit,pythia_N_0.070542,pythia_N_0.070542,"[""N_params_B"",""D_tokens_B"",""val_loss""]","[""val_loss""]",False,False,False,False,0.070542,163.578,,2.8595,,Pythia,,78000,0.070542|163.578|
B1_83,B,pythia_training_log_existing.csv,真实,fit,pythia_N_0.070542,pythia_N_0.070542,"[""N_params_B"",""D_tokens_B"",""val_loss""]","[""val_loss""]",False,False,False,False,0.070542,165.675,,2.8586,,Pythia,,79000,0.070542|165.675|
B1_84,B,pythia_training_log_existing.csv,真实,fit,pythia_N_0.070542,pythia_N_0.070542,"[""N_params_B"",""D_tokens_B"",""val_loss""]","[""val_loss""]",False,False,False,False,0.070542,167.772,,2.8575,,Pythia,,80000,0.070542|167.772|
B1_85,B,pythia_training_log_existing.csv,真实,fit,pythia_N_0.070542,pythia_N_0.070542,"[""N_params_B"",""D_tokens_B"",""val_loss""]","[""val_loss""]",False,False,False,False,0.070542,169.869,,2.8566,,Pythia,,81000,0.070542|169.869|
B1_86,B,pythia_training_log_existing.csv,真实,fit,pythia_N_0.070542,pythia_N_0.070542,"[""N_params_B"",""D_tokens_B"",""val_loss""]","[""val_loss""]",False,False,False,False,0.070542,171.966,,2.8553,,Pythia,,82000,0.070542|171.966|
B1_87,B,pythia_training_log_existing.csv,真实,fit,pythia_N_0.070542,pythia_N_0.070542,"[""N_params_B"",""D_tokens_B"",""val_loss""]","[""val_loss""]",False,False,False,False,0.070542,174.064,,2.8544,,Pythia,,83000,0.070542|174.064|
B1_88,B,pythia_training_log_existing.csv,真实,fit,pythia_N_0.070542,pythia_N_0.070542,"[""N_params_B"",""D_tokens_B"",""val_loss""]","[""val_loss""]",False,False,False,False,0.070542,176.161,,2.8534,,Pythia,,84000,0.070542|176.161|
B1_89,B,pythia_training_log_existing.csv,真实,fit,pythia_N_0.070542,pythia_N_0.070542,"[""N_params_B"",""D_tokens_B"",""val_loss""]","[""val_loss""]",False,False,False,False,0.070542,178.258,,2.8522,,Pythia,,85000,0.070542|178.258|
B1_90,B,pythia_training_log_existing.csv,真实,fit,pythia_N_0.070542,pythia_N_0.070542,"[""N_params_B"",""D_tokens_B"",""val_loss""]","[""val_loss""]",False,False,False,False,0.070542,180.355,,2.8516,,Pythia,,86000,0.070542|180.355|
B1_91,B,pythia_training_log_existing.csv,真实,fit,pythia_N_0.070542,pythia_N_0.070542,"[""N_params_B"",""D_tokens_B"",""val_loss""]","[""val_loss""]",False,False,False,False,0.070542,182.452,,2.8506,,Pythia,,87000,0.070542|182.452|
B1_92,B,pythia_training_log_existing.csv,真实,fit,pythia_N_0.070542,pythia_N_0.070542,"[""N_params_B"",""D_tokens_B"",""val_loss""]","[""val_loss""]",False,False,False,False,0.070542,184.549,,2.8497,,Pythia,,88000,0.070542|184.549|
B1_93,B,pythia_training_log_existing.csv,真实,fit,pythia_N_0.070542,pythia_N_0.070542,"[""N_params_B"",""D_tokens_B"",""val_loss""]","[""val_loss""]",False,False,False,False,0.070542,186.647,,2.8487,,Pythia,,89000,0.070542|186.647|
B1_94,B,pythia_training_log_existing.csv,真实,fit,pythia_N_0.070542,pythia_N_0.070542,"[""N_params_B"",""D_tokens_B"",""val_loss""]","[""val_loss""]",False,False,False,False,0.070542,188.744,,2.8476,,Pythia,,90000,0.070542|188.744|
B1_95,B,pythia_training_log_existing.csv,真实,fit,pythia_N_0.070542,pythia_N_0.070542,"[""N_params_B"",""D_tokens_B"",""val_loss""]","[""val_loss""]",False,False,False,False,0.070542,190.841,,2.8469,,Pythia,,91000,0.070542|190.841|
B1_96,B,pythia_training_log_existing.csv,真实,fit,pythia_N_0.070542,pythia_N_0.070542,"[""N_params_B"",""D_tokens_B"",""val_loss""]","[""val_loss""]",False,False,False,False,0.070542,192.938,,2.8461,,Pythia,,92000,0.070542|192.938|
B1_97,B,pythia_training_log_existing.csv,真实,fit,pythia_N_0.070542,pythia_N_0.070542,"[""N_params_B"",""D_tokens_B"",""val_loss""]","[""val_loss""]",False,False,False,False,0.070542,195.035,,2.8451,,Pythia,,93000,0.070542|195.035|
B1_98,B,pythia_training_log_existing.csv,真实,fit,pythia_N_0.070542,pythia_N_0.070542,"[""N_params_B"",""D_tokens_B"",""val_loss""]","[""val_loss""]",False,False,False,False,0.070542,197.132,,2.8444,,Pythia,,94000,0.070542|197.132|
B1_99,B,pythia_training_log_existing.csv,真实,fit,pythia_N_0.070542,pythia_N_0.070542,"[""N_params_B"",""D_tokens_B"",""val_loss""]","[""val_loss""]",False,False,False,False,0.070542,199.229,,2.8436,,Pythia,,95000,0.070542|199.229|
B1_100,B,pythia_training_log_existing.csv,真实,fit,pythia_N_0.070542,pythia_N_0.070542,"[""N_params_B"",""D_tokens_B"",""val_loss""]","[""val_loss""]",False,False,False,False,0.070542,201.327,,2.8431,,Pythia,,96000,0.070542|201.327|
B1_101,B,pythia_training_log_existing.csv,真实,fit,pythia_N_0.070542,pythia_N_0.070542,"[""N_params_B"",""D_tokens_B"",""val_loss""]","[""val_loss""]",False,False,False,False,0.070542,203.424,,2.842,,Pythia,,97000,0.070542|203.424|
B1_102,B,pythia_training_log_existing.csv,真实,fit,pythia_N_0.070542,pythia_N_0.070542,"[""N_params_B"",""D_tokens_B"",""val_loss""]","[""val_loss""]",False,False,False,False,0.070542,205.521,,2.8412,,Pythia,,98000,0.070542|205.521|
B1_103,B,pythia_training_log_existing.csv,真实,fit,pythia_N_0.070542,pythia_N_0.070542,"[""N_params_B"",""D_tokens_B"",""val_loss""]","[""val_loss""]",False,False,False,False,0.070542,207.618,,2.8403,,Pythia,,99000,0.070542|207.618|
B1_104,B,pythia_training_log_existing.csv,真实,fit,pythia_N_0.070542,pythia_N_0.070542,"[""N_params_B"",""D_tokens_B"",""val_loss""]","[""val_loss""]",False,False,False,False,0.070542,209.715,,2.8392,,Pythia,,100000,0.070542|209.715|
B1_105,B,pythia_training_log_existing.csv,真实,fit,pythia_N_0.070542,pythia_N_0.070542,"[""N_params_B"",""D_tokens_B"",""val_loss""]","[""val_loss""]",False,False,False,False,0.070542,211.812,,2.8388,,Pythia,,101000,0.070542|211.812|
B1_106,B,pythia_training_log_existing.csv,真实,fit,pythia_N_0.070542,pythia_N_0.070542,"[""N_params_B"",""D_tokens_B"",""val_loss""]","[""val_loss""]",False,False,False,False,0.070542,213.91,,2.838,,Pythia,,102000,0.070542|213.91|
B1_107,B,pythia_training_log_existing.csv,真实,fit,pythia_N_0.070542,pythia_N_0.070542,"[""N_params_B"",""D_tokens_B"",""val_loss""]","[""val_loss""]",False,False,False,False,0.070542,216.007,,2.8377,,Pythia,,103000,0.070542|216.007|
B1_108,B,pythia_training_log_existing.csv,真实,fit,pythia_N_0.070542,pythia_N_0.070542,"[""N_params_B"",""D_tokens_B"",""val_loss""]","[""val_loss""]",False,False,False,False,0.070542,218.104,,2.8365,,Pythia,,104000,0.070542|218.104|
B1_109,B,pythia_training_log_existing.csv,真实,fit,pythia_N_0.070542,pythia_N_0.070542,"[""N_params_B"",""D_tokens_B"",""val_loss""]","[""val_loss""]",False,False,False,False,0.070542,220.201,,2.8358,,Pythia,,105000,0.070542|220.201|
B1_110,B,pythia_training_log_existing.csv,真实,fit,pythia_N_0.070542,pythia_N_0.070542,"[""N_params_B"",""D_tokens_B"",""val_loss""]","[""val_loss""]",False,False,False,False,0.070542,222.298,,2.8351,,Pythia,,106000,0.070542|222.298|
B1_111,B,pythia_training_log_existing.csv,真实,fit,pythia_N_0.070542,pythia_N_0.070542,"[""N_params_B"",""D_tokens_B"",""val_loss""]","[""val_loss""]",False,False,False,False,0.070542,224.395,,2.8341,,Pythia,,107000,0.070542|224.395|
B1_112,B,pythia_training_log_existing.csv,真实,fit,pythia_N_0.070542,pythia_N_0.070542,"[""N_params_B"",""D_tokens_B"",""val_loss""]","[""val_loss""]",False,False,False,False,0.070542,226.492,,2.8338,,Pythia,,108000,0.070542|226.492|
B1_113,B,pythia_training_log_existing.csv,真实,fit,pythia_N_0.070542,pythia_N_0.070542,"[""N_params_B"",""D_tokens_B"",""val_loss""]","[""val_loss""]",False,False,False,False,0.070542,228.59,,2.8331,,Pythia,,109000,0.070542|228.59|
B1_114,B,pythia_training_log_existing.csv,真实,fit,pythia_N_0.070542,pythia_N_0.070542,"[""N_params_B"",""D_tokens_B"",""val_loss""]","[""val_loss""]",False,False,False,False,0.070542,230.687,,2.8324,,Pythia,,110000,0.070542|230.687|
B1_115,B,pythia_training_log_existing.csv,真实,fit,pythia_N_0.070542,pythia_N_0.070542,"[""N_params_B"",""D_tokens_B"",""val_loss""]","[""val_loss""]",False,False,False,False,0.070542,232.784,,2.8314,,Pythia,,111000,0.070542|232.784|
B1_116,B,pythia_training_log_existing.csv,真实,fit,pythia_N_0.070542,pythia_N_0.070542,"[""N_params_B"",""D_tokens_B"",""val_loss""]","[""val_loss""]",False,False,False,False,0.070542,234.881,,2.8311,,Pythia,,112000,0.070542|234.881|
B1_117,B,pythia_training_log_existing.csv,真实,fit,pythia_N_0.070542,pythia_N_0.070542,"[""N_params_B"",""D_tokens_B"",""val_loss""]","[""val_loss""]",False,False,False,False,0.070542,236.978,,2.83,,Pythia,,113000,0.070542|236.978|
B1_118,B,pythia_training_log_existing.csv,真实,fit,pythia_N_0.070542,pythia_N_0.070542,"[""N_params_B"",""D_tokens_B"",""val_loss""]","[""val_loss""]",False,False,False,False,0.070542,239.075,,2.8297,,Pythia,,114000,0.070542|239.075|
B1_119,B,pythia_training_log_existing.csv,真实,fit,pythia_N_0.070542,pythia_N_0.070542,"[""N_params_B"",""D_tokens_B"",""val_loss""]","[""val_loss""]",False,False,False,False,0.070542,241.172,,2.8293,,Pythia,,115000,0.070542|241.172|
B1_120,B,pythia_training_log_existing.csv,真实,fit,pythia_N_0.070542,pythia_N_0.070542,"[""N_params_B"",""D_tokens_B"",""val_loss""]","[""val_loss""]",False,False,False,False,0.070542,243.27,,2.8281,,Pythia,,116000,0.070542|243.27|
B1_121,B,pythia_training_log_existing.csv,真实,fit,pythia_N_0.070542,pythia_N_0.070542,"[""N_params_B"",""D_tokens_B"",""val_loss""]","[""val_loss""]",False,False,False,False,0.070542,245.367,,2.8275,,Pythia,,117000,0.070542|245.367|
B1_122,B,pythia_training_log_existing.csv,真实,fit,pythia_N_0.070542,pythia_N_0.070542,"[""N_params_B"",""D_tokens_B"",""val_loss""]","[""val_loss""]",False,False,False,False,0.070542,247.464,,2.827,,Pythia,,118000,0.070542|247.464|
B1_123,B,pythia_training_log_existing.csv,真实,fit,pythia_N_0.070542,pythia_N_0.070542,"[""N_params_B"",""D_tokens_B"",""val_loss""]","[""val_loss""]",False,False,False,False,0.070542,249.561,,2.8263,,Pythia,,119000,0.070542|249.561|
B1_124,B,pythia_training_log_existing.csv,真实,fit,pythia_N_0.070542,pythia_N_0.070542,"[""N_params_B"",""D_tokens_B"",""val_loss""]","[""val_loss""]",False,False,False,False,0.070542,251.658,,2.8255,,Pythia,,120000,0.070542|251.658|
B1_125,B,pythia_training_log_existing.csv,真实,fit,pythia_N_0.070542,pythia_N_0.070542,"[""N_params_B"",""D_tokens_B"",""val_loss""]","[""val_loss""]",False,False,False,False,0.070542,253.755,,2.8251,,Pythia,,121000,0.070542|253.755|
B1_126,B,pythia_training_log_existing.csv,真实,fit,pythia_N_0.070542,pythia_N_0.070542,"[""N_params_B"",""D_tokens_B"",""val_loss""]","[""val_loss""]",False,False,False,False,0.070542,255.853,,2.8243,,Pythia,,122000,0.070542|255.853|
B1_127,B,pythia_training_log_existing.csv,真实,fit,pythia_N_0.070542,pythia_N_0.070542,"[""N_params_B"",""D_tokens_B"",""val_loss""]","[""val_loss""]",False,False,False,False,0.070542,257.95,,2.824,,Pythia,,123000,0.070542|257.95|
B1_128,B,pythia_training_log_existing.csv,真实,fit,pythia_N_0.070542,pythia_N_0.070542,"[""N_params_B"",""D_tokens_B"",""val_loss""]","[""val_loss""]",False,False,False,False,0.070542,260.047,,2.8232,,Pythia,,124000,0.070542|260.047|
B1_129,B,pythia_training_log_existing.csv,真实,fit,pythia_N_0.070542,pythia_N_0.070542,"[""N_params_B"",""D_tokens_B"",""val_loss""]","[""val_loss""]",False,False,False,False,0.070542,262.144,,2.823,,Pythia,,125000,0.070542|262.144|
B1_130,B,pythia_training_log_existing.csv,真实,fit,pythia_N_0.070542,pythia_N_0.070542,"[""N_params_B"",""D_tokens_B"",""val_loss""]","[""val_loss""]",False,False,False,False,0.070542,264.241,,2.822,,Pythia,,126000,0.070542|264.241|
B1_131,B,pythia_training_log_existing.csv,真实,fit,pythia_N_0.070542,pythia_N_0.070542,"[""N_params_B"",""D_tokens_B"",""val_loss""]","[""val_loss""]",False,False,False,False,0.070542,266.338,,2.8215,,Pythia,,127000,0.070542|266.338|
B1_132,B,pythia_training_log_existing.csv,真实,fit,pythia_N_0.070542,pythia_N_0.070542,"[""N_params_B"",""D_tokens_B"",""val_loss""]","[""val_loss""]",False,False,False,False,0.070542,268.435,,2.8212,,Pythia,,128000,0.070542|268.435|
B1_133,B,pythia_training_log_existing.csv,真实,fit,pythia_N_0.070542,pythia_N_0.070542,"[""N_params_B"",""D_tokens_B"",""val_loss""]","[""val_loss""]",False,False,False,False,0.070542,270.533,,2.8202,,Pythia,,129000,0.070542|270.533|
B1_134,B,pythia_training_log_existing.csv,真实,fit,pythia_N_0.070542,pythia_N_0.070542,"[""N_params_B"",""D_tokens_B"",""val_loss""]","[""val_loss""]",False,False,False,False,0.070542,272.63,,2.8199,,Pythia,,130000,0.070542|272.63|
B1_135,B,pythia_training_log_existing.csv,真实,fit,pythia_N_0.070542,pythia_N_0.070542,"[""N_params_B"",""D_tokens_B"",""val_loss""]","[""val_loss""]",False,False,False,False,0.070542,274.727,,2.8196,,Pythia,,131000,0.070542|274.727|
B1_136,B,pythia_training_log_existing.csv,真实,fit,pythia_N_0.070542,pythia_N_0.070542,"[""N_params_B"",""D_tokens_B"",""val_loss""]","[""val_loss""]",False,False,False,False,0.070542,276.824,,2.8185,,Pythia,,132000,0.070542|276.824|
B1_137,B,pythia_training_log_existing.csv,真实,fit,pythia_N_0.070542,pythia_N_0.070542,"[""N_params_B"",""D_tokens_B"",""val_loss""]","[""val_loss""]",False,False,False,False,0.070542,278.921,,2.8183,,Pythia,,133000,0.070542|278.921|
B1_138,B,pythia_training_log_existing.csv,真实,fit,pythia_N_0.070542,pythia_N_0.070542,"[""N_params_B"",""D_tokens_B"",""val_loss""]","[""val_loss""]",False,False,False,False,0.070542,281.018,,2.8178,,Pythia,,134000,0.070542|281.018|
B1_139,B,pythia_training_log_existing.csv,真实,fit,pythia_N_0.070542,pythia_N_0.070542,"[""N_params_B"",""D_tokens_B"",""val_loss""]","[""val_loss""]",False,False,False,False,0.070542,283.116,,2.8173,,Pythia,,135000,0.070542|283.116|
B1_140,B,pythia_training_log_existing.csv,真实,fit,pythia_N_0.070542,pythia_N_0.070542,"[""N_params_B"",""D_tokens_B"",""val_loss""]","[""val_loss""]",False,False,False,False,0.070542,285.213,,2.8164,,Pythia,,136000,0.070542|285.213|
B1_141,B,pythia_training_log_existing.csv,真实,fit,pythia_N_0.070542,pythia_N_0.070542,"[""N_params_B"",""D_tokens_B"",""val_loss""]","[""val_loss""]",False,False,False,False,0.070542,287.31,,2.8159,,Pythia,,137000,0.070542|287.31|
B1_142,B,pythia_training_log_existing.csv,真实,fit,pythia_N_0.070542,pythia_N_0.070542,"[""N_params_B"",""D_tokens_B"",""val_loss""]","[""val_loss""]",False,False,False,False,0.070542,289.407,,2.8157,,Pythia,,138000,0.070542|289.407|
B1_143,B,pythia_training_log_existing.csv,真实,fit,pythia_N_0.070542,pythia_N_0.070542,"[""N_params_B"",""D_tokens_B"",""val_loss""]","[""val_loss""]",False,False,False,False,0.070542,291.504,,2.8152,,Pythia,,139000,0.070542|291.504|
B1_144,B,pythia_training_log_existing.csv,真实,fit,pythia_N_0.070542,pythia_N_0.070542,"[""N_params_B"",""D_tokens_B"",""val_loss""]","[""val_loss""]",False,False,False,False,0.070542,293.601,,2.8146,,Pythia,,140000,0.070542|293.601|
B1_145,B,pythia_training_log_existing.csv,真实,fit,pythia_N_0.070542,pythia_N_0.070542,"[""N_params_B"",""D_tokens_B"",""val_loss""]","[""val_loss""]",False,False,False,False,0.070542,295.698,,2.8142,,Pythia,,141000,0.070542|295.698|
B1_146,B,pythia_training_log_existing.csv,真实,fit,pythia_N_0.070542,pythia_N_0.070542,"[""N_params_B"",""D_tokens_B"",""val_loss""]","[""val_loss""]",False,False,False,False,0.070542,297.796,,2.8135,,Pythia,,142000,0.070542|297.796|
B1_147,B,pythia_training_log_existing.csv,真实,fit,pythia_N_0.070542,pythia_N_0.070542,"[""N_params_B"",""D_tokens_B"",""val_loss""]","[""val_loss""]",False,False,False,False,0.070542,299.893,,2.8131,,Pythia,,143000,0.070542|299.893|
B1_148,B,pythia_training_log_existing.csv,真实,fit,pythia_N_0.162405,pythia_N_0.162405,"[""N_params_B"",""D_tokens_B"",""val_loss""]","[""val_loss""]",False,False,False,False,0.162405,0.134,,4.5235,,Pythia,,64,0.162405|0.134|
B1_149,B,pythia_training_log_existing.csv,真实,fit,pythia_N_0.162405,pythia_N_0.162405,"[""N_params_B"",""D_tokens_B"",""val_loss""]","[""val_loss""]",False,False,False,False,0.162405,0.268,,4.1397,,Pythia,,128,0.162405|0.268|
B1_150,B,pythia_training_log_existing.csv,真实,fit,pythia_N_0.162405,pythia_N_0.162405,"[""N_params_B"",""D_tokens_B"",""val_loss""]","[""val_loss""]",False,False,False,False,0.162405,0.537,,3.8226,,Pythia,,256,0.162405|0.537|
B1_151,B,pythia_training_log_existing.csv,真实,fit,pythia_N_0.162405,pythia_N_0.162405,"[""N_params_B"",""D_tokens_B"",""val_loss""]","[""val_loss""]",False,False,False,False,0.162405,1.074,,3.5629,,Pythia,,512,0.162405|1.074|
B1_152,B,pythia_training_log_existing.csv,真实,fit,pythia_N_0.162405,pythia_N_0.162405,"[""N_params_B"",""D_tokens_B"",""val_loss""]","[""val_loss""]",False,False,False,False,0.162405,2.097,,3.3548,,Pythia,,1000,0.162405|2.097|
B1_153,B,pythia_training_log_existing.csv,真实,fit,pythia_N_0.162405,pythia_N_0.162405,"[""N_params_B"",""D_tokens_B"",""val_loss""]","[""val_loss""]",False,False,False,False,0.162405,4.194,,3.1771,,Pythia,,2000,0.162405|4.194|
B1_154,B,pythia_training_log_existing.csv,真实,fit,pythia_N_0.162405,pythia_N_0.162405,"[""N_params_B"",""D_tokens_B"",""val_loss""]","[""val_loss""]",False,False,False,False,0.162405,6.291,,3.0883,,Pythia,,3000,0.162405|6.291|
B1_155,B,pythia_training_log_existing.csv,真实,fit,pythia_N_0.162405,pythia_N_0.162405,"[""N_params_B"",""D_tokens_B"",""val_loss""]","[""val_loss""]",False,False,False,False,0.162405,8.389,,3.0304,,Pythia,,4000,0.162405|8.389|
B1_156,B,pythia_training_log_existing.csv,真实,fit,pythia_N_0.162405,pythia_N_0.162405,"[""N_params_B"",""D_tokens_B"",""val_loss""]","[""val_loss""]",False,False,False,False,0.162405,10.486,,2.9888,,Pythia,,5000,0.162405|10.486|
B1_157,B,pythia_training_log_existing.csv,真实,fit,pythia_N_0.162405,pythia_N_0.162405,"[""N_params_B"",""D_tokens_B"",""val_loss""]","[""val_loss""]",False,False,False,False,0.162405,12.583,,2.9568,,Pythia,,6000,0.162405|12.583|
B1_158,B,pythia_training_log_existing.csv,真实,fit,pythia_N_0.162405,pythia_N_0.162405,"[""N_params_B"",""D_tokens_B"",""val_loss""]","[""val_loss""]",False,False,False,False,0.162405,14.68,,2.9311,,Pythia,,7000,0.162405|14.68|
B1_159,B,pythia_training_log_existing.csv,真实,fit,pythia_N_0.162405,pythia_N_0.162405,"[""N_params_B"",""D_tokens_B"",""val_loss""]","[""val_loss""]",False,False,False,False,0.162405,16.777,,2.9098,,Pythia,,8000,0.162405|16.777|
B1_160,B,pythia_training_log_existing.csv,真实,fit,pythia_N_0.162405,pythia_N_0.162405,"[""N_params_B"",""D_tokens_B"",""val_loss""]","[""val_loss""]",False,False,False,False,0.162405,18.874,,2.8916,,Pythia,,9000,0.162405|18.874|
B1_161,B,pythia_training_log_existing.csv,真实,fit,pythia_N_0.162405,pythia_N_0.162405,"[""N_params_B"",""D_tokens_B"",""val_loss""]","[""val_loss""]",False,False,False,False,0.162405,20.972,,2.8757,,Pythia,,10000,0.162405|20.972|
B1_162,B,pythia_training_log_existing.csv,真实,fit,pythia_N_0.162405,pythia_N_0.162405,"[""N_params_B"",""D_tokens_B"",""val_loss""]","[""val_loss""]",False,False,False,False,0.162405,23.069,,2.8619,,Pythia,,11000,0.162405|23.069|
B1_163,B,pythia_training_log_existing.csv,真实,fit,pythia_N_0.162405,pythia_N_0.162405,"[""N_params_B"",""D_tokens_B"",""val_loss""]","[""val_loss""]",False,False,False,False,0.162405,25.166,,2.8494,,Pythia,,12000,0.162405|25.166|
B1_164,B,pythia_training_log_existing.csv,真实,fit,pythia_N_0.162405,pythia_N_0.162405,"[""N_params_B"",""D_tokens_B"",""val_loss""]","[""val_loss""]",False,False,False,False,0.162405,27.263,,2.8385,,Pythia,,13000,0.162405|27.263|
B1_165,B,pythia_training_log_existing.csv,真实,fit,pythia_N_0.162405,pythia_N_0.162405,"[""N_params_B"",""D_tokens_B"",""val_loss""]","[""val_loss""]",False,False,False,False,0.162405,29.36,,2.8281,,Pythia,,14000,0.162405|29.36|
B1_166,B,pythia_training_log_existing.csv,真实,fit,pythia_N_0.162405,pythia_N_0.162405,"[""N_params_B"",""D_tokens_B"",""val_loss""]","[""val_loss""]",False,False,False,False,0.162405,31.457,,2.8195,,Pythia,,15000,0.162405|31.457|
B1_167,B,pythia_training_log_existing.csv,真实,fit,pythia_N_0.162405,pythia_N_0.162405,"[""N_params_B"",""D_tokens_B"",""val_loss""]","[""val_loss""]",False,False,False,False,0.162405,33.554,,2.8106,,Pythia,,16000,0.162405|33.554|
B1_168,B,pythia_training_log_existing.csv,真实,fit,pythia_N_0.162405,pythia_N_0.162405,"[""N_params_B"",""D_tokens_B"",""val_loss""]","[""val_loss""]",False,False,False,False,0.162405,35.652,,2.8025,,Pythia,,17000,0.162405|35.652|
B1_169,B,pythia_training_log_existing.csv,真实,fit,pythia_N_0.162405,pythia_N_0.162405,"[""N_params_B"",""D_tokens_B"",""val_loss""]","[""val_loss""]",False,False,False,False,0.162405,37.749,,2.7952,,Pythia,,18000,0.162405|37.749|
B1_170,B,pythia_training_log_existing.csv,真实,fit,pythia_N_0.162405,pythia_N_0.162405,"[""N_params_B"",""D_tokens_B"",""val_loss""]","[""val_loss""]",False,False,False,False,0.162405,39.846,,2.7888,,Pythia,,19000,0.162405|39.846|
B1_171,B,pythia_training_log_existing.csv,真实,fit,pythia_N_0.162405,pythia_N_0.162405,"[""N_params_B"",""D_tokens_B"",""val_loss""]","[""val_loss""]",False,False,False,False,0.162405,41.943,,2.7823,,Pythia,,20000,0.162405|41.943|
B1_172,B,pythia_training_log_existing.csv,真实,fit,pythia_N_0.162405,pythia_N_0.162405,"[""N_params_B"",""D_tokens_B"",""val_loss""]","[""val_loss""]",False,False,False,False,0.162405,44.04,,2.7766,,Pythia,,21000,0.162405|44.04|
B1_173,B,pythia_training_log_existing.csv,真实,fit,pythia_N_0.162405,pythia_N_0.162405,"[""N_params_B"",""D_tokens_B"",""val_loss""]","[""val_loss""]",False,False,False,False,0.162405,46.137,,2.771,,Pythia,,22000,0.162405|46.137|
B1_174,B,pythia_training_log_existing.csv,真实,fit,pythia_N_0.162405,pythia_N_0.162405,"[""N_params_B"",""D_tokens_B"",""val_loss""]","[""val_loss""]",False,False,False,False,0.162405,48.234,,2.7656,,Pythia,,23000,0.162405|48.234|
B1_175,B,pythia_training_log_existing.csv,真实,fit,pythia_N_0.162405,pythia_N_0.162405,"[""N_params_B"",""D_tokens_B"",""val_loss""]","[""val_loss""]",False,False,False,False,0.162405,50.332,,2.7605,,Pythia,,24000,0.162405|50.332|
B1_176,B,pythia_training_log_existing.csv,真实,fit,pythia_N_0.162405,pythia_N_0.162405,"[""N_params_B"",""D_tokens_B"",""val_loss""]","[""val_loss""]",False,False,False,False,0.162405,52.429,,2.7557,,Pythia,,25000,0.162405|52.429|
B1_177,B,pythia_training_log_existing.csv,真实,fit,pythia_N_0.162405,pythia_N_0.162405,"[""N_params_B"",""D_tokens_B"",""val_loss""]","[""val_loss""]",False,False,False,False,0.162405,54.526,,2.7514,,Pythia,,26000,0.162405|54.526|
B1_178,B,pythia_training_log_existing.csv,真实,fit,pythia_N_0.162405,pythia_N_0.162405,"[""N_params_B"",""D_tokens_B"",""val_loss""]","[""val_loss""]",False,False,False,False,0.162405,56.623,,2.7474,,Pythia,,27000,0.162405|56.623|
B1_179,B,pythia_training_log_existing.csv,真实,fit,pythia_N_0.162405,pythia_N_0.162405,"[""N_params_B"",""D_tokens_B"",""val_loss""]","[""val_loss""]",False,False,False,False,0.162405,58.72,,2.7432,,Pythia,,28000,0.162405|58.72|
B1_180,B,pythia_training_log_existing.csv,真实,fit,pythia_N_0.162405,pythia_N_0.162405,"[""N_params_B"",""D_tokens_B"",""val_loss""]","[""val_loss""]",False,False,False,False,0.162405,60.817,,2.7391,,Pythia,,29000,0.162405|60.817|
B1_181,B,pythia_training_log_existing.csv,真实,fit,pythia_N_0.162405,pythia_N_0.162405,"[""N_params_B"",""D_tokens_B"",""val_loss""]","[""val_loss""]",False,False,False,False,0.162405,62.915,,2.7356,,Pythia,,30000,0.162405|62.915|
B1_182,B,pythia_training_log_existing.csv,真实,fit,pythia_N_0.162405,pythia_N_0.162405,"[""N_params_B"",""D_tokens_B"",""val_loss""]","[""val_loss""]",False,False,False,False,0.162405,65.012,,2.7321,,Pythia,,31000,0.162405|65.012|
B1_183,B,pythia_training_log_existing.csv,真实,fit,pythia_N_0.162405,pythia_N_0.162405,"[""N_params_B"",""D_tokens_B"",""val_loss""]","[""val_loss""]",False,False,False,False,0.162405,67.109,,2.7285,,Pythia,,32000,0.162405|67.109|
B1_184,B,pythia_training_log_existing.csv,真实,fit,pythia_N_0.162405,pythia_N_0.162405,"[""N_params_B"",""D_tokens_B"",""val_loss""]","[""val_loss""]",False,False,False,False,0.162405,69.206,,2.7254,,Pythia,,33000,0.162405|69.206|
B1_185,B,pythia_training_log_existing.csv,真实,fit,pythia_N_0.162405,pythia_N_0.162405,"[""N_params_B"",""D_tokens_B"",""val_loss""]","[""val_loss""]",False,False,False,False,0.162405,71.303,,2.7222,,Pythia,,34000,0.162405|71.303|
B1_186,B,pythia_training_log_existing.csv,真实,fit,pythia_N_0.162405,pythia_N_0.162405,"[""N_params_B"",""D_tokens_B"",""val_loss""]","[""val_loss""]",False,False,False,False,0.162405,73.4,,2.719,,Pythia,,35000,0.162405|73.4|
B1_187,B,pythia_training_log_existing.csv,真实,fit,pythia_N_0.162405,pythia_N_0.162405,"[""N_params_B"",""D_tokens_B"",""val_loss""]","[""val_loss""]",False,False,False,False,0.162405,75.497,,2.7163,,Pythia,,36000,0.162405|75.497|
B1_188,B,pythia_training_log_existing.csv,真实,fit,pythia_N_0.162405,pythia_N_0.162405,"[""N_params_B"",""D_tokens_B"",""val_loss""]","[""val_loss""]",False,False,False,False,0.162405,77.595,,2.7135,,Pythia,,37000,0.162405|77.595|
B1_189,B,pythia_training_log_existing.csv,真实,fit,pythia_N_0.162405,pythia_N_0.162405,"[""N_params_B"",""D_tokens_B"",""val_loss""]","[""val_loss""]",False,False,False,False,0.162405,79.692,,2.7109,,Pythia,,38000,0.162405|79.692|
B1_190,B,pythia_training_log_existing.csv,真实,fit,pythia_N_0.162405,pythia_N_0.162405,"[""N_params_B"",""D_tokens_B"",""val_loss""]","[""val_loss""]",False,False,False,False,0.162405,81.789,,2.7082,,Pythia,,39000,0.162405|81.789|
B1_191,B,pythia_training_log_existing.csv,真实,fit,pythia_N_0.162405,pythia_N_0.162405,"[""N_params_B"",""D_tokens_B"",""val_loss""]","[""val_loss""]",False,False,False,False,0.162405,83.886,,2.7053,,Pythia,,40000,0.162405|83.886|
B1_192,B,pythia_training_log_existing.csv,真实,fit,pythia_N_0.162405,pythia_N_0.162405,"[""N_params_B"",""D_tokens_B"",""val_loss""]","[""val_loss""]",False,False,False,False,0.162405,85.983,,2.7029,,Pythia,,41000,0.162405|85.983|
B1_193,B,pythia_training_log_existing.csv,真实,fit,pythia_N_0.162405,pythia_N_0.162405,"[""N_params_B"",""D_tokens_B"",""val_loss""]","[""val_loss""]",False,False,False,False,0.162405,88.08,,2.7007,,Pythia,,42000,0.162405|88.08|
B1_194,B,pythia_training_log_existing.csv,真实,fit,pythia_N_0.162405,pythia_N_0.162405,"[""N_params_B"",""D_tokens_B"",""val_loss""]","[""val_loss""]",False,False,False,False,0.162405,90.178,,2.6984,,Pythia,,43000,0.162405|90.178|
B1_195,B,pythia_training_log_existing.csv,真实,fit,pythia_N_0.162405,pythia_N_0.162405,"[""N_params_B"",""D_tokens_B"",""val_loss""]","[""val_loss""]",False,False,False,False,0.162405,92.275,,2.6961,,Pythia,,44000,0.162405|92.275|
B1_196,B,pythia_training_log_existing.csv,真实,fit,pythia_N_0.162405,pythia_N_0.162405,"[""N_params_B"",""D_tokens_B"",""val_loss""]","[""val_loss""]",False,False,False,False,0.162405,94.372,,2.6945,,Pythia,,45000,0.162405|94.372|
B1_197,B,pythia_training_log_existing.csv,真实,fit,pythia_N_0.162405,pythia_N_0.162405,"[""N_params_B"",""D_tokens_B"",""val_loss""]","[""val_loss""]",False,False,False,False,0.162405,96.469,,2.6918,,Pythia,,46000,0.162405|96.469|
B1_198,B,pythia_training_log_existing.csv,真实,fit,pythia_N_0.162405,pythia_N_0.162405,"[""N_params_B"",""D_tokens_B"",""val_loss""]","[""val_loss""]",False,False,False,False,0.162405,98.566,,2.6898,,Pythia,,47000,0.162405|98.566|
B1_199,B,pythia_training_log_existing.csv,真实,fit,pythia_N_0.162405,pythia_N_0.162405,"[""N_params_B"",""D_tokens_B"",""val_loss""]","[""val_loss""]",False,False,False,False,0.162405,100.663,,2.6878,,Pythia,,48000,0.162405|100.663|
B1_200,B,pythia_training_log_existing.csv,真实,fit,pythia_N_0.162405,pythia_N_0.162405,"[""N_params_B"",""D_tokens_B"",""val_loss""]","[""val_loss""]",False,False,False,False,0.162405,102.76,,2.6858,,Pythia,,49000,0.162405|102.76|
B1_201,B,pythia_training_log_existing.csv,真实,fit,pythia_N_0.162405,pythia_N_0.162405,"[""N_params_B"",""D_tokens_B"",""val_loss""]","[""val_loss""]",False,False,False,False,0.162405,104.858,,2.6837,,Pythia,,50000,0.162405|104.858|
B1_202,B,pythia_training_log_existing.csv,真实,fit,pythia_N_0.162405,pythia_N_0.162405,"[""N_params_B"",""D_tokens_B"",""val_loss""]","[""val_loss""]",False,False,False,False,0.162405,106.955,,2.682,,Pythia,,51000,0.162405|106.955|
B1_203,B,pythia_training_log_existing.csv,真实,fit,pythia_N_0.162405,pythia_N_0.162405,"[""N_params_B"",""D_tokens_B"",""val_loss""]","[""val_loss""]",False,False,False,False,0.162405,109.052,,2.68,,Pythia,,52000,0.162405|109.052|
B1_204,B,pythia_training_log_existing.csv,真实,fit,pythia_N_0.162405,pythia_N_0.162405,"[""N_params_B"",""D_tokens_B"",""val_loss""]","[""val_loss""]",False,False,False,False,0.162405,111.149,,2.6783,,Pythia,,53000,0.162405|111.149|
B1_205,B,pythia_training_log_existing.csv,真实,fit,pythia_N_0.162405,pythia_N_0.162405,"[""N_params_B"",""D_tokens_B"",""val_loss""]","[""val_loss""]",False,False,False,False,0.162405,113.246,,2.6765,,Pythia,,54000,0.162405|113.246|
B1_206,B,pythia_training_log_existing.csv,真实,fit,pythia_N_0.162405,pythia_N_0.162405,"[""N_params_B"",""D_tokens_B"",""val_loss""]","[""val_loss""]",False,False,False,False,0.162405,115.343,,2.6749,,Pythia,,55000,0.162405|115.343|
B1_207,B,pythia_training_log_existing.csv,真实,fit,pythia_N_0.162405,pythia_N_0.162405,"[""N_params_B"",""D_tokens_B"",""val_loss""]","[""val_loss""]",False,False,False,False,0.162405,117.441,,2.6736,,Pythia,,56000,0.162405|117.441|
B1_208,B,pythia_training_log_existing.csv,真实,fit,pythia_N_0.162405,pythia_N_0.162405,"[""N_params_B"",""D_tokens_B"",""val_loss""]","[""val_loss""]",False,False,False,False,0.162405,119.538,,2.6713,,Pythia,,57000,0.162405|119.538|
B1_209,B,pythia_training_log_existing.csv,真实,fit,pythia_N_0.162405,pythia_N_0.162405,"[""N_params_B"",""D_tokens_B"",""val_loss""]","[""val_loss""]",False,False,False,False,0.162405,121.635,,2.6702,,Pythia,,58000,0.162405|121.635|
B1_210,B,pythia_training_log_existing.csv,真实,fit,pythia_N_0.162405,pythia_N_0.162405,"[""N_params_B"",""D_tokens_B"",""val_loss""]","[""val_loss""]",False,False,False,False,0.162405,123.732,,2.6683,,Pythia,,59000,0.162405|123.732|
B1_211,B,pythia_training_log_existing.csv,真实,fit,pythia_N_0.162405,pythia_N_0.162405,"[""N_params_B"",""D_tokens_B"",""val_loss""]","[""val_loss""]",False,False,False,False,0.162405,125.829,,2.6669,,Pythia,,60000,0.162405|125.829|
B1_212,B,pythia_training_log_existing.csv,真实,fit,pythia_N_0.162405,pythia_N_0.162405,"[""N_params_B"",""D_tokens_B"",""val_loss""]","[""val_loss""]",False,False,False,False,0.162405,127.926,,2.6657,,Pythia,,61000,0.162405|127.926|
B1_213,B,pythia_training_log_existing.csv,真实,fit,pythia_N_0.162405,pythia_N_0.162405,"[""N_params_B"",""D_tokens_B"",""val_loss""]","[""val_loss""]",False,False,False,False,0.162405,130.023,,2.6641,,Pythia,,62000,0.162405|130.023|
B1_214,B,pythia_training_log_existing.csv,真实,fit,pythia_N_0.162405,pythia_N_0.162405,"[""N_params_B"",""D_tokens_B"",""val_loss""]","[""val_loss""]",False,False,False,False,0.162405,132.121,,2.6625,,Pythia,,63000,0.162405|132.121|
B1_215,B,pythia_training_log_existing.csv,真实,fit,pythia_N_0.162405,pythia_N_0.162405,"[""N_params_B"",""D_tokens_B"",""val_loss""]","[""val_loss""]",False,False,False,False,0.162405,134.218,,2.6611,,Pythia,,64000,0.162405|134.218|
B1_216,B,pythia_training_log_existing.csv,真实,fit,pythia_N_0.162405,pythia_N_0.162405,"[""N_params_B"",""D_tokens_B"",""val_loss""]","[""val_loss""]",False,False,False,False,0.162405,136.315,,2.66,,Pythia,,65000,0.162405|136.315|
B1_217,B,pythia_training_log_existing.csv,真实,fit,pythia_N_0.162405,pythia_N_0.162405,"[""N_params_B"",""D_tokens_B"",""val_loss""]","[""val_loss""]",False,False,False,False,0.162405,138.412,,2.6584,,Pythia,,66000,0.162405|138.412|
B1_218,B,pythia_training_log_existing.csv,真实,fit,pythia_N_0.162405,pythia_N_0.162405,"[""N_params_B"",""D_tokens_B"",""val_loss""]","[""val_loss""]",False,False,False,False,0.162405,140.509,,2.6573,,Pythia,,67000,0.162405|140.509|
B1_219,B,pythia_training_log_existing.csv,真实,fit,pythia_N_0.162405,pythia_N_0.162405,"[""N_params_B"",""D_tokens_B"",""val_loss""]","[""val_loss""]",False,False,False,False,0.162405,142.606,,2.656,,Pythia,,68000,0.162405|142.606|
B1_220,B,pythia_training_log_existing.csv,真实,fit,pythia_N_0.162405,pythia_N_0.162405,"[""N_params_B"",""D_tokens_B"",""val_loss""]","[""val_loss""]",False,False,False,False,0.162405,144.703,,2.6546,,Pythia,,69000,0.162405|144.703|
B1_221,B,pythia_training_log_existing.csv,真实,fit,pythia_N_0.162405,pythia_N_0.162405,"[""N_params_B"",""D_tokens_B"",""val_loss""]","[""val_loss""]",False,False,False,False,0.162405,146.801,,2.6538,,Pythia,,70000,0.162405|146.801|
B1_222,B,pythia_training_log_existing.csv,真实,fit,pythia_N_0.162405,pythia_N_0.162405,"[""N_params_B"",""D_tokens_B"",""val_loss""]","[""val_loss""]",False,False,False,False,0.162405,148.898,,2.6523,,Pythia,,71000,0.162405|148.898|
B1_223,B,pythia_training_log_existing.csv,真实,fit,pythia_N_0.162405,pythia_N_0.162405,"[""N_params_B"",""D_tokens_B"",""val_loss""]","[""val_loss""]",False,False,False,False,0.162405,150.995,,2.6507,,Pythia,,72000,0.162405|150.995|
B1_224,B,pythia_training_log_existing.csv,真实,fit,pythia_N_0.162405,pythia_N_0.162405,"[""N_params_B"",""D_tokens_B"",""val_loss""]","[""val_loss""]",False,False,False,False,0.162405,153.092,,2.6499,,Pythia,,73000,0.162405|153.092|
B1_225,B,pythia_training_log_existing.csv,真实,fit,pythia_N_0.162405,pythia_N_0.162405,"[""N_params_B"",""D_tokens_B"",""val_loss""]","[""val_loss""]",False,False,False,False,0.162405,155.189,,2.6486,,Pythia,,74000,0.162405|155.189|
B1_226,B,pythia_training_log_existing.csv,真实,fit,pythia_N_0.162405,pythia_N_0.162405,"[""N_params_B"",""D_tokens_B"",""val_loss""]","[""val_loss""]",False,False,False,False,0.162405,157.286,,2.6477,,Pythia,,75000,0.162405|157.286|
B1_227,B,pythia_training_log_existing.csv,真实,fit,pythia_N_0.162405,pythia_N_0.162405,"[""N_params_B"",""D_tokens_B"",""val_loss""]","[""val_loss""]",False,False,False,False,0.162405,159.384,,2.6464,,Pythia,,76000,0.162405|159.384|
B1_228,B,pythia_training_log_existing.csv,真实,fit,pythia_N_0.162405,pythia_N_0.162405,"[""N_params_B"",""D_tokens_B"",""val_loss""]","[""val_loss""]",False,False,False,False,0.162405,161.481,,2.6454,,Pythia,,77000,0.162405|161.481|
B1_229,B,pythia_training_log_existing.csv,真实,fit,pythia_N_0.162405,pythia_N_0.162405,"[""N_params_B"",""D_tokens_B"",""val_loss""]","[""val_loss""]",False,False,False,False,0.162405,163.578,,2.6444,,Pythia,,78000,0.162405|163.578|
B1_230,B,pythia_training_log_existing.csv,真实,fit,pythia_N_0.162405,pythia_N_0.162405,"[""N_params_B"",""D_tokens_B"",""val_loss""]","[""val_loss""]",False,False,False,False,0.162405,165.675,,2.6434,,Pythia,,79000,0.162405|165.675|
B1_231,B,pythia_training_log_existing.csv,真实,fit,pythia_N_0.162405,pythia_N_0.162405,"[""N_params_B"",""D_tokens_B"",""val_loss""]","[""val_loss""]",False,False,False,False,0.162405,167.772,,2.642,,Pythia,,80000,0.162405|167.772|
B1_232,B,pythia_training_log_existing.csv,真实,fit,pythia_N_0.162405,pythia_N_0.162405,"[""N_params_B"",""D_tokens_B"",""val_loss""]","[""val_loss""]",False,False,False,False,0.162405,169.869,,2.6411,,Pythia,,81000,0.162405|169.869|
B1_233,B,pythia_training_log_existing.csv,真实,fit,pythia_N_0.162405,pythia_N_0.162405,"[""N_params_B"",""D_tokens_B"",""val_loss""]","[""val_loss""]",False,False,False,False,0.162405,171.966,,2.6401,,Pythia,,82000,0.162405|171.966|
B1_234,B,pythia_training_log_existing.csv,真实,fit,pythia_N_0.162405,pythia_N_0.162405,"[""N_params_B"",""D_tokens_B"",""val_loss""]","[""val_loss""]",False,False,False,False,0.162405,174.064,,2.6391,,Pythia,,83000,0.162405|174.064|
B1_235,B,pythia_training_log_existing.csv,真实,fit,pythia_N_0.162405,pythia_N_0.162405,"[""N_params_B"",""D_tokens_B"",""val_loss""]","[""val_loss""]",False,False,False,False,0.162405,176.161,,2.6385,,Pythia,,84000,0.162405|176.161|
B1_236,B,pythia_training_log_existing.csv,真实,fit,pythia_N_0.162405,pythia_N_0.162405,"[""N_params_B"",""D_tokens_B"",""val_loss""]","[""val_loss""]",False,False,False,False,0.162405,178.258,,2.6373,,Pythia,,85000,0.162405|178.258|
B1_237,B,pythia_training_log_existing.csv,真实,fit,pythia_N_0.162405,pythia_N_0.162405,"[""N_params_B"",""D_tokens_B"",""val_loss""]","[""val_loss""]",False,False,False,False,0.162405,180.355,,2.6361,,Pythia,,86000,0.162405|180.355|
B1_238,B,pythia_training_log_existing.csv,真实,fit,pythia_N_0.162405,pythia_N_0.162405,"[""N_params_B"",""D_tokens_B"",""val_loss""]","[""val_loss""]",False,False,False,False,0.162405,182.452,,2.6355,,Pythia,,87000,0.162405|182.452|
B1_239,B,pythia_training_log_existing.csv,真实,fit,pythia_N_0.162405,pythia_N_0.162405,"[""N_params_B"",""D_tokens_B"",""val_loss""]","[""val_loss""]",False,False,False,False,0.162405,184.549,,2.6347,,Pythia,,88000,0.162405|184.549|
B1_240,B,pythia_training_log_existing.csv,真实,fit,pythia_N_0.162405,pythia_N_0.162405,"[""N_params_B"",""D_tokens_B"",""val_loss""]","[""val_loss""]",False,False,False,False,0.162405,186.647,,2.6337,,Pythia,,89000,0.162405|186.647|
B1_241,B,pythia_training_log_existing.csv,真实,fit,pythia_N_0.162405,pythia_N_0.162405,"[""N_params_B"",""D_tokens_B"",""val_loss""]","[""val_loss""]",False,False,False,False,0.162405,188.744,,2.6324,,Pythia,,90000,0.162405|188.744|
B1_242,B,pythia_training_log_existing.csv,真实,fit,pythia_N_0.162405,pythia_N_0.162405,"[""N_params_B"",""D_tokens_B"",""val_loss""]","[""val_loss""]",False,False,False,False,0.162405,190.841,,2.6317,,Pythia,,91000,0.162405|190.841|
B1_243,B,pythia_training_log_existing.csv,真实,fit,pythia_N_0.162405,pythia_N_0.162405,"[""N_params_B"",""D_tokens_B"",""val_loss""]","[""val_loss""]",False,False,False,False,0.162405,192.938,,2.6311,,Pythia,,92000,0.162405|192.938|
B1_244,B,pythia_training_log_existing.csv,真实,fit,pythia_N_0.162405,pythia_N_0.162405,"[""N_params_B"",""D_tokens_B"",""val_loss""]","[""val_loss""]",False,False,False,False,0.162405,195.035,,2.6299,,Pythia,,93000,0.162405|195.035|
B1_245,B,pythia_training_log_existing.csv,真实,fit,pythia_N_0.162405,pythia_N_0.162405,"[""N_params_B"",""D_tokens_B"",""val_loss""]","[""val_loss""]",False,False,False,False,0.162405,197.132,,2.6292,,Pythia,,94000,0.162405|197.132|
B1_246,B,pythia_training_log_existing.csv,真实,fit,pythia_N_0.162405,pythia_N_0.162405,"[""N_params_B"",""D_tokens_B"",""val_loss""]","[""val_loss""]",False,False,False,False,0.162405,199.229,,2.6284,,Pythia,,95000,0.162405|199.229|
B1_247,B,pythia_training_log_existing.csv,真实,fit,pythia_N_0.162405,pythia_N_0.162405,"[""N_params_B"",""D_tokens_B"",""val_loss""]","[""val_loss""]",False,False,False,False,0.162405,201.327,,2.6274,,Pythia,,96000,0.162405|201.327|
B1_248,B,pythia_training_log_existing.csv,真实,fit,pythia_N_0.162405,pythia_N_0.162405,"[""N_params_B"",""D_tokens_B"",""val_loss""]","[""val_loss""]",False,False,False,False,0.162405,203.424,,2.6267,,Pythia,,97000,0.162405|203.424|
B1_249,B,pythia_training_log_existing.csv,真实,fit,pythia_N_0.162405,pythia_N_0.162405,"[""N_params_B"",""D_tokens_B"",""val_loss""]","[""val_loss""]",False,False,False,False,0.162405,205.521,,2.6254,,Pythia,,98000,0.162405|205.521|
B1_250,B,pythia_training_log_existing.csv,真实,fit,pythia_N_0.162405,pythia_N_0.162405,"[""N_params_B"",""D_tokens_B"",""val_loss""]","[""val_loss""]",False,False,False,False,0.162405,207.618,,2.6249,,Pythia,,99000,0.162405|207.618|
B1_251,B,pythia_training_log_existing.csv,真实,fit,pythia_N_0.162405,pythia_N_0.162405,"[""N_params_B"",""D_tokens_B"",""val_loss""]","[""val_loss""]",False,False,False,False,0.162405,209.715,,2.6243,,Pythia,,100000,0.162405|209.715|
B1_252,B,pythia_training_log_existing.csv,真实,fit,pythia_N_0.162405,pythia_N_0.162405,"[""N_params_B"",""D_tokens_B"",""val_loss""]","[""val_loss""]",False,False,False,False,0.162405,211.812,,2.6234,,Pythia,,101000,0.162405|211.812|
B1_253,B,pythia_training_log_existing.csv,真实,fit,pythia_N_0.162405,pythia_N_0.162405,"[""N_params_B"",""D_tokens_B"",""val_loss""]","[""val_loss""]",False,False,False,False,0.162405,213.91,,2.623,,Pythia,,102000,0.162405|213.91|
B1_254,B,pythia_training_log_existing.csv,真实,fit,pythia_N_0.162405,pythia_N_0.162405,"[""N_params_B"",""D_tokens_B"",""val_loss""]","[""val_loss""]",False,False,False,False,0.162405,216.007,,2.6218,,Pythia,,103000,0.162405|216.007|
B1_255,B,pythia_training_log_existing.csv,真实,fit,pythia_N_0.162405,pythia_N_0.162405,"[""N_params_B"",""D_tokens_B"",""val_loss""]","[""val_loss""]",False,False,False,False,0.162405,218.104,,2.6212,,Pythia,,104000,0.162405|218.104|
B1_256,B,pythia_training_log_existing.csv,真实,fit,pythia_N_0.162405,pythia_N_0.162405,"[""N_params_B"",""D_tokens_B"",""val_loss""]","[""val_loss""]",False,False,False,False,0.162405,220.201,,2.6206,,Pythia,,105000,0.162405|220.201|
B1_257,B,pythia_training_log_existing.csv,真实,fit,pythia_N_0.162405,pythia_N_0.162405,"[""N_params_B"",""D_tokens_B"",""val_loss""]","[""val_loss""]",False,False,False,False,0.162405,222.298,,2.62,,Pythia,,106000,0.162405|222.298|
B1_258,B,pythia_training_log_existing.csv,真实,fit,pythia_N_0.162405,pythia_N_0.162405,"[""N_params_B"",""D_tokens_B"",""val_loss""]","[""val_loss""]",False,False,False,False,0.162405,224.395,,2.6189,,Pythia,,107000,0.162405|224.395|
B1_259,B,pythia_training_log_existing.csv,真实,fit,pythia_N_0.162405,pythia_N_0.162405,"[""N_params_B"",""D_tokens_B"",""val_loss""]","[""val_loss""]",False,False,False,False,0.162405,226.492,,2.6186,,Pythia,,108000,0.162405|226.492|
B1_260,B,pythia_training_log_existing.csv,真实,fit,pythia_N_0.162405,pythia_N_0.162405,"[""N_params_B"",""D_tokens_B"",""val_loss""]","[""val_loss""]",False,False,False,False,0.162405,228.59,,2.6177,,Pythia,,109000,0.162405|228.59|
B1_261,B,pythia_training_log_existing.csv,真实,fit,pythia_N_0.162405,pythia_N_0.162405,"[""N_params_B"",""D_tokens_B"",""val_loss""]","[""val_loss""]",False,False,False,False,0.162405,230.687,,2.6169,,Pythia,,110000,0.162405|230.687|
B1_262,B,pythia_training_log_existing.csv,真实,fit,pythia_N_0.162405,pythia_N_0.162405,"[""N_params_B"",""D_tokens_B"",""val_loss""]","[""val_loss""]",False,False,False,False,0.162405,232.784,,2.6164,,Pythia,,111000,0.162405|232.784|
B1_263,B,pythia_training_log_existing.csv,真实,fit,pythia_N_0.162405,pythia_N_0.162405,"[""N_params_B"",""D_tokens_B"",""val_loss""]","[""val_loss""]",False,False,False,False,0.162405,234.881,,2.6157,,Pythia,,112000,0.162405|234.881|
B1_264,B,pythia_training_log_existing.csv,真实,fit,pythia_N_0.162405,pythia_N_0.162405,"[""N_params_B"",""D_tokens_B"",""val_loss""]","[""val_loss""]",False,False,False,False,0.162405,236.978,,2.6149,,Pythia,,113000,0.162405|236.978|
B1_265,B,pythia_training_log_existing.csv,真实,fit,pythia_N_0.162405,pythia_N_0.162405,"[""N_params_B"",""D_tokens_B"",""val_loss""]","[""val_loss""]",False,False,False,False,0.162405,239.075,,2.6143,,Pythia,,114000,0.162405|239.075|
B1_266,B,pythia_training_log_existing.csv,真实,fit,pythia_N_0.162405,pythia_N_0.162405,"[""N_params_B"",""D_tokens_B"",""val_loss""]","[""val_loss""]",False,False,False,False,0.162405,241.172,,2.6136,,Pythia,,115000,0.162405|241.172|
B1_267,B,pythia_training_log_existing.csv,真实,fit,pythia_N_0.162405,pythia_N_0.162405,"[""N_params_B"",""D_tokens_B"",""val_loss""]","[""val_loss""]",False,False,False,False,0.162405,243.27,,2.613,,Pythia,,116000,0.162405|243.27|
B1_268,B,pythia_training_log_existing.csv,真实,fit,pythia_N_0.162405,pythia_N_0.162405,"[""N_params_B"",""D_tokens_B"",""val_loss""]","[""val_loss""]",False,False,False,False,0.162405,245.367,,2.6125,,Pythia,,117000,0.162405|245.367|
B1_269,B,pythia_training_log_existing.csv,真实,fit,pythia_N_0.162405,pythia_N_0.162405,"[""N_params_B"",""D_tokens_B"",""val_loss""]","[""val_loss""]",False,False,False,False,0.162405,247.464,,2.612,,Pythia,,118000,0.162405|247.464|
B1_270,B,pythia_training_log_existing.csv,真实,fit,pythia_N_0.162405,pythia_N_0.162405,"[""N_params_B"",""D_tokens_B"",""val_loss""]","[""val_loss""]",False,False,False,False,0.162405,249.561,,2.6109,,Pythia,,119000,0.162405|249.561|
B1_271,B,pythia_training_log_existing.csv,真实,fit,pythia_N_0.162405,pythia_N_0.162405,"[""N_params_B"",""D_tokens_B"",""val_loss""]","[""val_loss""]",False,False,False,False,0.162405,251.658,,2.6108,,Pythia,,120000,0.162405|251.658|
B1_272,B,pythia_training_log_existing.csv,真实,fit,pythia_N_0.162405,pythia_N_0.162405,"[""N_params_B"",""D_tokens_B"",""val_loss""]","[""val_loss""]",False,False,False,False,0.162405,253.755,,2.6096,,Pythia,,121000,0.162405|253.755|
B1_273,B,pythia_training_log_existing.csv,真实,fit,pythia_N_0.162405,pythia_N_0.162405,"[""N_params_B"",""D_tokens_B"",""val_loss""]","[""val_loss""]",False,False,False,False,0.162405,255.853,,2.6092,,Pythia,,122000,0.162405|255.853|
B1_274,B,pythia_training_log_existing.csv,真实,fit,pythia_N_0.162405,pythia_N_0.162405,"[""N_params_B"",""D_tokens_B"",""val_loss""]","[""val_loss""]",False,False,False,False,0.162405,257.95,,2.6088,,Pythia,,123000,0.162405|257.95|
B1_275,B,pythia_training_log_existing.csv,真实,fit,pythia_N_0.162405,pythia_N_0.162405,"[""N_params_B"",""D_tokens_B"",""val_loss""]","[""val_loss""]",False,False,False,False,0.162405,260.047,,2.6081,,Pythia,,124000,0.162405|260.047|
B1_276,B,pythia_training_log_existing.csv,真实,fit,pythia_N_0.162405,pythia_N_0.162405,"[""N_params_B"",""D_tokens_B"",""val_loss""]","[""val_loss""]",False,False,False,False,0.162405,262.144,,2.6074,,Pythia,,125000,0.162405|262.144|
B1_277,B,pythia_training_log_existing.csv,真实,fit,pythia_N_0.162405,pythia_N_0.162405,"[""N_params_B"",""D_tokens_B"",""val_loss""]","[""val_loss""]",False,False,False,False,0.162405,264.241,,2.6069,,Pythia,,126000,0.162405|264.241|
B1_278,B,pythia_training_log_existing.csv,真实,fit,pythia_N_0.162405,pythia_N_0.162405,"[""N_params_B"",""D_tokens_B"",""val_loss""]","[""val_loss""]",False,False,False,False,0.162405,266.338,,2.6063,,Pythia,,127000,0.162405|266.338|
B1_279,B,pythia_training_log_existing.csv,真实,fit,pythia_N_0.162405,pythia_N_0.162405,"[""N_params_B"",""D_tokens_B"",""val_loss""]","[""val_loss""]",False,False,False,False,0.162405,268.435,,2.6057,,Pythia,,128000,0.162405|268.435|
B1_280,B,pythia_training_log_existing.csv,真实,fit,pythia_N_0.162405,pythia_N_0.162405,"[""N_params_B"",""D_tokens_B"",""val_loss""]","[""val_loss""]",False,False,False,False,0.162405,270.533,,2.6053,,Pythia,,129000,0.162405|270.533|
B1_281,B,pythia_training_log_existing.csv,真实,fit,pythia_N_0.162405,pythia_N_0.162405,"[""N_params_B"",""D_tokens_B"",""val_loss""]","[""val_loss""]",False,False,False,False,0.162405,272.63,,2.6047,,Pythia,,130000,0.162405|272.63|
B1_282,B,pythia_training_log_existing.csv,真实,fit,pythia_N_0.162405,pythia_N_0.162405,"[""N_params_B"",""D_tokens_B"",""val_loss""]","[""val_loss""]",False,False,False,False,0.162405,274.727,,2.604,,Pythia,,131000,0.162405|274.727|
B1_283,B,pythia_training_log_existing.csv,真实,fit,pythia_N_0.162405,pythia_N_0.162405,"[""N_params_B"",""D_tokens_B"",""val_loss""]","[""val_loss""]",False,False,False,False,0.162405,276.824,,2.6037,,Pythia,,132000,0.162405|276.824|
B1_284,B,pythia_training_log_existing.csv,真实,fit,pythia_N_0.162405,pythia_N_0.162405,"[""N_params_B"",""D_tokens_B"",""val_loss""]","[""val_loss""]",False,False,False,False,0.162405,278.921,,2.603,,Pythia,,133000,0.162405|278.921|
B1_285,B,pythia_training_log_existing.csv,真实,fit,pythia_N_0.162405,pythia_N_0.162405,"[""N_params_B"",""D_tokens_B"",""val_loss""]","[""val_loss""]",False,False,False,False,0.162405,281.018,,2.6026,,Pythia,,134000,0.162405|281.018|
B1_286,B,pythia_training_log_existing.csv,真实,fit,pythia_N_0.162405,pythia_N_0.162405,"[""N_params_B"",""D_tokens_B"",""val_loss""]","[""val_loss""]",False,False,False,False,0.162405,283.116,,2.602,,Pythia,,135000,0.162405|283.116|
B1_287,B,pythia_training_log_existing.csv,真实,fit,pythia_N_0.162405,pythia_N_0.162405,"[""N_params_B"",""D_tokens_B"",""val_loss""]","[""val_loss""]",False,False,False,False,0.162405,285.213,,2.6013,,Pythia,,136000,0.162405|285.213|
B1_288,B,pythia_training_log_existing.csv,真实,fit,pythia_N_0.162405,pythia_N_0.162405,"[""N_params_B"",""D_tokens_B"",""val_loss""]","[""val_loss""]",False,False,False,False,0.162405,287.31,,2.6008,,Pythia,,137000,0.162405|287.31|
B1_289,B,pythia_training_log_existing.csv,真实,fit,pythia_N_0.162405,pythia_N_0.162405,"[""N_params_B"",""D_tokens_B"",""val_loss""]","[""val_loss""]",False,False,False,False,0.162405,289.407,,2.6005,,Pythia,,138000,0.162405|289.407|
B1_290,B,pythia_training_log_existing.csv,真实,fit,pythia_N_0.162405,pythia_N_0.162405,"[""N_params_B"",""D_tokens_B"",""val_loss""]","[""val_loss""]",False,False,False,False,0.162405,291.504,,2.5999,,Pythia,,139000,0.162405|291.504|
B1_291,B,pythia_training_log_existing.csv,真实,fit,pythia_N_0.162405,pythia_N_0.162405,"[""N_params_B"",""D_tokens_B"",""val_loss""]","[""val_loss""]",False,False,False,False,0.162405,293.601,,2.5993,,Pythia,,140000,0.162405|293.601|
B1_292,B,pythia_training_log_existing.csv,真实,fit,pythia_N_0.162405,pythia_N_0.162405,"[""N_params_B"",""D_tokens_B"",""val_loss""]","[""val_loss""]",False,False,False,False,0.162405,295.698,,2.5989,,Pythia,,141000,0.162405|295.698|
B1_293,B,pythia_training_log_existing.csv,真实,fit,pythia_N_0.162405,pythia_N_0.162405,"[""N_params_B"",""D_tokens_B"",""val_loss""]","[""val_loss""]",False,False,False,False,0.162405,297.796,,2.5985,,Pythia,,142000,0.162405|297.796|
B1_294,B,pythia_training_log_existing.csv,真实,fit,pythia_N_0.162405,pythia_N_0.162405,"[""N_params_B"",""D_tokens_B"",""val_loss""]","[""val_loss""]",False,False,False,False,0.162405,299.893,,2.5978,,Pythia,,143000,0.162405|299.893|
B1_295,B,pythia_training_log_existing.csv,真实,fit,pythia_N_0.409009,pythia_N_0.409009,"[""N_params_B"",""D_tokens_B"",""val_loss""]","[""val_loss""]",False,False,False,False,0.409009,0.134,,4.3461,,Pythia,,64,0.409009|0.134|
B1_296,B,pythia_training_log_existing.csv,真实,fit,pythia_N_0.409009,pythia_N_0.409009,"[""N_params_B"",""D_tokens_B"",""val_loss""]","[""val_loss""]",False,False,False,False,0.409009,0.268,,3.9625,,Pythia,,128,0.409009|0.268|
B1_297,B,pythia_training_log_existing.csv,真实,fit,pythia_N_0.409009,pythia_N_0.409009,"[""N_params_B"",""D_tokens_B"",""val_loss""]","[""val_loss""]",False,False,False,False,0.409009,0.537,,3.6458,,Pythia,,256,0.409009|0.537|
B1_298,B,pythia_training_log_existing.csv,真实,fit,pythia_N_0.409009,pythia_N_0.409009,"[""N_params_B"",""D_tokens_B"",""val_loss""]","[""val_loss""]",False,False,False,False,0.409009,1.074,,3.3856,,Pythia,,512,0.409009|1.074|
B1_299,B,pythia_training_log_existing.csv,真实,fit,pythia_N_0.409009,pythia_N_0.409009,"[""N_params_B"",""D_tokens_B"",""val_loss""]","[""val_loss""]",False,False,False,False,0.409009,2.097,,3.1777,,Pythia,,1000,0.409009|2.097|
B1_300,B,pythia_training_log_existing.csv,真实,fit,pythia_N_0.409009,pythia_N_0.409009,"[""N_params_B"",""D_tokens_B"",""val_loss""]","[""val_loss""]",False,False,False,False,0.409009,4.194,,2.9999,,Pythia,,2000,0.409009|4.194|
B1_301,B,pythia_training_log_existing.csv,真实,fit,pythia_N_0.409009,pythia_N_0.409009,"[""N_params_B"",""D_tokens_B"",""val_loss""]","[""val_loss""]",False,False,False,False,0.409009,6.291,,2.9109,,Pythia,,3000,0.409009|6.291|
B1_302,B,pythia_training_log_existing.csv,真实,fit,pythia_N_0.409009,pythia_N_0.409009,"[""N_params_B"",""D_tokens_B"",""val_loss""]","[""val_loss""]",False,False,False,False,0.409009,8.389,,2.8533,,Pythia,,4000,0.409009|8.389|
B1_303,B,pythia_training_log_existing.csv,真实,fit,pythia_N_0.409009,pythia_N_0.409009,"[""N_params_B"",""D_tokens_B"",""val_loss""]","[""val_loss""]",False,False,False,False,0.409009,10.486,,2.8125,,Pythia,,5000,0.409009|10.486|
B1_304,B,pythia_training_log_existing.csv,真实,fit,pythia_N_0.409009,pythia_N_0.409009,"[""N_params_B"",""D_tokens_B"",""val_loss""]","[""val_loss""]",False,False,False,False,0.409009,12.583,,2.7799,,Pythia,,6000,0.409009|12.583|
B1_305,B,pythia_training_log_existing.csv,真实,fit,pythia_N_0.409009,pythia_N_0.409009,"[""N_params_B"",""D_tokens_B"",""val_loss""]","[""val_loss""]",False,False,False,False,0.409009,14.68,,2.754,,Pythia,,7000,0.409009|14.68|
B1_306,B,pythia_training_log_existing.csv,真实,fit,pythia_N_0.409009,pythia_N_0.409009,"[""N_params_B"",""D_tokens_B"",""val_loss""]","[""val_loss""]",False,False,False,False,0.409009,16.777,,2.733,,Pythia,,8000,0.409009|16.777|
B1_307,B,pythia_training_log_existing.csv,真实,fit,pythia_N_0.409009,pythia_N_0.409009,"[""N_params_B"",""D_tokens_B"",""val_loss""]","[""val_loss""]",False,False,False,False,0.409009,18.874,,2.7147,,Pythia,,9000,0.409009|18.874|
B1_308,B,pythia_training_log_existing.csv,真实,fit,pythia_N_0.409009,pythia_N_0.409009,"[""N_params_B"",""D_tokens_B"",""val_loss""]","[""val_loss""]",False,False,False,False,0.409009,20.972,,2.6988,,Pythia,,10000,0.409009|20.972|
B1_309,B,pythia_training_log_existing.csv,真实,fit,pythia_N_0.409009,pythia_N_0.409009,"[""N_params_B"",""D_tokens_B"",""val_loss""]","[""val_loss""]",False,False,False,False,0.409009,23.069,,2.6849,,Pythia,,11000,0.409009|23.069|
B1_310,B,pythia_training_log_existing.csv,真实,fit,pythia_N_0.409009,pythia_N_0.409009,"[""N_params_B"",""D_tokens_B"",""val_loss""]","[""val_loss""]",False,False,False,False,0.409009,25.166,,2.6724,,Pythia,,12000,0.409009|25.166|
B1_311,B,pythia_training_log_existing.csv,真实,fit,pythia_N_0.409009,pythia_N_0.409009,"[""N_params_B"",""D_tokens_B"",""val_loss""]","[""val_loss""]",False,False,False,False,0.409009,27.263,,2.6611,,Pythia,,13000,0.409009|27.263|
B1_312,B,pythia_training_log_existing.csv,真实,fit,pythia_N_0.409009,pythia_N_0.409009,"[""N_params_B"",""D_tokens_B"",""val_loss""]","[""val_loss""]",False,False,False,False,0.409009,29.36,,2.6512,,Pythia,,14000,0.409009|29.36|
B1_313,B,pythia_training_log_existing.csv,真实,fit,pythia_N_0.409009,pythia_N_0.409009,"[""N_params_B"",""D_tokens_B"",""val_loss""]","[""val_loss""]",False,False,False,False,0.409009,31.457,,2.6418,,Pythia,,15000,0.409009|31.457|
B1_314,B,pythia_training_log_existing.csv,真实,fit,pythia_N_0.409009,pythia_N_0.409009,"[""N_params_B"",""D_tokens_B"",""val_loss""]","[""val_loss""]",False,False,False,False,0.409009,33.554,,2.6336,,Pythia,,16000,0.409009|33.554|
B1_315,B,pythia_training_log_existing.csv,真实,fit,pythia_N_0.409009,pythia_N_0.409009,"[""N_params_B"",""D_tokens_B"",""val_loss""]","[""val_loss""]",False,False,False,False,0.409009,35.652,,2.6256,,Pythia,,17000,0.409009|35.652|
B1_316,B,pythia_training_log_existing.csv,真实,fit,pythia_N_0.409009,pythia_N_0.409009,"[""N_params_B"",""D_tokens_B"",""val_loss""]","[""val_loss""]",False,False,False,False,0.409009,37.749,,2.6183,,Pythia,,18000,0.409009|37.749|
B1_317,B,pythia_training_log_existing.csv,真实,fit,pythia_N_0.409009,pythia_N_0.409009,"[""N_params_B"",""D_tokens_B"",""val_loss""]","[""val_loss""]",False,False,False,False,0.409009,39.846,,2.6116,,Pythia,,19000,0.409009|39.846|
B1_318,B,pythia_training_log_existing.csv,真实,fit,pythia_N_0.409009,pythia_N_0.409009,"[""N_params_B"",""D_tokens_B"",""val_loss""]","[""val_loss""]",False,False,False,False,0.409009,41.943,,2.6055,,Pythia,,20000,0.409009|41.943|
B1_319,B,pythia_training_log_existing.csv,真实,fit,pythia_N_0.409009,pythia_N_0.409009,"[""N_params_B"",""D_tokens_B"",""val_loss""]","[""val_loss""]",False,False,False,False,0.409009,44.04,,2.5994,,Pythia,,21000,0.409009|44.04|
B1_320,B,pythia_training_log_existing.csv,真实,fit,pythia_N_0.409009,pythia_N_0.409009,"[""N_params_B"",""D_tokens_B"",""val_loss""]","[""val_loss""]",False,False,False,False,0.409009,46.137,,2.5938,,Pythia,,22000,0.409009|46.137|
B1_321,B,pythia_training_log_existing.csv,真实,fit,pythia_N_0.409009,pythia_N_0.409009,"[""N_params_B"",""D_tokens_B"",""val_loss""]","[""val_loss""]",False,False,False,False,0.409009,48.234,,2.5887,,Pythia,,23000,0.409009|48.234|
B1_322,B,pythia_training_log_existing.csv,真实,fit,pythia_N_0.409009,pythia_N_0.409009,"[""N_params_B"",""D_tokens_B"",""val_loss""]","[""val_loss""]",False,False,False,False,0.409009,50.332,,2.5837,,Pythia,,24000,0.409009|50.332|
B1_323,B,pythia_training_log_existing.csv,真实,fit,pythia_N_0.409009,pythia_N_0.409009,"[""N_params_B"",""D_tokens_B"",""val_loss""]","[""val_loss""]",False,False,False,False,0.409009,52.429,,2.5789,,Pythia,,25000,0.409009|52.429|
B1_324,B,pythia_training_log_existing.csv,真实,fit,pythia_N_0.409009,pythia_N_0.409009,"[""N_params_B"",""D_tokens_B"",""val_loss""]","[""val_loss""]",False,False,False,False,0.409009,54.526,,2.5745,,Pythia,,26000,0.409009|54.526|
B1_325,B,pythia_training_log_existing.csv,真实,fit,pythia_N_0.409009,pythia_N_0.409009,"[""N_params_B"",""D_tokens_B"",""val_loss""]","[""val_loss""]",False,False,False,False,0.409009,56.623,,2.5703,,Pythia,,27000,0.409009|56.623|
B1_326,B,pythia_training_log_existing.csv,真实,fit,pythia_N_0.409009,pythia_N_0.409009,"[""N_params_B"",""D_tokens_B"",""val_loss""]","[""val_loss""]",False,False,False,False,0.409009,58.72,,2.566,,Pythia,,28000,0.409009|58.72|
B1_327,B,pythia_training_log_existing.csv,真实,fit,pythia_N_0.409009,pythia_N_0.409009,"[""N_params_B"",""D_tokens_B"",""val_loss""]","[""val_loss""]",False,False,False,False,0.409009,60.817,,2.5621,,Pythia,,29000,0.409009|60.817|
B1_328,B,pythia_training_log_existing.csv,真实,fit,pythia_N_0.409009,pythia_N_0.409009,"[""N_params_B"",""D_tokens_B"",""val_loss""]","[""val_loss""]",False,False,False,False,0.409009,62.915,,2.5585,,Pythia,,30000,0.409009|62.915|
B1_329,B,pythia_training_log_existing.csv,真实,fit,pythia_N_0.409009,pythia_N_0.409009,"[""N_params_B"",""D_tokens_B"",""val_loss""]","[""val_loss""]",False,False,False,False,0.409009,65.012,,2.555,,Pythia,,31000,0.409009|65.012|
B1_330,B,pythia_training_log_existing.csv,真实,fit,pythia_N_0.409009,pythia_N_0.409009,"[""N_params_B"",""D_tokens_B"",""val_loss""]","[""val_loss""]",False,False,False,False,0.409009,67.109,,2.5517,,Pythia,,32000,0.409009|67.109|
B1_331,B,pythia_training_log_existing.csv,真实,fit,pythia_N_0.409009,pythia_N_0.409009,"[""N_params_B"",""D_tokens_B"",""val_loss""]","[""val_loss""]",False,False,False,False,0.409009,69.206,,2.5486,,Pythia,,33000,0.409009|69.206|
B1_332,B,pythia_training_log_existing.csv,真实,fit,pythia_N_0.409009,pythia_N_0.409009,"[""N_params_B"",""D_tokens_B"",""val_loss""]","[""val_loss""]",False,False,False,False,0.409009,71.303,,2.5454,,Pythia,,34000,0.409009|71.303|
B1_333,B,pythia_training_log_existing.csv,真实,fit,pythia_N_0.409009,pythia_N_0.409009,"[""N_params_B"",""D_tokens_B"",""val_loss""]","[""val_loss""]",False,False,False,False,0.409009,73.4,,2.5422,,Pythia,,35000,0.409009|73.4|
B1_334,B,pythia_training_log_existing.csv,真实,fit,pythia_N_0.409009,pythia_N_0.409009,"[""N_params_B"",""D_tokens_B"",""val_loss""]","[""val_loss""]",False,False,False,False,0.409009,75.497,,2.5393,,Pythia,,36000,0.409009|75.497|
B1_335,B,pythia_training_log_existing.csv,真实,fit,pythia_N_0.409009,pythia_N_0.409009,"[""N_params_B"",""D_tokens_B"",""val_loss""]","[""val_loss""]",False,False,False,False,0.409009,77.595,,2.5363,,Pythia,,37000,0.409009|77.595|
B1_336,B,pythia_training_log_existing.csv,真实,fit,pythia_N_0.409009,pythia_N_0.409009,"[""N_params_B"",""D_tokens_B"",""val_loss""]","[""val_loss""]",False,False,False,False,0.409009,79.692,,2.5337,,Pythia,,38000,0.409009|79.692|
B1_337,B,pythia_training_log_existing.csv,真实,fit,pythia_N_0.409009,pythia_N_0.409009,"[""N_params_B"",""D_tokens_B"",""val_loss""]","[""val_loss""]",False,False,False,False,0.409009,81.789,,2.531,,Pythia,,39000,0.409009|81.789|
B1_338,B,pythia_training_log_existing.csv,真实,fit,pythia_N_0.409009,pythia_N_0.409009,"[""N_params_B"",""D_tokens_B"",""val_loss""]","[""val_loss""]",False,False,False,False,0.409009,83.886,,2.5286,,Pythia,,40000,0.409009|83.886|
B1_339,B,pythia_training_log_existing.csv,真实,fit,pythia_N_0.409009,pythia_N_0.409009,"[""N_params_B"",""D_tokens_B"",""val_loss""]","[""val_loss""]",False,False,False,False,0.409009,85.983,,2.5259,,Pythia,,41000,0.409009|85.983|
B1_340,B,pythia_training_log_existing.csv,真实,fit,pythia_N_0.409009,pythia_N_0.409009,"[""N_params_B"",""D_tokens_B"",""val_loss""]","[""val_loss""]",False,False,False,False,0.409009,88.08,,2.5237,,Pythia,,42000,0.409009|88.08|
B1_341,B,pythia_training_log_existing.csv,真实,fit,pythia_N_0.409009,pythia_N_0.409009,"[""N_params_B"",""D_tokens_B"",""val_loss""]","[""val_loss""]",False,False,False,False,0.409009,90.178,,2.5215,,Pythia,,43000,0.409009|90.178|
B1_342,B,pythia_training_log_existing.csv,真实,fit,pythia_N_0.409009,pythia_N_0.409009,"[""N_params_B"",""D_tokens_B"",""val_loss""]","[""val_loss""]",False,False,False,False,0.409009,92.275,,2.5191,,Pythia,,44000,0.409009|92.275|
B1_343,B,pythia_training_log_existing.csv,真实,fit,pythia_N_0.409009,pythia_N_0.409009,"[""N_params_B"",""D_tokens_B"",""val_loss""]","[""val_loss""]",False,False,False,False,0.409009,94.372,,2.5169,,Pythia,,45000,0.409009|94.372|
B1_344,B,pythia_training_log_existing.csv,真实,fit,pythia_N_0.409009,pythia_N_0.409009,"[""N_params_B"",""D_tokens_B"",""val_loss""]","[""val_loss""]",False,False,False,False,0.409009,96.469,,2.5148,,Pythia,,46000,0.409009|96.469|
B1_345,B,pythia_training_log_existing.csv,真实,fit,pythia_N_0.409009,pythia_N_0.409009,"[""N_params_B"",""D_tokens_B"",""val_loss""]","[""val_loss""]",False,False,False,False,0.409009,98.566,,2.5126,,Pythia,,47000,0.409009|98.566|
B1_346,B,pythia_training_log_existing.csv,真实,fit,pythia_N_0.409009,pythia_N_0.409009,"[""N_params_B"",""D_tokens_B"",""val_loss""]","[""val_loss""]",False,False,False,False,0.409009,100.663,,2.5107,,Pythia,,48000,0.409009|100.663|
B1_347,B,pythia_training_log_existing.csv,真实,fit,pythia_N_0.409009,pythia_N_0.409009,"[""N_params_B"",""D_tokens_B"",""val_loss""]","[""val_loss""]",False,False,False,False,0.409009,102.76,,2.5087,,Pythia,,49000,0.409009|102.76|
B1_348,B,pythia_training_log_existing.csv,真实,fit,pythia_N_0.409009,pythia_N_0.409009,"[""N_params_B"",""D_tokens_B"",""val_loss""]","[""val_loss""]",False,False,False,False,0.409009,104.858,,2.5068,,Pythia,,50000,0.409009|104.858|
B1_349,B,pythia_training_log_existing.csv,真实,fit,pythia_N_0.409009,pythia_N_0.409009,"[""N_params_B"",""D_tokens_B"",""val_loss""]","[""val_loss""]",False,False,False,False,0.409009,106.955,,2.5048,,Pythia,,51000,0.409009|106.955|
B1_350,B,pythia_training_log_existing.csv,真实,fit,pythia_N_0.409009,pythia_N_0.409009,"[""N_params_B"",""D_tokens_B"",""val_loss""]","[""val_loss""]",False,False,False,False,0.409009,109.052,,2.5031,,Pythia,,52000,0.409009|109.052|
B1_351,B,pythia_training_log_existing.csv,真实,fit,pythia_N_0.409009,pythia_N_0.409009,"[""N_params_B"",""D_tokens_B"",""val_loss""]","[""val_loss""]",False,False,False,False,0.409009,111.149,,2.5014,,Pythia,,53000,0.409009|111.149|
B1_352,B,pythia_training_log_existing.csv,真实,fit,pythia_N_0.409009,pythia_N_0.409009,"[""N_params_B"",""D_tokens_B"",""val_loss""]","[""val_loss""]",False,False,False,False,0.409009,113.246,,2.4998,,Pythia,,54000,0.409009|113.246|
B1_353,B,pythia_training_log_existing.csv,真实,fit,pythia_N_0.409009,pythia_N_0.409009,"[""N_params_B"",""D_tokens_B"",""val_loss""]","[""val_loss""]",False,False,False,False,0.409009,115.343,,2.498,,Pythia,,55000,0.409009|115.343|
B1_354,B,pythia_training_log_existing.csv,真实,fit,pythia_N_0.409009,pythia_N_0.409009,"[""N_params_B"",""D_tokens_B"",""val_loss""]","[""val_loss""]",False,False,False,False,0.409009,117.441,,2.4965,,Pythia,,56000,0.409009|117.441|
B1_355,B,pythia_training_log_existing.csv,真实,fit,pythia_N_0.409009,pythia_N_0.409009,"[""N_params_B"",""D_tokens_B"",""val_loss""]","[""val_loss""]",False,False,False,False,0.409009,119.538,,2.4946,,Pythia,,57000,0.409009|119.538|
B1_356,B,pythia_training_log_existing.csv,真实,fit,pythia_N_0.409009,pythia_N_0.409009,"[""N_params_B"",""D_tokens_B"",""val_loss""]","[""val_loss""]",False,False,False,False,0.409009,121.635,,2.4932,,Pythia,,58000,0.409009|121.635|
B1_357,B,pythia_training_log_existing.csv,真实,fit,pythia_N_0.409009,pythia_N_0.409009,"[""N_params_B"",""D_tokens_B"",""val_loss""]","[""val_loss""]",False,False,False,False,0.409009,123.732,,2.4916,,Pythia,,59000,0.409009|123.732|
B1_358,B,pythia_training_log_existing.csv,真实,fit,pythia_N_0.409009,pythia_N_0.409009,"[""N_params_B"",""D_tokens_B"",""val_loss""]","[""val_loss""]",False,False,False,False,0.409009,125.829,,2.4903,,Pythia,,60000,0.409009|125.829|
B1_359,B,pythia_training_log_existing.csv,真实,fit,pythia_N_0.409009,pythia_N_0.409009,"[""N_params_B"",""D_tokens_B"",""val_loss""]","[""val_loss""]",False,False,False,False,0.409009,127.926,,2.4884,,Pythia,,61000,0.409009|127.926|
B1_360,B,pythia_training_log_existing.csv,真实,fit,pythia_N_0.409009,pythia_N_0.409009,"[""N_params_B"",""D_tokens_B"",""val_loss""]","[""val_loss""]",False,False,False,False,0.409009,130.023,,2.487,,Pythia,,62000,0.409009|130.023|
B1_361,B,pythia_training_log_existing.csv,真实,fit,pythia_N_0.409009,pythia_N_0.409009,"[""N_params_B"",""D_tokens_B"",""val_loss""]","[""val_loss""]",False,False,False,False,0.409009,132.121,,2.4856,,Pythia,,63000,0.409009|132.121|
B1_362,B,pythia_training_log_existing.csv,真实,fit,pythia_N_0.409009,pythia_N_0.409009,"[""N_params_B"",""D_tokens_B"",""val_loss""]","[""val_loss""]",False,False,False,False,0.409009,134.218,,2.484,,Pythia,,64000,0.409009|134.218|
B1_363,B,pythia_training_log_existing.csv,真实,fit,pythia_N_0.409009,pythia_N_0.409009,"[""N_params_B"",""D_tokens_B"",""val_loss""]","[""val_loss""]",False,False,False,False,0.409009,136.315,,2.4829,,Pythia,,65000,0.409009|136.315|
B1_364,B,pythia_training_log_existing.csv,真实,fit,pythia_N_0.409009,pythia_N_0.409009,"[""N_params_B"",""D_tokens_B"",""val_loss""]","[""val_loss""]",False,False,False,False,0.409009,138.412,,2.4815,,Pythia,,66000,0.409009|138.412|
B1_365,B,pythia_training_log_existing.csv,真实,fit,pythia_N_0.409009,pythia_N_0.409009,"[""N_params_B"",""D_tokens_B"",""val_loss""]","[""val_loss""]",False,False,False,False,0.409009,140.509,,2.4803,,Pythia,,67000,0.409009|140.509|
B1_366,B,pythia_training_log_existing.csv,真实,fit,pythia_N_0.409009,pythia_N_0.409009,"[""N_params_B"",""D_tokens_B"",""val_loss""]","[""val_loss""]",False,False,False,False,0.409009,142.606,,2.479,,Pythia,,68000,0.409009|142.606|
B1_367,B,pythia_training_log_existing.csv,真实,fit,pythia_N_0.409009,pythia_N_0.409009,"[""N_params_B"",""D_tokens_B"",""val_loss""]","[""val_loss""]",False,False,False,False,0.409009,144.703,,2.478,,Pythia,,69000,0.409009|144.703|
B1_368,B,pythia_training_log_existing.csv,真实,fit,pythia_N_0.409009,pythia_N_0.409009,"[""N_params_B"",""D_tokens_B"",""val_loss""]","[""val_loss""]",False,False,False,False,0.409009,146.801,,2.4766,,Pythia,,70000,0.409009|146.801|
B1_369,B,pythia_training_log_existing.csv,真实,fit,pythia_N_0.409009,pythia_N_0.409009,"[""N_params_B"",""D_tokens_B"",""val_loss""]","[""val_loss""]",False,False,False,False,0.409009,148.898,,2.4752,,Pythia,,71000,0.409009|148.898|
B1_370,B,pythia_training_log_existing.csv,真实,fit,pythia_N_0.409009,pythia_N_0.409009,"[""N_params_B"",""D_tokens_B"",""val_loss""]","[""val_loss""]",False,False,False,False,0.409009,150.995,,2.474,,Pythia,,72000,0.409009|150.995|
B1_371,B,pythia_training_log_existing.csv,真实,fit,pythia_N_0.409009,pythia_N_0.409009,"[""N_params_B"",""D_tokens_B"",""val_loss""]","[""val_loss""]",False,False,False,False,0.409009,153.092,,2.473,,Pythia,,73000,0.409009|153.092|
B1_372,B,pythia_training_log_existing.csv,真实,fit,pythia_N_0.409009,pythia_N_0.409009,"[""N_params_B"",""D_tokens_B"",""val_loss""]","[""val_loss""]",False,False,False,False,0.409009,155.189,,2.4716,,Pythia,,74000,0.409009|155.189|
B1_373,B,pythia_training_log_existing.csv,真实,fit,pythia_N_0.409009,pythia_N_0.409009,"[""N_params_B"",""D_tokens_B"",""val_loss""]","[""val_loss""]",False,False,False,False,0.409009,157.286,,2.4708,,Pythia,,75000,0.409009|157.286|
B1_374,B,pythia_training_log_existing.csv,真实,fit,pythia_N_0.409009,pythia_N_0.409009,"[""N_params_B"",""D_tokens_B"",""val_loss""]","[""val_loss""]",False,False,False,False,0.409009,159.384,,2.4696,,Pythia,,76000,0.409009|159.384|
B1_375,B,pythia_training_log_existing.csv,真实,fit,pythia_N_0.409009,pythia_N_0.409009,"[""N_params_B"",""D_tokens_B"",""val_loss""]","[""val_loss""]",False,False,False,False,0.409009,161.481,,2.4683,,Pythia,,77000,0.409009|161.481|
B1_376,B,pythia_training_log_existing.csv,真实,fit,pythia_N_0.409009,pythia_N_0.409009,"[""N_params_B"",""D_tokens_B"",""val_loss""]","[""val_loss""]",False,False,False,False,0.409009,163.578,,2.4671,,Pythia,,78000,0.409009|163.578|
B1_377,B,pythia_training_log_existing.csv,真实,fit,pythia_N_0.409009,pythia_N_0.409009,"[""N_params_B"",""D_tokens_B"",""val_loss""]","[""val_loss""]",False,False,False,False,0.409009,165.675,,2.4664,,Pythia,,79000,0.409009|165.675|
B1_378,B,pythia_training_log_existing.csv,真实,fit,pythia_N_0.409009,pythia_N_0.409009,"[""N_params_B"",""D_tokens_B"",""val_loss""]","[""val_loss""]",False,False,False,False,0.409009,167.772,,2.4652,,Pythia,,80000,0.409009|167.772|
B1_379,B,pythia_training_log_existing.csv,真实,fit,pythia_N_0.409009,pythia_N_0.409009,"[""N_params_B"",""D_tokens_B"",""val_loss""]","[""val_loss""]",False,False,False,False,0.409009,169.869,,2.4644,,Pythia,,81000,0.409009|169.869|
B1_380,B,pythia_training_log_existing.csv,真实,fit,pythia_N_0.409009,pythia_N_0.409009,"[""N_params_B"",""D_tokens_B"",""val_loss""]","[""val_loss""]",False,False,False,False,0.409009,171.966,,2.463,,Pythia,,82000,0.409009|171.966|
B1_381,B,pythia_training_log_existing.csv,真实,fit,pythia_N_0.409009,pythia_N_0.409009,"[""N_params_B"",""D_tokens_B"",""val_loss""]","[""val_loss""]",False,False,False,False,0.409009,174.064,,2.4621,,Pythia,,83000,0.409009|174.064|
B1_382,B,pythia_training_log_existing.csv,真实,fit,pythia_N_0.409009,pythia_N_0.409009,"[""N_params_B"",""D_tokens_B"",""val_loss""]","[""val_loss""]",False,False,False,False,0.409009,176.161,,2.4612,,Pythia,,84000,0.409009|176.161|
B1_383,B,pythia_training_log_existing.csv,真实,fit,pythia_N_0.409009,pythia_N_0.409009,"[""N_params_B"",""D_tokens_B"",""val_loss""]","[""val_loss""]",False,False,False,False,0.409009,178.258,,2.4603,,Pythia,,85000,0.409009|178.258|
B1_384,B,pythia_training_log_existing.csv,真实,fit,pythia_N_0.409009,pythia_N_0.409009,"[""N_params_B"",""D_tokens_B"",""val_loss""]","[""val_loss""]",False,False,False,False,0.409009,180.355,,2.4592,,Pythia,,86000,0.409009|180.355|
B1_385,B,pythia_training_log_existing.csv,真实,fit,pythia_N_0.409009,pythia_N_0.409009,"[""N_params_B"",""D_tokens_B"",""val_loss""]","[""val_loss""]",False,False,False,False,0.409009,182.452,,2.4584,,Pythia,,87000,0.409009|182.452|
B1_386,B,pythia_training_log_existing.csv,真实,fit,pythia_N_0.409009,pythia_N_0.409009,"[""N_params_B"",""D_tokens_B"",""val_loss""]","[""val_loss""]",False,False,False,False,0.409009,184.549,,2.4573,,Pythia,,88000,0.409009|184.549|
B1_387,B,pythia_training_log_existing.csv,真实,fit,pythia_N_0.409009,pythia_N_0.409009,"[""N_params_B"",""D_tokens_B"",""val_loss""]","[""val_loss""]",False,False,False,False,0.409009,186.647,,2.4565,,Pythia,,89000,0.409009|186.647|
B1_388,B,pythia_training_log_existing.csv,真实,fit,pythia_N_0.409009,pythia_N_0.409009,"[""N_params_B"",""D_tokens_B"",""val_loss""]","[""val_loss""]",False,False,False,False,0.409009,188.744,,2.4557,,Pythia,,90000,0.409009|188.744|
B1_389,B,pythia_training_log_existing.csv,真实,fit,pythia_N_0.409009,pythia_N_0.409009,"[""N_params_B"",""D_tokens_B"",""val_loss""]","[""val_loss""]",False,False,False,False,0.409009,190.841,,2.4548,,Pythia,,91000,0.409009|190.841|
B1_390,B,pythia_training_log_existing.csv,真实,fit,pythia_N_0.409009,pythia_N_0.409009,"[""N_params_B"",""D_tokens_B"",""val_loss""]","[""val_loss""]",False,False,False,False,0.409009,192.938,,2.454,,Pythia,,92000,0.409009|192.938|
B1_391,B,pythia_training_log_existing.csv,真实,fit,pythia_N_0.409009,pythia_N_0.409009,"[""N_params_B"",""D_tokens_B"",""val_loss""]","[""val_loss""]",False,False,False,False,0.409009,195.035,,2.4529,,Pythia,,93000,0.409009|195.035|
B1_392,B,pythia_training_log_existing.csv,真实,fit,pythia_N_0.409009,pythia_N_0.409009,"[""N_params_B"",""D_tokens_B"",""val_loss""]","[""val_loss""]",False,False,False,False,0.409009,197.132,,2.452,,Pythia,,94000,0.409009|197.132|
B1_393,B,pythia_training_log_existing.csv,真实,fit,pythia_N_0.409009,pythia_N_0.409009,"[""N_params_B"",""D_tokens_B"",""val_loss""]","[""val_loss""]",False,False,False,False,0.409009,199.229,,2.4515,,Pythia,,95000,0.409009|199.229|
B1_394,B,pythia_training_log_existing.csv,真实,fit,pythia_N_0.409009,pythia_N_0.409009,"[""N_params_B"",""D_tokens_B"",""val_loss""]","[""val_loss""]",False,False,False,False,0.409009,201.327,,2.4506,,Pythia,,96000,0.409009|201.327|
B1_395,B,pythia_training_log_existing.csv,真实,fit,pythia_N_0.409009,pythia_N_0.409009,"[""N_params_B"",""D_tokens_B"",""val_loss""]","[""val_loss""]",False,False,False,False,0.409009,203.424,,2.4496,,Pythia,,97000,0.409009|203.424|
B1_396,B,pythia_training_log_existing.csv,真实,fit,pythia_N_0.409009,pythia_N_0.409009,"[""N_params_B"",""D_tokens_B"",""val_loss""]","[""val_loss""]",False,False,False,False,0.409009,205.521,,2.4491,,Pythia,,98000,0.409009|205.521|
B1_397,B,pythia_training_log_existing.csv,真实,fit,pythia_N_0.409009,pythia_N_0.409009,"[""N_params_B"",""D_tokens_B"",""val_loss""]","[""val_loss""]",False,False,False,False,0.409009,207.618,,2.4481,,Pythia,,99000,0.409009|207.618|
B1_398,B,pythia_training_log_existing.csv,真实,fit,pythia_N_0.409009,pythia_N_0.409009,"[""N_params_B"",""D_tokens_B"",""val_loss""]","[""val_loss""]",False,False,False,False,0.409009,209.715,,2.4475,,Pythia,,100000,0.409009|209.715|
B1_399,B,pythia_training_log_existing.csv,真实,fit,pythia_N_0.409009,pythia_N_0.409009,"[""N_params_B"",""D_tokens_B"",""val_loss""]","[""val_loss""]",False,False,False,False,0.409009,211.812,,2.4466,,Pythia,,101000,0.409009|211.812|
B1_400,B,pythia_training_log_existing.csv,真实,fit,pythia_N_0.409009,pythia_N_0.409009,"[""N_params_B"",""D_tokens_B"",""val_loss""]","[""val_loss""]",False,False,False,False,0.409009,213.91,,2.446,,Pythia,,102000,0.409009|213.91|
B1_401,B,pythia_training_log_existing.csv,真实,fit,pythia_N_0.409009,pythia_N_0.409009,"[""N_params_B"",""D_tokens_B"",""val_loss""]","[""val_loss""]",False,False,False,False,0.409009,216.007,,2.4452,,Pythia,,103000,0.409009|216.007|
B1_402,B,pythia_training_log_existing.csv,真实,fit,pythia_N_0.409009,pythia_N_0.409009,"[""N_params_B"",""D_tokens_B"",""val_loss""]","[""val_loss""]",False,False,False,False,0.409009,218.104,,2.4443,,Pythia,,104000,0.409009|218.104|
B1_403,B,pythia_training_log_existing.csv,真实,fit,pythia_N_0.409009,pythia_N_0.409009,"[""N_params_B"",""D_tokens_B"",""val_loss""]","[""val_loss""]",False,False,False,False,0.409009,220.201,,2.4437,,Pythia,,105000,0.409009|220.201|
B1_404,B,pythia_training_log_existing.csv,真实,fit,pythia_N_0.409009,pythia_N_0.409009,"[""N_params_B"",""D_tokens_B"",""val_loss""]","[""val_loss""]",False,False,False,False,0.409009,222.298,,2.4429,,Pythia,,106000,0.409009|222.298|
B1_405,B,pythia_training_log_existing.csv,真实,fit,pythia_N_0.409009,pythia_N_0.409009,"[""N_params_B"",""D_tokens_B"",""val_loss""]","[""val_loss""]",False,False,False,False,0.409009,224.395,,2.4423,,Pythia,,107000,0.409009|224.395|
B1_406,B,pythia_training_log_existing.csv,真实,fit,pythia_N_0.409009,pythia_N_0.409009,"[""N_params_B"",""D_tokens_B"",""val_loss""]","[""val_loss""]",False,False,False,False,0.409009,226.492,,2.4413,,Pythia,,108000,0.409009|226.492|
B1_407,B,pythia_training_log_existing.csv,真实,fit,pythia_N_0.409009,pythia_N_0.409009,"[""N_params_B"",""D_tokens_B"",""val_loss""]","[""val_loss""]",False,False,False,False,0.409009,228.59,,2.4408,,Pythia,,109000,0.409009|228.59|
B1_408,B,pythia_training_log_existing.csv,真实,fit,pythia_N_0.409009,pythia_N_0.409009,"[""N_params_B"",""D_tokens_B"",""val_loss""]","[""val_loss""]",False,False,False,False,0.409009,230.687,,2.4401,,Pythia,,110000,0.409009|230.687|
B1_409,B,pythia_training_log_existing.csv,真实,fit,pythia_N_0.409009,pythia_N_0.409009,"[""N_params_B"",""D_tokens_B"",""val_loss""]","[""val_loss""]",False,False,False,False,0.409009,232.784,,2.4391,,Pythia,,111000,0.409009|232.784|
B1_410,B,pythia_training_log_existing.csv,真实,fit,pythia_N_0.409009,pythia_N_0.409009,"[""N_params_B"",""D_tokens_B"",""val_loss""]","[""val_loss""]",False,False,False,False,0.409009,234.881,,2.4385,,Pythia,,112000,0.409009|234.881|
B1_411,B,pythia_training_log_existing.csv,真实,fit,pythia_N_0.409009,pythia_N_0.409009,"[""N_params_B"",""D_tokens_B"",""val_loss""]","[""val_loss""]",False,False,False,False,0.409009,236.978,,2.4377,,Pythia,,113000,0.409009|236.978|
B1_412,B,pythia_training_log_existing.csv,真实,fit,pythia_N_0.409009,pythia_N_0.409009,"[""N_params_B"",""D_tokens_B"",""val_loss""]","[""val_loss""]",False,False,False,False,0.409009,239.075,,2.4373,,Pythia,,114000,0.409009|239.075|
B1_413,B,pythia_training_log_existing.csv,真实,fit,pythia_N_0.409009,pythia_N_0.409009,"[""N_params_B"",""D_tokens_B"",""val_loss""]","[""val_loss""]",False,False,False,False,0.409009,241.172,,2.4368,,Pythia,,115000,0.409009|241.172|
B1_414,B,pythia_training_log_existing.csv,真实,fit,pythia_N_0.409009,pythia_N_0.409009,"[""N_params_B"",""D_tokens_B"",""val_loss""]","[""val_loss""]",False,False,False,False,0.409009,243.27,,2.4362,,Pythia,,116000,0.409009|243.27|
B1_415,B,pythia_training_log_existing.csv,真实,fit,pythia_N_0.409009,pythia_N_0.409009,"[""N_params_B"",""D_tokens_B"",""val_loss""]","[""val_loss""]",False,False,False,False,0.409009,245.367,,2.4354,,Pythia,,117000,0.409009|245.367|
B1_416,B,pythia_training_log_existing.csv,真实,fit,pythia_N_0.409009,pythia_N_0.409009,"[""N_params_B"",""D_tokens_B"",""val_loss""]","[""val_loss""]",False,False,False,False,0.409009,247.464,,2.4349,,Pythia,,118000,0.409009|247.464|
B1_417,B,pythia_training_log_existing.csv,真实,fit,pythia_N_0.409009,pythia_N_0.409009,"[""N_params_B"",""D_tokens_B"",""val_loss""]","[""val_loss""]",False,False,False,False,0.409009,249.561,,2.434,,Pythia,,119000,0.409009|249.561|
B1_418,B,pythia_training_log_existing.csv,真实,fit,pythia_N_0.409009,pythia_N_0.409009,"[""N_params_B"",""D_tokens_B"",""val_loss""]","[""val_loss""]",False,False,False,False,0.409009,251.658,,2.4333,,Pythia,,120000,0.409009|251.658|
B1_419,B,pythia_training_log_existing.csv,真实,fit,pythia_N_0.409009,pythia_N_0.409009,"[""N_params_B"",""D_tokens_B"",""val_loss""]","[""val_loss""]",False,False,False,False,0.409009,253.755,,2.4329,,Pythia,,121000,0.409009|253.755|
B1_420,B,pythia_training_log_existing.csv,真实,fit,pythia_N_0.409009,pythia_N_0.409009,"[""N_params_B"",""D_tokens_B"",""val_loss""]","[""val_loss""]",False,False,False,False,0.409009,255.853,,2.4323,,Pythia,,122000,0.409009|255.853|
B1_421,B,pythia_training_log_existing.csv,真实,fit,pythia_N_0.409009,pythia_N_0.409009,"[""N_params_B"",""D_tokens_B"",""val_loss""]","[""val_loss""]",False,False,False,False,0.409009,257.95,,2.4317,,Pythia,,123000,0.409009|257.95|
B1_422,B,pythia_training_log_existing.csv,真实,fit,pythia_N_0.409009,pythia_N_0.409009,"[""N_params_B"",""D_tokens_B"",""val_loss""]","[""val_loss""]",False,False,False,False,0.409009,260.047,,2.4309,,Pythia,,124000,0.409009|260.047|
B1_423,B,pythia_training_log_existing.csv,真实,fit,pythia_N_0.409009,pythia_N_0.409009,"[""N_params_B"",""D_tokens_B"",""val_loss""]","[""val_loss""]",False,False,False,False,0.409009,262.144,,2.4305,,Pythia,,125000,0.409009|262.144|
B1_424,B,pythia_training_log_existing.csv,真实,fit,pythia_N_0.409009,pythia_N_0.409009,"[""N_params_B"",""D_tokens_B"",""val_loss""]","[""val_loss""]",False,False,False,False,0.409009,264.241,,2.4298,,Pythia,,126000,0.409009|264.241|
B1_425,B,pythia_training_log_existing.csv,真实,fit,pythia_N_0.409009,pythia_N_0.409009,"[""N_params_B"",""D_tokens_B"",""val_loss""]","[""val_loss""]",False,False,False,False,0.409009,266.338,,2.4294,,Pythia,,127000,0.409009|266.338|
B1_426,B,pythia_training_log_existing.csv,真实,fit,pythia_N_0.409009,pythia_N_0.409009,"[""N_params_B"",""D_tokens_B"",""val_loss""]","[""val_loss""]",False,False,False,False,0.409009,268.435,,2.4288,,Pythia,,128000,0.409009|268.435|
B1_427,B,pythia_training_log_existing.csv,真实,fit,pythia_N_0.409009,pythia_N_0.409009,"[""N_params_B"",""D_tokens_B"",""val_loss""]","[""val_loss""]",False,False,False,False,0.409009,270.533,,2.4281,,Pythia,,129000,0.409009|270.533|
B1_428,B,pythia_training_log_existing.csv,真实,fit,pythia_N_0.409009,pythia_N_0.409009,"[""N_params_B"",""D_tokens_B"",""val_loss""]","[""val_loss""]",False,False,False,False,0.409009,272.63,,2.4276,,Pythia,,130000,0.409009|272.63|
B1_429,B,pythia_training_log_existing.csv,真实,fit,pythia_N_0.409009,pythia_N_0.409009,"[""N_params_B"",""D_tokens_B"",""val_loss""]","[""val_loss""]",False,False,False,False,0.409009,274.727,,2.427,,Pythia,,131000,0.409009|274.727|
B1_430,B,pythia_training_log_existing.csv,真实,fit,pythia_N_0.409009,pythia_N_0.409009,"[""N_params_B"",""D_tokens_B"",""val_loss""]","[""val_loss""]",False,False,False,False,0.409009,276.824,,2.4266,,Pythia,,132000,0.409009|276.824|
B1_431,B,pythia_training_log_existing.csv,真实,fit,pythia_N_0.409009,pythia_N_0.409009,"[""N_params_B"",""D_tokens_B"",""val_loss""]","[""val_loss""]",False,False,False,False,0.409009,278.921,,2.4261,,Pythia,,133000,0.409009|278.921|
B1_432,B,pythia_training_log_existing.csv,真实,fit,pythia_N_0.409009,pythia_N_0.409009,"[""N_params_B"",""D_tokens_B"",""val_loss""]","[""val_loss""]",False,False,False,False,0.409009,281.018,,2.4254,,Pythia,,134000,0.409009|281.018|
B1_433,B,pythia_training_log_existing.csv,真实,fit,pythia_N_0.409009,pythia_N_0.409009,"[""N_params_B"",""D_tokens_B"",""val_loss""]","[""val_loss""]",False,False,False,False,0.409009,283.116,,2.425,,Pythia,,135000,0.409009|283.116|
B1_434,B,pythia_training_log_existing.csv,真实,fit,pythia_N_0.409009,pythia_N_0.409009,"[""N_params_B"",""D_tokens_B"",""val_loss""]","[""val_loss""]",False,False,False,False,0.409009,285.213,,2.4244,,Pythia,,136000,0.409009|285.213|
B1_435,B,pythia_training_log_existing.csv,真实,fit,pythia_N_0.409009,pythia_N_0.409009,"[""N_params_B"",""D_tokens_B"",""val_loss""]","[""val_loss""]",False,False,False,False,0.409009,287.31,,2.4238,,Pythia,,137000,0.409009|287.31|
B1_436,B,pythia_training_log_existing.csv,真实,fit,pythia_N_0.409009,pythia_N_0.409009,"[""N_params_B"",""D_tokens_B"",""val_loss""]","[""val_loss""]",False,False,False,False,0.409009,289.407,,2.4234,,Pythia,,138000,0.409009|289.407|
B1_437,B,pythia_training_log_existing.csv,真实,fit,pythia_N_0.409009,pythia_N_0.409009,"[""N_params_B"",""D_tokens_B"",""val_loss""]","[""val_loss""]",False,False,False,False,0.409009,291.504,,2.4228,,Pythia,,139000,0.409009|291.504|
B1_438,B,pythia_training_log_existing.csv,真实,fit,pythia_N_0.409009,pythia_N_0.409009,"[""N_params_B"",""D_tokens_B"",""val_loss""]","[""val_loss""]",False,False,False,False,0.409009,293.601,,2.4223,,Pythia,,140000,0.409009|293.601|
B1_439,B,pythia_training_log_existing.csv,真实,fit,pythia_N_0.409009,pythia_N_0.409009,"[""N_params_B"",""D_tokens_B"",""val_loss""]","[""val_loss""]",False,False,False,False,0.409009,295.698,,2.4217,,Pythia,,141000,0.409009|295.698|
B1_440,B,pythia_training_log_existing.csv,真实,fit,pythia_N_0.409009,pythia_N_0.409009,"[""N_params_B"",""D_tokens_B"",""val_loss""]","[""val_loss""]",False,False,False,False,0.409009,297.796,,2.4216,,Pythia,,142000,0.409009|297.796|
B1_441,B,pythia_training_log_existing.csv,真实,fit,pythia_N_0.409009,pythia_N_0.409009,"[""N_params_B"",""D_tokens_B"",""val_loss""]","[""val_loss""]",False,False,False,False,0.409009,299.893,,2.4209,,Pythia,,143000,0.409009|299.893|
B1_442,B,pythia_training_log_existing.csv,真实,fit,pythia_N_1.040867,pythia_N_1.040867,"[""N_params_B"",""D_tokens_B"",""val_loss""]","[""val_loss""]",False,False,False,False,1.040867,0.134,,4.2153,,Pythia,,64,1.040867|0.134|
B1_443,B,pythia_training_log_existing.csv,真实,fit,pythia_N_1.040867,pythia_N_1.040867,"[""N_params_B"",""D_tokens_B"",""val_loss""]","[""val_loss""]",False,False,False,False,1.040867,0.268,,3.8315,,Pythia,,128,1.040867|0.268|
B1_444,B,pythia_training_log_existing.csv,真实,fit,pythia_N_1.040867,pythia_N_1.040867,"[""N_params_B"",""D_tokens_B"",""val_loss""]","[""val_loss""]",False,False,False,False,1.040867,0.537,,3.5146,,Pythia,,256,1.040867|0.537|
B1_445,B,pythia_training_log_existing.csv,真实,fit,pythia_N_1.040867,pythia_N_1.040867,"[""N_params_B"",""D_tokens_B"",""val_loss""]","[""val_loss""]",False,False,False,False,1.040867,1.074,,3.2545,,Pythia,,512,1.040867|1.074|
B1_446,B,pythia_training_log_existing.csv,真实,fit,pythia_N_1.040867,pythia_N_1.040867,"[""N_params_B"",""D_tokens_B"",""val_loss""]","[""val_loss""]",False,False,False,False,1.040867,2.097,,3.0476,,Pythia,,1000,1.040867|2.097|
B1_447,B,pythia_training_log_existing.csv,真实,fit,pythia_N_1.040867,pythia_N_1.040867,"[""N_params_B"",""D_tokens_B"",""val_loss""]","[""val_loss""]",False,False,False,False,1.040867,4.194,,2.8697,,Pythia,,2000,1.040867|4.194|
B1_448,B,pythia_training_log_existing.csv,真实,fit,pythia_N_1.040867,pythia_N_1.040867,"[""N_params_B"",""D_tokens_B"",""val_loss""]","[""val_loss""]",False,False,False,False,1.040867,6.291,,2.7802,,Pythia,,3000,1.040867|6.291|
B1_449,B,pythia_training_log_existing.csv,真实,fit,pythia_N_1.040867,pythia_N_1.040867,"[""N_params_B"",""D_tokens_B"",""val_loss""]","[""val_loss""]",False,False,False,False,1.040867,8.389,,2.723,,Pythia,,4000,1.040867|8.389|
B1_450,B,pythia_training_log_existing.csv,真实,fit,pythia_N_1.040867,pythia_N_1.040867,"[""N_params_B"",""D_tokens_B"",""val_loss""]","[""val_loss""]",False,False,False,False,1.040867,10.486,,2.6816,,Pythia,,5000,1.040867|10.486|
B1_451,B,pythia_training_log_existing.csv,真实,fit,pythia_N_1.040867,pythia_N_1.040867,"[""N_params_B"",""D_tokens_B"",""val_loss""]","[""val_loss""]",False,False,False,False,1.040867,12.583,,2.6501,,Pythia,,6000,1.040867|12.583|
B1_452,B,pythia_training_log_existing.csv,真实,fit,pythia_N_1.040867,pythia_N_1.040867,"[""N_params_B"",""D_tokens_B"",""val_loss""]","[""val_loss""]",False,False,False,False,1.040867,14.68,,2.6239,,Pythia,,7000,1.040867|14.68|
B1_453,B,pythia_training_log_existing.csv,真实,fit,pythia_N_1.040867,pythia_N_1.040867,"[""N_params_B"",""D_tokens_B"",""val_loss""]","[""val_loss""]",False,False,False,False,1.040867,16.777,,2.6023,,Pythia,,8000,1.040867|16.777|
B1_454,B,pythia_training_log_existing.csv,真实,fit,pythia_N_1.040867,pythia_N_1.040867,"[""N_params_B"",""D_tokens_B"",""val_loss""]","[""val_loss""]",False,False,False,False,1.040867,18.874,,2.5839,,Pythia,,9000,1.040867|18.874|
B1_455,B,pythia_training_log_existing.csv,真实,fit,pythia_N_1.040867,pythia_N_1.040867,"[""N_params_B"",""D_tokens_B"",""val_loss""]","[""val_loss""]",False,False,False,False,1.040867,20.972,,2.5679,,Pythia,,10000,1.040867|20.972|
B1_456,B,pythia_training_log_existing.csv,真实,fit,pythia_N_1.040867,pythia_N_1.040867,"[""N_params_B"",""D_tokens_B"",""val_loss""]","[""val_loss""]",False,False,False,False,1.040867,23.069,,2.5543,,Pythia,,11000,1.040867|23.069|
B1_457,B,pythia_training_log_existing.csv,真实,fit,pythia_N_1.040867,pythia_N_1.040867,"[""N_params_B"",""D_tokens_B"",""val_loss""]","[""val_loss""]",False,False,False,False,1.040867,25.166,,2.5417,,Pythia,,12000,1.040867|25.166|
B1_458,B,pythia_training_log_existing.csv,真实,fit,pythia_N_1.040867,pythia_N_1.040867,"[""N_params_B"",""D_tokens_B"",""val_loss""]","[""val_loss""]",False,False,False,False,1.040867,27.263,,2.5305,,Pythia,,13000,1.040867|27.263|
B1_459,B,pythia_training_log_existing.csv,真实,fit,pythia_N_1.040867,pythia_N_1.040867,"[""N_params_B"",""D_tokens_B"",""val_loss""]","[""val_loss""]",False,False,False,False,1.040867,29.36,,2.5205,,Pythia,,14000,1.040867|29.36|
B1_460,B,pythia_training_log_existing.csv,真实,fit,pythia_N_1.040867,pythia_N_1.040867,"[""N_params_B"",""D_tokens_B"",""val_loss""]","[""val_loss""]",False,False,False,False,1.040867,31.457,,2.5113,,Pythia,,15000,1.040867|31.457|
B1_461,B,pythia_training_log_existing.csv,真实,fit,pythia_N_1.040867,pythia_N_1.040867,"[""N_params_B"",""D_tokens_B"",""val_loss""]","[""val_loss""]",False,False,False,False,1.040867,33.554,,2.5032,,Pythia,,16000,1.040867|33.554|
B1_462,B,pythia_training_log_existing.csv,真实,fit,pythia_N_1.040867,pythia_N_1.040867,"[""N_params_B"",""D_tokens_B"",""val_loss""]","[""val_loss""]",False,False,False,False,1.040867,35.652,,2.4953,,Pythia,,17000,1.040867|35.652|
B1_463,B,pythia_training_log_existing.csv,真实,fit,pythia_N_1.040867,pythia_N_1.040867,"[""N_params_B"",""D_tokens_B"",""val_loss""]","[""val_loss""]",False,False,False,False,1.040867,37.749,,2.4879,,Pythia,,18000,1.040867|37.749|
B1_464,B,pythia_training_log_existing.csv,真实,fit,pythia_N_1.040867,pythia_N_1.040867,"[""N_params_B"",""D_tokens_B"",""val_loss""]","[""val_loss""]",False,False,False,False,1.040867,39.846,,2.4814,,Pythia,,19000,1.040867|39.846|
B1_465,B,pythia_training_log_existing.csv,真实,fit,pythia_N_1.040867,pythia_N_1.040867,"[""N_params_B"",""D_tokens_B"",""val_loss""]","[""val_loss""]",False,False,False,False,1.040867,41.943,,2.4749,,Pythia,,20000,1.040867|41.943|
B1_466,B,pythia_training_log_existing.csv,真实,fit,pythia_N_1.040867,pythia_N_1.040867,"[""N_params_B"",""D_tokens_B"",""val_loss""]","[""val_loss""]",False,False,False,False,1.040867,44.04,,2.4688,,Pythia,,21000,1.040867|44.04|
B1_467,B,pythia_training_log_existing.csv,真实,fit,pythia_N_1.040867,pythia_N_1.040867,"[""N_params_B"",""D_tokens_B"",""val_loss""]","[""val_loss""]",False,False,False,False,1.040867,46.137,,2.4636,,Pythia,,22000,1.040867|46.137|
B1_468,B,pythia_training_log_existing.csv,真实,fit,pythia_N_1.040867,pythia_N_1.040867,"[""N_params_B"",""D_tokens_B"",""val_loss""]","[""val_loss""]",False,False,False,False,1.040867,48.234,,2.4582,,Pythia,,23000,1.040867|48.234|
B1_469,B,pythia_training_log_existing.csv,真实,fit,pythia_N_1.040867,pythia_N_1.040867,"[""N_params_B"",""D_tokens_B"",""val_loss""]","[""val_loss""]",False,False,False,False,1.040867,50.332,,2.453,,Pythia,,24000,1.040867|50.332|
B1_470,B,pythia_training_log_existing.csv,真实,fit,pythia_N_1.040867,pythia_N_1.040867,"[""N_params_B"",""D_tokens_B"",""val_loss""]","[""val_loss""]",False,False,False,False,1.040867,52.429,,2.4485,,Pythia,,25000,1.040867|52.429|
B1_471,B,pythia_training_log_existing.csv,真实,fit,pythia_N_1.040867,pythia_N_1.040867,"[""N_params_B"",""D_tokens_B"",""val_loss""]","[""val_loss""]",False,False,False,False,1.040867,54.526,,2.4439,,Pythia,,26000,1.040867|54.526|
B1_472,B,pythia_training_log_existing.csv,真实,fit,pythia_N_1.040867,pythia_N_1.040867,"[""N_params_B"",""D_tokens_B"",""val_loss""]","[""val_loss""]",False,False,False,False,1.040867,56.623,,2.4396,,Pythia,,27000,1.040867|56.623|
B1_473,B,pythia_training_log_existing.csv,真实,fit,pythia_N_1.040867,pythia_N_1.040867,"[""N_params_B"",""D_tokens_B"",""val_loss""]","[""val_loss""]",False,False,False,False,1.040867,58.72,,2.4358,,Pythia,,28000,1.040867|58.72|
B1_474,B,pythia_training_log_existing.csv,真实,fit,pythia_N_1.040867,pythia_N_1.040867,"[""N_params_B"",""D_tokens_B"",""val_loss""]","[""val_loss""]",False,False,False,False,1.040867,60.817,,2.4321,,Pythia,,29000,1.040867|60.817|
B1_475,B,pythia_training_log_existing.csv,真实,fit,pythia_N_1.040867,pythia_N_1.040867,"[""N_params_B"",""D_tokens_B"",""val_loss""]","[""val_loss""]",False,False,False,False,1.040867,62.915,,2.4279,,Pythia,,30000,1.040867|62.915|
B1_476,B,pythia_training_log_existing.csv,真实,fit,pythia_N_1.040867,pythia_N_1.040867,"[""N_params_B"",""D_tokens_B"",""val_loss""]","[""val_loss""]",False,False,False,False,1.040867,65.012,,2.4246,,Pythia,,31000,1.040867|65.012|
B1_477,B,pythia_training_log_existing.csv,真实,fit,pythia_N_1.040867,pythia_N_1.040867,"[""N_params_B"",""D_tokens_B"",""val_loss""]","[""val_loss""]",False,False,False,False,1.040867,67.109,,2.4211,,Pythia,,32000,1.040867|67.109|
B1_478,B,pythia_training_log_existing.csv,真实,fit,pythia_N_1.040867,pythia_N_1.040867,"[""N_params_B"",""D_tokens_B"",""val_loss""]","[""val_loss""]",False,False,False,False,1.040867,69.206,,2.4178,,Pythia,,33000,1.040867|69.206|
B1_479,B,pythia_training_log_existing.csv,真实,fit,pythia_N_1.040867,pythia_N_1.040867,"[""N_params_B"",""D_tokens_B"",""val_loss""]","[""val_loss""]",False,False,False,False,1.040867,71.303,,2.4146,,Pythia,,34000,1.040867|71.303|
B1_480,B,pythia_training_log_existing.csv,真实,fit,pythia_N_1.040867,pythia_N_1.040867,"[""N_params_B"",""D_tokens_B"",""val_loss""]","[""val_loss""]",False,False,False,False,1.040867,73.4,,2.4116,,Pythia,,35000,1.040867|73.4|
B1_481,B,pythia_training_log_existing.csv,真实,fit,pythia_N_1.040867,pythia_N_1.040867,"[""N_params_B"",""D_tokens_B"",""val_loss""]","[""val_loss""]",False,False,False,False,1.040867,75.497,,2.4088,,Pythia,,36000,1.040867|75.497|
B1_482,B,pythia_training_log_existing.csv,真实,fit,pythia_N_1.040867,pythia_N_1.040867,"[""N_params_B"",""D_tokens_B"",""val_loss""]","[""val_loss""]",False,False,False,False,1.040867,77.595,,2.4058,,Pythia,,37000,1.040867|77.595|
B1_483,B,pythia_training_log_existing.csv,真实,fit,pythia_N_1.040867,pythia_N_1.040867,"[""N_params_B"",""D_tokens_B"",""val_loss""]","[""val_loss""]",False,False,False,False,1.040867,79.692,,2.4032,,Pythia,,38000,1.040867|79.692|
B1_484,B,pythia_training_log_existing.csv,真实,fit,pythia_N_1.040867,pythia_N_1.040867,"[""N_params_B"",""D_tokens_B"",""val_loss""]","[""val_loss""]",False,False,False,False,1.040867,81.789,,2.4006,,Pythia,,39000,1.040867|81.789|
B1_485,B,pythia_training_log_existing.csv,真实,fit,pythia_N_1.040867,pythia_N_1.040867,"[""N_params_B"",""D_tokens_B"",""val_loss""]","[""val_loss""]",False,False,False,False,1.040867,83.886,,2.398,,Pythia,,40000,1.040867|83.886|
B1_486,B,pythia_training_log_existing.csv,真实,fit,pythia_N_1.040867,pythia_N_1.040867,"[""N_params_B"",""D_tokens_B"",""val_loss""]","[""val_loss""]",False,False,False,False,1.040867,85.983,,2.3954,,Pythia,,41000,1.040867|85.983|
B1_487,B,pythia_training_log_existing.csv,真实,fit,pythia_N_1.040867,pythia_N_1.040867,"[""N_params_B"",""D_tokens_B"",""val_loss""]","[""val_loss""]",False,False,False,False,1.040867,88.08,,2.3931,,Pythia,,42000,1.040867|88.08|
B1_488,B,pythia_training_log_existing.csv,真实,fit,pythia_N_1.040867,pythia_N_1.040867,"[""N_params_B"",""D_tokens_B"",""val_loss""]","[""val_loss""]",False,False,False,False,1.040867,90.178,,2.3909,,Pythia,,43000,1.040867|90.178|
B1_489,B,pythia_training_log_existing.csv,真实,fit,pythia_N_1.040867,pythia_N_1.040867,"[""N_params_B"",""D_tokens_B"",""val_loss""]","[""val_loss""]",False,False,False,False,1.040867,92.275,,2.3886,,Pythia,,44000,1.040867|92.275|
B1_490,B,pythia_training_log_existing.csv,真实,fit,pythia_N_1.040867,pythia_N_1.040867,"[""N_params_B"",""D_tokens_B"",""val_loss""]","[""val_loss""]",False,False,False,False,1.040867,94.372,,2.3863,,Pythia,,45000,1.040867|94.372|
B1_491,B,pythia_training_log_existing.csv,真实,fit,pythia_N_1.040867,pythia_N_1.040867,"[""N_params_B"",""D_tokens_B"",""val_loss""]","[""val_loss""]",False,False,False,False,1.040867,96.469,,2.3842,,Pythia,,46000,1.040867|96.469|
B1_492,B,pythia_training_log_existing.csv,真实,fit,pythia_N_1.040867,pythia_N_1.040867,"[""N_params_B"",""D_tokens_B"",""val_loss""]","[""val_loss""]",False,False,False,False,1.040867,98.566,,2.3822,,Pythia,,47000,1.040867|98.566|
B1_493,B,pythia_training_log_existing.csv,真实,fit,pythia_N_1.040867,pythia_N_1.040867,"[""N_params_B"",""D_tokens_B"",""val_loss""]","[""val_loss""]",False,False,False,False,1.040867,100.663,,2.38,,Pythia,,48000,1.040867|100.663|
B1_494,B,pythia_training_log_existing.csv,真实,fit,pythia_N_1.040867,pythia_N_1.040867,"[""N_params_B"",""D_tokens_B"",""val_loss""]","[""val_loss""]",False,False,False,False,1.040867,102.76,,2.3782,,Pythia,,49000,1.040867|102.76|
B1_495,B,pythia_training_log_existing.csv,真实,fit,pythia_N_1.040867,pythia_N_1.040867,"[""N_params_B"",""D_tokens_B"",""val_loss""]","[""val_loss""]",False,False,False,False,1.040867,104.858,,2.3762,,Pythia,,50000,1.040867|104.858|
B1_496,B,pythia_training_log_existing.csv,真实,fit,pythia_N_1.040867,pythia_N_1.040867,"[""N_params_B"",""D_tokens_B"",""val_loss""]","[""val_loss""]",False,False,False,False,1.040867,106.955,,2.3745,,Pythia,,51000,1.040867|106.955|
B1_497,B,pythia_training_log_existing.csv,真实,fit,pythia_N_1.040867,pythia_N_1.040867,"[""N_params_B"",""D_tokens_B"",""val_loss""]","[""val_loss""]",False,False,False,False,1.040867,109.052,,2.3725,,Pythia,,52000,1.040867|109.052|
B1_498,B,pythia_training_log_existing.csv,真实,fit,pythia_N_1.040867,pythia_N_1.040867,"[""N_params_B"",""D_tokens_B"",""val_loss""]","[""val_loss""]",False,False,False,False,1.040867,111.149,,2.3706,,Pythia,,53000,1.040867|111.149|
B1_499,B,pythia_training_log_existing.csv,真实,fit,pythia_N_1.040867,pythia_N_1.040867,"[""N_params_B"",""D_tokens_B"",""val_loss""]","[""val_loss""]",False,False,False,False,1.040867,113.246,,2.3689,,Pythia,,54000,1.040867|113.246|
B1_500,B,pythia_training_log_existing.csv,真实,fit,pythia_N_1.040867,pythia_N_1.040867,"[""N_params_B"",""D_tokens_B"",""val_loss""]","[""val_loss""]",False,False,False,False,1.040867,115.343,,2.3674,,Pythia,,55000,1.040867|115.343|
B1_501,B,pythia_training_log_existing.csv,真实,fit,pythia_N_1.040867,pythia_N_1.040867,"[""N_params_B"",""D_tokens_B"",""val_loss""]","[""val_loss""]",False,False,False,False,1.040867,117.441,,2.3658,,Pythia,,56000,1.040867|117.441|
B1_502,B,pythia_training_log_existing.csv,真实,fit,pythia_N_1.040867,pythia_N_1.040867,"[""N_params_B"",""D_tokens_B"",""val_loss""]","[""val_loss""]",False,False,False,False,1.040867,119.538,,2.364,,Pythia,,57000,1.040867|119.538|
B1_503,B,pythia_training_log_existing.csv,真实,fit,pythia_N_1.040867,pythia_N_1.040867,"[""N_params_B"",""D_tokens_B"",""val_loss""]","[""val_loss""]",False,False,False,False,1.040867,121.635,,2.3626,,Pythia,,58000,1.040867|121.635|
B1_504,B,pythia_training_log_existing.csv,真实,fit,pythia_N_1.040867,pythia_N_1.040867,"[""N_params_B"",""D_tokens_B"",""val_loss""]","[""val_loss""]",False,False,False,False,1.040867,123.732,,2.3608,,Pythia,,59000,1.040867|123.732|
B1_505,B,pythia_training_log_existing.csv,真实,fit,pythia_N_1.040867,pythia_N_1.040867,"[""N_params_B"",""D_tokens_B"",""val_loss""]","[""val_loss""]",False,False,False,False,1.040867,125.829,,2.3595,,Pythia,,60000,1.040867|125.829|
B1_506,B,pythia_training_log_existing.csv,真实,fit,pythia_N_1.040867,pythia_N_1.040867,"[""N_params_B"",""D_tokens_B"",""val_loss""]","[""val_loss""]",False,False,False,False,1.040867,127.926,,2.3579,,Pythia,,61000,1.040867|127.926|
B1_507,B,pythia_training_log_existing.csv,真实,fit,pythia_N_1.040867,pythia_N_1.040867,"[""N_params_B"",""D_tokens_B"",""val_loss""]","[""val_loss""]",False,False,False,False,1.040867,130.023,,2.3565,,Pythia,,62000,1.040867|130.023|
B1_508,B,pythia_training_log_existing.csv,真实,fit,pythia_N_1.040867,pythia_N_1.040867,"[""N_params_B"",""D_tokens_B"",""val_loss""]","[""val_loss""]",False,False,False,False,1.040867,132.121,,2.3552,,Pythia,,63000,1.040867|132.121|
B1_509,B,pythia_training_log_existing.csv,真实,fit,pythia_N_1.040867,pythia_N_1.040867,"[""N_params_B"",""D_tokens_B"",""val_loss""]","[""val_loss""]",False,False,False,False,1.040867,134.218,,2.3537,,Pythia,,64000,1.040867|134.218|
B1_510,B,pythia_training_log_existing.csv,真实,fit,pythia_N_1.040867,pythia_N_1.040867,"[""N_params_B"",""D_tokens_B"",""val_loss""]","[""val_loss""]",False,False,False,False,1.040867,136.315,,2.3524,,Pythia,,65000,1.040867|136.315|
B1_511,B,pythia_training_log_existing.csv,真实,fit,pythia_N_1.040867,pythia_N_1.040867,"[""N_params_B"",""D_tokens_B"",""val_loss""]","[""val_loss""]",False,False,False,False,1.040867,138.412,,2.3512,,Pythia,,66000,1.040867|138.412|
B1_512,B,pythia_training_log_existing.csv,真实,fit,pythia_N_1.040867,pythia_N_1.040867,"[""N_params_B"",""D_tokens_B"",""val_loss""]","[""val_loss""]",False,False,False,False,1.040867,140.509,,2.3497,,Pythia,,67000,1.040867|140.509|
B1_513,B,pythia_training_log_existing.csv,真实,fit,pythia_N_1.040867,pythia_N_1.040867,"[""N_params_B"",""D_tokens_B"",""val_loss""]","[""val_loss""]",False,False,False,False,1.040867,142.606,,2.3485,,Pythia,,68000,1.040867|142.606|
B1_514,B,pythia_training_log_existing.csv,真实,fit,pythia_N_1.040867,pythia_N_1.040867,"[""N_params_B"",""D_tokens_B"",""val_loss""]","[""val_loss""]",False,False,False,False,1.040867,144.703,,2.3471,,Pythia,,69000,1.040867|144.703|
B1_515,B,pythia_training_log_existing.csv,真实,fit,pythia_N_1.040867,pythia_N_1.040867,"[""N_params_B"",""D_tokens_B"",""val_loss""]","[""val_loss""]",False,False,False,False,1.040867,146.801,,2.346,,Pythia,,70000,1.040867|146.801|
B1_516,B,pythia_training_log_existing.csv,真实,fit,pythia_N_1.040867,pythia_N_1.040867,"[""N_params_B"",""D_tokens_B"",""val_loss""]","[""val_loss""]",False,False,False,False,1.040867,148.898,,2.3449,,Pythia,,71000,1.040867|148.898|
B1_517,B,pythia_training_log_existing.csv,真实,fit,pythia_N_1.040867,pythia_N_1.040867,"[""N_params_B"",""D_tokens_B"",""val_loss""]","[""val_loss""]",False,False,False,False,1.040867,150.995,,2.3433,,Pythia,,72000,1.040867|150.995|
B1_518,B,pythia_training_log_existing.csv,真实,fit,pythia_N_1.040867,pythia_N_1.040867,"[""N_params_B"",""D_tokens_B"",""val_loss""]","[""val_loss""]",False,False,False,False,1.040867,153.092,,2.3423,,Pythia,,73000,1.040867|153.092|
B1_519,B,pythia_training_log_existing.csv,真实,fit,pythia_N_1.040867,pythia_N_1.040867,"[""N_params_B"",""D_tokens_B"",""val_loss""]","[""val_loss""]",False,False,False,False,1.040867,155.189,,2.3413,,Pythia,,74000,1.040867|155.189|
B1_520,B,pythia_training_log_existing.csv,真实,fit,pythia_N_1.040867,pythia_N_1.040867,"[""N_params_B"",""D_tokens_B"",""val_loss""]","[""val_loss""]",False,False,False,False,1.040867,157.286,,2.3401,,Pythia,,75000,1.040867|157.286|
B1_521,B,pythia_training_log_existing.csv,真实,fit,pythia_N_1.040867,pythia_N_1.040867,"[""N_params_B"",""D_tokens_B"",""val_loss""]","[""val_loss""]",False,False,False,False,1.040867,159.384,,2.339,,Pythia,,76000,1.040867|159.384|
B1_522,B,pythia_training_log_existing.csv,真实,fit,pythia_N_1.040867,pythia_N_1.040867,"[""N_params_B"",""D_tokens_B"",""val_loss""]","[""val_loss""]",False,False,False,False,1.040867,161.481,,2.3378,,Pythia,,77000,1.040867|161.481|
B1_523,B,pythia_training_log_existing.csv,真实,fit,pythia_N_1.040867,pythia_N_1.040867,"[""N_params_B"",""D_tokens_B"",""val_loss""]","[""val_loss""]",False,False,False,False,1.040867,163.578,,2.3368,,Pythia,,78000,1.040867|163.578|
B1_524,B,pythia_training_log_existing.csv,真实,fit,pythia_N_1.040867,pythia_N_1.040867,"[""N_params_B"",""D_tokens_B"",""val_loss""]","[""val_loss""]",False,False,False,False,1.040867,165.675,,2.3357,,Pythia,,79000,1.040867|165.675|
B1_525,B,pythia_training_log_existing.csv,真实,fit,pythia_N_1.040867,pythia_N_1.040867,"[""N_params_B"",""D_tokens_B"",""val_loss""]","[""val_loss""]",False,False,False,False,1.040867,167.772,,2.3348,,Pythia,,80000,1.040867|167.772|
B1_526,B,pythia_training_log_existing.csv,真实,fit,pythia_N_1.040867,pythia_N_1.040867,"[""N_params_B"",""D_tokens_B"",""val_loss""]","[""val_loss""]",False,False,False,False,1.040867,169.869,,2.3337,,Pythia,,81000,1.040867|169.869|
B1_527,B,pythia_training_log_existing.csv,真实,fit,pythia_N_1.040867,pythia_N_1.040867,"[""N_params_B"",""D_tokens_B"",""val_loss""]","[""val_loss""]",False,False,False,False,1.040867,171.966,,2.3327,,Pythia,,82000,1.040867|171.966|
B1_528,B,pythia_training_log_existing.csv,真实,fit,pythia_N_1.040867,pythia_N_1.040867,"[""N_params_B"",""D_tokens_B"",""val_loss""]","[""val_loss""]",False,False,False,False,1.040867,174.064,,2.3316,,Pythia,,83000,1.040867|174.064|
B1_529,B,pythia_training_log_existing.csv,真实,fit,pythia_N_1.040867,pythia_N_1.040867,"[""N_params_B"",""D_tokens_B"",""val_loss""]","[""val_loss""]",False,False,False,False,1.040867,176.161,,2.3306,,Pythia,,84000,1.040867|176.161|
B1_530,B,pythia_training_log_existing.csv,真实,fit,pythia_N_1.040867,pythia_N_1.040867,"[""N_params_B"",""D_tokens_B"",""val_loss""]","[""val_loss""]",False,False,False,False,1.040867,178.258,,2.3297,,Pythia,,85000,1.040867|178.258|
B1_531,B,pythia_training_log_existing.csv,真实,fit,pythia_N_1.040867,pythia_N_1.040867,"[""N_params_B"",""D_tokens_B"",""val_loss""]","[""val_loss""]",False,False,False,False,1.040867,180.355,,2.3288,,Pythia,,86000,1.040867|180.355|
B1_532,B,pythia_training_log_existing.csv,真实,fit,pythia_N_1.040867,pythia_N_1.040867,"[""N_params_B"",""D_tokens_B"",""val_loss""]","[""val_loss""]",False,False,False,False,1.040867,182.452,,2.3278,,Pythia,,87000,1.040867|182.452|
B1_533,B,pythia_training_log_existing.csv,真实,fit,pythia_N_1.040867,pythia_N_1.040867,"[""N_params_B"",""D_tokens_B"",""val_loss""]","[""val_loss""]",False,False,False,False,1.040867,184.549,,2.3269,,Pythia,,88000,1.040867|184.549|
B1_534,B,pythia_training_log_existing.csv,真实,fit,pythia_N_1.040867,pythia_N_1.040867,"[""N_params_B"",""D_tokens_B"",""val_loss""]","[""val_loss""]",False,False,False,False,1.040867,186.647,,2.3262,,Pythia,,89000,1.040867|186.647|
B1_535,B,pythia_training_log_existing.csv,真实,fit,pythia_N_1.040867,pythia_N_1.040867,"[""N_params_B"",""D_tokens_B"",""val_loss""]","[""val_loss""]",False,False,False,False,1.040867,188.744,,2.3252,,Pythia,,90000,1.040867|188.744|
B1_536,B,pythia_training_log_existing.csv,真实,fit,pythia_N_1.040867,pythia_N_1.040867,"[""N_params_B"",""D_tokens_B"",""val_loss""]","[""val_loss""]",False,False,False,False,1.040867,190.841,,2.3242,,Pythia,,91000,1.040867|190.841|
B1_537,B,pythia_training_log_existing.csv,真实,fit,pythia_N_1.040867,pythia_N_1.040867,"[""N_params_B"",""D_tokens_B"",""val_loss""]","[""val_loss""]",False,False,False,False,1.040867,192.938,,2.3235,,Pythia,,92000,1.040867|192.938|
B1_538,B,pythia_training_log_existing.csv,真实,fit,pythia_N_1.040867,pythia_N_1.040867,"[""N_params_B"",""D_tokens_B"",""val_loss""]","[""val_loss""]",False,False,False,False,1.040867,195.035,,2.3225,,Pythia,,93000,1.040867|195.035|
B1_539,B,pythia_training_log_existing.csv,真实,fit,pythia_N_1.040867,pythia_N_1.040867,"[""N_params_B"",""D_tokens_B"",""val_loss""]","[""val_loss""]",False,False,False,False,1.040867,197.132,,2.3215,,Pythia,,94000,1.040867|197.132|
B1_540,B,pythia_training_log_existing.csv,真实,fit,pythia_N_1.040867,pythia_N_1.040867,"[""N_params_B"",""D_tokens_B"",""val_loss""]","[""val_loss""]",False,False,False,False,1.040867,199.229,,2.3207,,Pythia,,95000,1.040867|199.229|
B1_541,B,pythia_training_log_existing.csv,真实,fit,pythia_N_1.040867,pythia_N_1.040867,"[""N_params_B"",""D_tokens_B"",""val_loss""]","[""val_loss""]",False,False,False,False,1.040867,201.327,,2.3198,,Pythia,,96000,1.040867|201.327|
B1_542,B,pythia_training_log_existing.csv,真实,fit,pythia_N_1.040867,pythia_N_1.040867,"[""N_params_B"",""D_tokens_B"",""val_loss""]","[""val_loss""]",False,False,False,False,1.040867,203.424,,2.3191,,Pythia,,97000,1.040867|203.424|
B1_543,B,pythia_training_log_existing.csv,真实,fit,pythia_N_1.040867,pythia_N_1.040867,"[""N_params_B"",""D_tokens_B"",""val_loss""]","[""val_loss""]",False,False,False,False,1.040867,205.521,,2.3184,,Pythia,,98000,1.040867|205.521|
B1_544,B,pythia_training_log_existing.csv,真实,fit,pythia_N_1.040867,pythia_N_1.040867,"[""N_params_B"",""D_tokens_B"",""val_loss""]","[""val_loss""]",False,False,False,False,1.040867,207.618,,2.3178,,Pythia,,99000,1.040867|207.618|
B1_545,B,pythia_training_log_existing.csv,真实,fit,pythia_N_1.040867,pythia_N_1.040867,"[""N_params_B"",""D_tokens_B"",""val_loss""]","[""val_loss""]",False,False,False,False,1.040867,209.715,,2.3168,,Pythia,,100000,1.040867|209.715|
B1_546,B,pythia_training_log_existing.csv,真实,fit,pythia_N_1.040867,pythia_N_1.040867,"[""N_params_B"",""D_tokens_B"",""val_loss""]","[""val_loss""]",False,False,False,False,1.040867,211.812,,2.316,,Pythia,,101000,1.040867|211.812|
B1_547,B,pythia_training_log_existing.csv,真实,fit,pythia_N_1.040867,pythia_N_1.040867,"[""N_params_B"",""D_tokens_B"",""val_loss""]","[""val_loss""]",False,False,False,False,1.040867,213.91,,2.3153,,Pythia,,102000,1.040867|213.91|
B1_548,B,pythia_training_log_existing.csv,真实,fit,pythia_N_1.040867,pythia_N_1.040867,"[""N_params_B"",""D_tokens_B"",""val_loss""]","[""val_loss""]",False,False,False,False,1.040867,216.007,,2.3143,,Pythia,,103000,1.040867|216.007|
B1_549,B,pythia_training_log_existing.csv,真实,fit,pythia_N_1.040867,pythia_N_1.040867,"[""N_params_B"",""D_tokens_B"",""val_loss""]","[""val_loss""]",False,False,False,False,1.040867,218.104,,2.3138,,Pythia,,104000,1.040867|218.104|
B1_550,B,pythia_training_log_existing.csv,真实,fit,pythia_N_1.040867,pythia_N_1.040867,"[""N_params_B"",""D_tokens_B"",""val_loss""]","[""val_loss""]",False,False,False,False,1.040867,220.201,,2.3131,,Pythia,,105000,1.040867|220.201|
B1_551,B,pythia_training_log_existing.csv,真实,fit,pythia_N_1.040867,pythia_N_1.040867,"[""N_params_B"",""D_tokens_B"",""val_loss""]","[""val_loss""]",False,False,False,False,1.040867,222.298,,2.3122,,Pythia,,106000,1.040867|222.298|
B1_552,B,pythia_training_log_existing.csv,真实,fit,pythia_N_1.040867,pythia_N_1.040867,"[""N_params_B"",""D_tokens_B"",""val_loss""]","[""val_loss""]",False,False,False,False,1.040867,224.395,,2.3117,,Pythia,,107000,1.040867|224.395|
B1_553,B,pythia_training_log_existing.csv,真实,fit,pythia_N_1.040867,pythia_N_1.040867,"[""N_params_B"",""D_tokens_B"",""val_loss""]","[""val_loss""]",False,False,False,False,1.040867,226.492,,2.3109,,Pythia,,108000,1.040867|226.492|
B1_554,B,pythia_training_log_existing.csv,真实,fit,pythia_N_1.040867,pythia_N_1.040867,"[""N_params_B"",""D_tokens_B"",""val_loss""]","[""val_loss""]",False,False,False,False,1.040867,228.59,,2.3101,,Pythia,,109000,1.040867|228.59|
B1_555,B,pythia_training_log_existing.csv,真实,fit,pythia_N_1.040867,pythia_N_1.040867,"[""N_params_B"",""D_tokens_B"",""val_loss""]","[""val_loss""]",False,False,False,False,1.040867,230.687,,2.3096,,Pythia,,110000,1.040867|230.687|
B1_556,B,pythia_training_log_existing.csv,真实,fit,pythia_N_1.040867,pythia_N_1.040867,"[""N_params_B"",""D_tokens_B"",""val_loss""]","[""val_loss""]",False,False,False,False,1.040867,232.784,,2.309,,Pythia,,111000,1.040867|232.784|
B1_557,B,pythia_training_log_existing.csv,真实,fit,pythia_N_1.040867,pythia_N_1.040867,"[""N_params_B"",""D_tokens_B"",""val_loss""]","[""val_loss""]",False,False,False,False,1.040867,234.881,,2.3081,,Pythia,,112000,1.040867|234.881|
B1_558,B,pythia_training_log_existing.csv,真实,fit,pythia_N_1.040867,pythia_N_1.040867,"[""N_params_B"",""D_tokens_B"",""val_loss""]","[""val_loss""]",False,False,False,False,1.040867,236.978,,2.3075,,Pythia,,113000,1.040867|236.978|
B1_559,B,pythia_training_log_existing.csv,真实,fit,pythia_N_1.040867,pythia_N_1.040867,"[""N_params_B"",""D_tokens_B"",""val_loss""]","[""val_loss""]",False,False,False,False,1.040867,239.075,,2.3068,,Pythia,,114000,1.040867|239.075|
B1_560,B,pythia_training_log_existing.csv,真实,fit,pythia_N_1.040867,pythia_N_1.040867,"[""N_params_B"",""D_tokens_B"",""val_loss""]","[""val_loss""]",False,False,False,False,1.040867,241.172,,2.3061,,Pythia,,115000,1.040867|241.172|
B1_561,B,pythia_training_log_existing.csv,真实,fit,pythia_N_1.040867,pythia_N_1.040867,"[""N_params_B"",""D_tokens_B"",""val_loss""]","[""val_loss""]",False,False,False,False,1.040867,243.27,,2.3056,,Pythia,,116000,1.040867|243.27|
B1_562,B,pythia_training_log_existing.csv,真实,fit,pythia_N_1.040867,pythia_N_1.040867,"[""N_params_B"",""D_tokens_B"",""val_loss""]","[""val_loss""]",False,False,False,False,1.040867,245.367,,2.3048,,Pythia,,117000,1.040867|245.367|
B1_563,B,pythia_training_log_existing.csv,真实,fit,pythia_N_1.040867,pythia_N_1.040867,"[""N_params_B"",""D_tokens_B"",""val_loss""]","[""val_loss""]",False,False,False,False,1.040867,247.464,,2.3042,,Pythia,,118000,1.040867|247.464|
B1_564,B,pythia_training_log_existing.csv,真实,fit,pythia_N_1.040867,pythia_N_1.040867,"[""N_params_B"",""D_tokens_B"",""val_loss""]","[""val_loss""]",False,False,False,False,1.040867,249.561,,2.3036,,Pythia,,119000,1.040867|249.561|
B1_565,B,pythia_training_log_existing.csv,真实,fit,pythia_N_1.040867,pythia_N_1.040867,"[""N_params_B"",""D_tokens_B"",""val_loss""]","[""val_loss""]",False,False,False,False,1.040867,251.658,,2.303,,Pythia,,120000,1.040867|251.658|
B1_566,B,pythia_training_log_existing.csv,真实,fit,pythia_N_1.040867,pythia_N_1.040867,"[""N_params_B"",""D_tokens_B"",""val_loss""]","[""val_loss""]",False,False,False,False,1.040867,253.755,,2.3024,,Pythia,,121000,1.040867|253.755|
B1_567,B,pythia_training_log_existing.csv,真实,fit,pythia_N_1.040867,pythia_N_1.040867,"[""N_params_B"",""D_tokens_B"",""val_loss""]","[""val_loss""]",False,False,False,False,1.040867,255.853,,2.3019,,Pythia,,122000,1.040867|255.853|
B1_568,B,pythia_training_log_existing.csv,真实,fit,pythia_N_1.040867,pythia_N_1.040867,"[""N_params_B"",""D_tokens_B"",""val_loss""]","[""val_loss""]",False,False,False,False,1.040867,257.95,,2.3011,,Pythia,,123000,1.040867|257.95|
B1_569,B,pythia_training_log_existing.csv,真实,fit,pythia_N_1.040867,pythia_N_1.040867,"[""N_params_B"",""D_tokens_B"",""val_loss""]","[""val_loss""]",False,False,False,False,1.040867,260.047,,2.3005,,Pythia,,124000,1.040867|260.047|
B1_570,B,pythia_training_log_existing.csv,真实,fit,pythia_N_1.040867,pythia_N_1.040867,"[""N_params_B"",""D_tokens_B"",""val_loss""]","[""val_loss""]",False,False,False,False,1.040867,262.144,,2.2999,,Pythia,,125000,1.040867|262.144|
B1_571,B,pythia_training_log_existing.csv,真实,fit,pythia_N_1.040867,pythia_N_1.040867,"[""N_params_B"",""D_tokens_B"",""val_loss""]","[""val_loss""]",False,False,False,False,1.040867,264.241,,2.2994,,Pythia,,126000,1.040867|264.241|
B1_572,B,pythia_training_log_existing.csv,真实,fit,pythia_N_1.040867,pythia_N_1.040867,"[""N_params_B"",""D_tokens_B"",""val_loss""]","[""val_loss""]",False,False,False,False,1.040867,266.338,,2.2989,,Pythia,,127000,1.040867|266.338|
B1_573,B,pythia_training_log_existing.csv,真实,fit,pythia_N_1.040867,pythia_N_1.040867,"[""N_params_B"",""D_tokens_B"",""val_loss""]","[""val_loss""]",False,False,False,False,1.040867,268.435,,2.2983,,Pythia,,128000,1.040867|268.435|
B1_574,B,pythia_training_log_existing.csv,真实,fit,pythia_N_1.040867,pythia_N_1.040867,"[""N_params_B"",""D_tokens_B"",""val_loss""]","[""val_loss""]",False,False,False,False,1.040867,270.533,,2.2976,,Pythia,,129000,1.040867|270.533|
B1_575,B,pythia_training_log_existing.csv,真实,fit,pythia_N_1.040867,pythia_N_1.040867,"[""N_params_B"",""D_tokens_B"",""val_loss""]","[""val_loss""]",False,False,False,False,1.040867,272.63,,2.2972,,Pythia,,130000,1.040867|272.63|
B1_576,B,pythia_training_log_existing.csv,真实,fit,pythia_N_1.040867,pythia_N_1.040867,"[""N_params_B"",""D_tokens_B"",""val_loss""]","[""val_loss""]",False,False,False,False,1.040867,274.727,,2.2967,,Pythia,,131000,1.040867|274.727|
B1_577,B,pythia_training_log_existing.csv,真实,fit,pythia_N_1.040867,pythia_N_1.040867,"[""N_params_B"",""D_tokens_B"",""val_loss""]","[""val_loss""]",False,False,False,False,1.040867,276.824,,2.2961,,Pythia,,132000,1.040867|276.824|
B1_578,B,pythia_training_log_existing.csv,真实,fit,pythia_N_1.040867,pythia_N_1.040867,"[""N_params_B"",""D_tokens_B"",""val_loss""]","[""val_loss""]",False,False,False,False,1.040867,278.921,,2.2957,,Pythia,,133000,1.040867|278.921|
B1_579,B,pythia_training_log_existing.csv,真实,fit,pythia_N_1.040867,pythia_N_1.040867,"[""N_params_B"",""D_tokens_B"",""val_loss""]","[""val_loss""]",False,False,False,False,1.040867,281.018,,2.2949,,Pythia,,134000,1.040867|281.018|
B1_580,B,pythia_training_log_existing.csv,真实,fit,pythia_N_1.040867,pythia_N_1.040867,"[""N_params_B"",""D_tokens_B"",""val_loss""]","[""val_loss""]",False,False,False,False,1.040867,283.116,,2.2943,,Pythia,,135000,1.040867|283.116|
B1_581,B,pythia_training_log_existing.csv,真实,fit,pythia_N_1.040867,pythia_N_1.040867,"[""N_params_B"",""D_tokens_B"",""val_loss""]","[""val_loss""]",False,False,False,False,1.040867,285.213,,2.2937,,Pythia,,136000,1.040867|285.213|
B1_582,B,pythia_training_log_existing.csv,真实,fit,pythia_N_1.040867,pythia_N_1.040867,"[""N_params_B"",""D_tokens_B"",""val_loss""]","[""val_loss""]",False,False,False,False,1.040867,287.31,,2.2935,,Pythia,,137000,1.040867|287.31|
B1_583,B,pythia_training_log_existing.csv,真实,fit,pythia_N_1.040867,pythia_N_1.040867,"[""N_params_B"",""D_tokens_B"",""val_loss""]","[""val_loss""]",False,False,False,False,1.040867,289.407,,2.2929,,Pythia,,138000,1.040867|289.407|
B1_584,B,pythia_training_log_existing.csv,真实,fit,pythia_N_1.040867,pythia_N_1.040867,"[""N_params_B"",""D_tokens_B"",""val_loss""]","[""val_loss""]",False,False,False,False,1.040867,291.504,,2.2923,,Pythia,,139000,1.040867|291.504|
B1_585,B,pythia_training_log_existing.csv,真实,fit,pythia_N_1.040867,pythia_N_1.040867,"[""N_params_B"",""D_tokens_B"",""val_loss""]","[""val_loss""]",False,False,False,False,1.040867,293.601,,2.2919,,Pythia,,140000,1.040867|293.601|
B1_586,B,pythia_training_log_existing.csv,真实,fit,pythia_N_1.040867,pythia_N_1.040867,"[""N_params_B"",""D_tokens_B"",""val_loss""]","[""val_loss""]",False,False,False,False,1.040867,295.698,,2.2912,,Pythia,,141000,1.040867|295.698|
B1_587,B,pythia_training_log_existing.csv,真实,fit,pythia_N_1.040867,pythia_N_1.040867,"[""N_params_B"",""D_tokens_B"",""val_loss""]","[""val_loss""]",False,False,False,False,1.040867,297.796,,2.2911,,Pythia,,142000,1.040867|297.796|
B1_588,B,pythia_training_log_existing.csv,真实,fit,pythia_N_1.040867,pythia_N_1.040867,"[""N_params_B"",""D_tokens_B"",""val_loss""]","[""val_loss""]",False,False,False,False,1.040867,299.893,,2.2904,,Pythia,,143000,1.040867|299.893|
B1_589,B,pythia_training_log_existing.csv,真实,fit,pythia_N_1.416184,pythia_N_1.416184,"[""N_params_B"",""D_tokens_B"",""val_loss""]","[""val_loss""]",False,False,False,False,1.416184,0.134,,4.1816,,Pythia,,64,1.416184|0.134|
B1_590,B,pythia_training_log_existing.csv,真实,fit,pythia_N_1.416184,pythia_N_1.416184,"[""N_params_B"",""D_tokens_B"",""val_loss""]","[""val_loss""]",False,False,False,False,1.416184,0.268,,3.7976,,Pythia,,128,1.416184|0.268|
B1_591,B,pythia_training_log_existing.csv,真实,fit,pythia_N_1.416184,pythia_N_1.416184,"[""N_params_B"",""D_tokens_B"",""val_loss""]","[""val_loss""]",False,False,False,False,1.416184,0.537,,3.4805,,Pythia,,256,1.416184|0.537|
B1_592,B,pythia_training_log_existing.csv,真实,fit,pythia_N_1.416184,pythia_N_1.416184,"[""N_params_B"",""D_tokens_B"",""val_loss""]","[""val_loss""]",False,False,False,False,1.416184,1.074,,3.22,,Pythia,,512,1.416184|1.074|
B1_593,B,pythia_training_log_existing.csv,真实,fit,pythia_N_1.416184,pythia_N_1.416184,"[""N_params_B"",""D_tokens_B"",""val_loss""]","[""val_loss""]",False,False,False,False,1.416184,2.097,,3.0125,,Pythia,,1000,1.416184|2.097|
B1_594,B,pythia_training_log_existing.csv,真实,fit,pythia_N_1.416184,pythia_N_1.416184,"[""N_params_B"",""D_tokens_B"",""val_loss""]","[""val_loss""]",False,False,False,False,1.416184,4.194,,2.8347,,Pythia,,2000,1.416184|4.194|
B1_595,B,pythia_training_log_existing.csv,真实,fit,pythia_N_1.416184,pythia_N_1.416184,"[""N_params_B"",""D_tokens_B"",""val_loss""]","[""val_loss""]",False,False,False,False,1.416184,6.291,,2.7458,,Pythia,,3000,1.416184|6.291|
B1_596,B,pythia_training_log_existing.csv,真实,fit,pythia_N_1.416184,pythia_N_1.416184,"[""N_params_B"",""D_tokens_B"",""val_loss""]","[""val_loss""]",False,False,False,False,1.416184,8.389,,2.6879,,Pythia,,4000,1.416184|8.389|
B1_597,B,pythia_training_log_existing.csv,真实,fit,pythia_N_1.416184,pythia_N_1.416184,"[""N_params_B"",""D_tokens_B"",""val_loss""]","[""val_loss""]",False,False,False,False,1.416184,10.486,,2.6471,,Pythia,,5000,1.416184|10.486|
B1_598,B,pythia_training_log_existing.csv,真实,fit,pythia_N_1.416184,pythia_N_1.416184,"[""N_params_B"",""D_tokens_B"",""val_loss""]","[""val_loss""]",False,False,False,False,1.416184,12.583,,2.6148,,Pythia,,6000,1.416184|12.583|
B1_599,B,pythia_training_log_existing.csv,真实,fit,pythia_N_1.416184,pythia_N_1.416184,"[""N_params_B"",""D_tokens_B"",""val_loss""]","[""val_loss""]",False,False,False,False,1.416184,14.68,,2.589,,Pythia,,7000,1.416184|14.68|
B1_600,B,pythia_training_log_existing.csv,真实,fit,pythia_N_1.416184,pythia_N_1.416184,"[""N_params_B"",""D_tokens_B"",""val_loss""]","[""val_loss""]",False,False,False,False,1.416184,16.777,,2.5674,,Pythia,,8000,1.416184|16.777|
B1_601,B,pythia_training_log_existing.csv,真实,fit,pythia_N_1.416184,pythia_N_1.416184,"[""N_params_B"",""D_tokens_B"",""val_loss""]","[""val_loss""]",False,False,False,False,1.416184,18.874,,2.5491,,Pythia,,9000,1.416184|18.874|
B1_602,B,pythia_training_log_existing.csv,真实,fit,pythia_N_1.416184,pythia_N_1.416184,"[""N_params_B"",""D_tokens_B"",""val_loss""]","[""val_loss""]",False,False,False,False,1.416184,20.972,,2.5336,,Pythia,,10000,1.416184|20.972|
B1_603,B,pythia_training_log_existing.csv,真实,fit,pythia_N_1.416184,pythia_N_1.416184,"[""N_params_B"",""D_tokens_B"",""val_loss""]","[""val_loss""]",False,False,False,False,1.416184,23.069,,2.5196,,Pythia,,11000,1.416184|23.069|
B1_604,B,pythia_training_log_existing.csv,真实,fit,pythia_N_1.416184,pythia_N_1.416184,"[""N_params_B"",""D_tokens_B"",""val_loss""]","[""val_loss""]",False,False,False,False,1.416184,25.166,,2.507,,Pythia,,12000,1.416184|25.166|
B1_605,B,pythia_training_log_existing.csv,真实,fit,pythia_N_1.416184,pythia_N_1.416184,"[""N_params_B"",""D_tokens_B"",""val_loss""]","[""val_loss""]",False,False,False,False,1.416184,27.263,,2.4958,,Pythia,,13000,1.416184|27.263|
B1_606,B,pythia_training_log_existing.csv,真实,fit,pythia_N_1.416184,pythia_N_1.416184,"[""N_params_B"",""D_tokens_B"",""val_loss""]","[""val_loss""]",False,False,False,False,1.416184,29.36,,2.4859,,Pythia,,14000,1.416184|29.36|
B1_607,B,pythia_training_log_existing.csv,真实,fit,pythia_N_1.416184,pythia_N_1.416184,"[""N_params_B"",""D_tokens_B"",""val_loss""]","[""val_loss""]",False,False,False,False,1.416184,31.457,,2.4769,,Pythia,,15000,1.416184|31.457|
B1_608,B,pythia_training_log_existing.csv,真实,fit,pythia_N_1.416184,pythia_N_1.416184,"[""N_params_B"",""D_tokens_B"",""val_loss""]","[""val_loss""]",False,False,False,False,1.416184,33.554,,2.4682,,Pythia,,16000,1.416184|33.554|
B1_609,B,pythia_training_log_existing.csv,真实,fit,pythia_N_1.416184,pythia_N_1.416184,"[""N_params_B"",""D_tokens_B"",""val_loss""]","[""val_loss""]",False,False,False,False,1.416184,35.652,,2.4602,,Pythia,,17000,1.416184|35.652|
B1_610,B,pythia_training_log_existing.csv,真实,fit,pythia_N_1.416184,pythia_N_1.416184,"[""N_params_B"",""D_tokens_B"",""val_loss""]","[""val_loss""]",False,False,False,False,1.416184,37.749,,2.4532,,Pythia,,18000,1.416184|37.749|
B1_611,B,pythia_training_log_existing.csv,真实,fit,pythia_N_1.416184,pythia_N_1.416184,"[""N_params_B"",""D_tokens_B"",""val_loss""]","[""val_loss""]",False,False,False,False,1.416184,39.846,,2.4464,,Pythia,,19000,1.416184|39.846|
B1_612,B,pythia_training_log_existing.csv,真实,fit,pythia_N_1.416184,pythia_N_1.416184,"[""N_params_B"",""D_tokens_B"",""val_loss""]","[""val_loss""]",False,False,False,False,1.416184,41.943,,2.4398,,Pythia,,20000,1.416184|41.943|
B1_613,B,pythia_training_log_existing.csv,真实,fit,pythia_N_1.416184,pythia_N_1.416184,"[""N_params_B"",""D_tokens_B"",""val_loss""]","[""val_loss""]",False,False,False,False,1.416184,44.04,,2.4342,,Pythia,,21000,1.416184|44.04|
B1_614,B,pythia_training_log_existing.csv,真实,fit,pythia_N_1.416184,pythia_N_1.416184,"[""N_params_B"",""D_tokens_B"",""val_loss""]","[""val_loss""]",False,False,False,False,1.416184,46.137,,2.4287,,Pythia,,22000,1.416184|46.137|
B1_615,B,pythia_training_log_existing.csv,真实,fit,pythia_N_1.416184,pythia_N_1.416184,"[""N_params_B"",""D_tokens_B"",""val_loss""]","[""val_loss""]",False,False,False,False,1.416184,48.234,,2.4235,,Pythia,,23000,1.416184|48.234|
B1_616,B,pythia_training_log_existing.csv,真实,fit,pythia_N_1.416184,pythia_N_1.416184,"[""N_params_B"",""D_tokens_B"",""val_loss""]","[""val_loss""]",False,False,False,False,1.416184,50.332,,2.4187,,Pythia,,24000,1.416184|50.332|
B1_617,B,pythia_training_log_existing.csv,真实,fit,pythia_N_1.416184,pythia_N_1.416184,"[""N_params_B"",""D_tokens_B"",""val_loss""]","[""val_loss""]",False,False,False,False,1.416184,52.429,,2.4139,,Pythia,,25000,1.416184|52.429|
B1_618,B,pythia_training_log_existing.csv,真实,fit,pythia_N_1.416184,pythia_N_1.416184,"[""N_params_B"",""D_tokens_B"",""val_loss""]","[""val_loss""]",False,False,False,False,1.416184,54.526,,2.4093,,Pythia,,26000,1.416184|54.526|
B1_619,B,pythia_training_log_existing.csv,真实,fit,pythia_N_1.416184,pythia_N_1.416184,"[""N_params_B"",""D_tokens_B"",""val_loss""]","[""val_loss""]",False,False,False,False,1.416184,56.623,,2.4049,,Pythia,,27000,1.416184|56.623|
B1_620,B,pythia_training_log_existing.csv,真实,fit,pythia_N_1.416184,pythia_N_1.416184,"[""N_params_B"",""D_tokens_B"",""val_loss""]","[""val_loss""]",False,False,False,False,1.416184,58.72,,2.4013,,Pythia,,28000,1.416184|58.72|
B1_621,B,pythia_training_log_existing.csv,真实,fit,pythia_N_1.416184,pythia_N_1.416184,"[""N_params_B"",""D_tokens_B"",""val_loss""]","[""val_loss""]",False,False,False,False,1.416184,60.817,,2.3971,,Pythia,,29000,1.416184|60.817|
B1_622,B,pythia_training_log_existing.csv,真实,fit,pythia_N_1.416184,pythia_N_1.416184,"[""N_params_B"",""D_tokens_B"",""val_loss""]","[""val_loss""]",False,False,False,False,1.416184,62.915,,2.3934,,Pythia,,30000,1.416184|62.915|
B1_623,B,pythia_training_log_existing.csv,真实,fit,pythia_N_1.416184,pythia_N_1.416184,"[""N_params_B"",""D_tokens_B"",""val_loss""]","[""val_loss""]",False,False,False,False,1.416184,65.012,,2.3898,,Pythia,,31000,1.416184|65.012|
B1_624,B,pythia_training_log_existing.csv,真实,fit,pythia_N_1.416184,pythia_N_1.416184,"[""N_params_B"",""D_tokens_B"",""val_loss""]","[""val_loss""]",False,False,False,False,1.416184,67.109,,2.3865,,Pythia,,32000,1.416184|67.109|
B1_625,B,pythia_training_log_existing.csv,真实,fit,pythia_N_1.416184,pythia_N_1.416184,"[""N_params_B"",""D_tokens_B"",""val_loss""]","[""val_loss""]",False,False,False,False,1.416184,69.206,,2.3831,,Pythia,,33000,1.416184|69.206|
B1_626,B,pythia_training_log_existing.csv,真实,fit,pythia_N_1.416184,pythia_N_1.416184,"[""N_params_B"",""D_tokens_B"",""val_loss""]","[""val_loss""]",False,False,False,False,1.416184,71.303,,2.3799,,Pythia,,34000,1.416184|71.303|
B1_627,B,pythia_training_log_existing.csv,真实,fit,pythia_N_1.416184,pythia_N_1.416184,"[""N_params_B"",""D_tokens_B"",""val_loss""]","[""val_loss""]",False,False,False,False,1.416184,73.4,,2.3769,,Pythia,,35000,1.416184|73.4|
B1_628,B,pythia_training_log_existing.csv,真实,fit,pythia_N_1.416184,pythia_N_1.416184,"[""N_params_B"",""D_tokens_B"",""val_loss""]","[""val_loss""]",False,False,False,False,1.416184,75.497,,2.374,,Pythia,,36000,1.416184|75.497|
B1_629,B,pythia_training_log_existing.csv,真实,fit,pythia_N_1.416184,pythia_N_1.416184,"[""N_params_B"",""D_tokens_B"",""val_loss""]","[""val_loss""]",False,False,False,False,1.416184,77.595,,2.3712,,Pythia,,37000,1.416184|77.595|
B1_630,B,pythia_training_log_existing.csv,真实,fit,pythia_N_1.416184,pythia_N_1.416184,"[""N_params_B"",""D_tokens_B"",""val_loss""]","[""val_loss""]",False,False,False,False,1.416184,79.692,,2.3684,,Pythia,,38000,1.416184|79.692|
B1_631,B,pythia_training_log_existing.csv,真实,fit,pythia_N_1.416184,pythia_N_1.416184,"[""N_params_B"",""D_tokens_B"",""val_loss""]","[""val_loss""]",False,False,False,False,1.416184,81.789,,2.3659,,Pythia,,39000,1.416184|81.789|
B1_632,B,pythia_training_log_existing.csv,真实,fit,pythia_N_1.416184,pythia_N_1.416184,"[""N_params_B"",""D_tokens_B"",""val_loss""]","[""val_loss""]",False,False,False,False,1.416184,83.886,,2.3633,,Pythia,,40000,1.416184|83.886|
B1_633,B,pythia_training_log_existing.csv,真实,fit,pythia_N_1.416184,pythia_N_1.416184,"[""N_params_B"",""D_tokens_B"",""val_loss""]","[""val_loss""]",False,False,False,False,1.416184,85.983,,2.361,,Pythia,,41000,1.416184|85.983|
B1_634,B,pythia_training_log_existing.csv,真实,fit,pythia_N_1.416184,pythia_N_1.416184,"[""N_params_B"",""D_tokens_B"",""val_loss""]","[""val_loss""]",False,False,False,False,1.416184,88.08,,2.3581,,Pythia,,42000,1.416184|88.08|
B1_635,B,pythia_training_log_existing.csv,真实,fit,pythia_N_1.416184,pythia_N_1.416184,"[""N_params_B"",""D_tokens_B"",""val_loss""]","[""val_loss""]",False,False,False,False,1.416184,90.178,,2.3562,,Pythia,,43000,1.416184|90.178|
B1_636,B,pythia_training_log_existing.csv,真实,fit,pythia_N_1.416184,pythia_N_1.416184,"[""N_params_B"",""D_tokens_B"",""val_loss""]","[""val_loss""]",False,False,False,False,1.416184,92.275,,2.354,,Pythia,,44000,1.416184|92.275|
B1_637,B,pythia_training_log_existing.csv,真实,fit,pythia_N_1.416184,pythia_N_1.416184,"[""N_params_B"",""D_tokens_B"",""val_loss""]","[""val_loss""]",False,False,False,False,1.416184,94.372,,2.3514,,Pythia,,45000,1.416184|94.372|
B1_638,B,pythia_training_log_existing.csv,真实,fit,pythia_N_1.416184,pythia_N_1.416184,"[""N_params_B"",""D_tokens_B"",""val_loss""]","[""val_loss""]",False,False,False,False,1.416184,96.469,,2.3495,,Pythia,,46000,1.416184|96.469|
B1_639,B,pythia_training_log_existing.csv,真实,fit,pythia_N_1.416184,pythia_N_1.416184,"[""N_params_B"",""D_tokens_B"",""val_loss""]","[""val_loss""]",False,False,False,False,1.416184,98.566,,2.3474,,Pythia,,47000,1.416184|98.566|
B1_640,B,pythia_training_log_existing.csv,真实,fit,pythia_N_1.416184,pythia_N_1.416184,"[""N_params_B"",""D_tokens_B"",""val_loss""]","[""val_loss""]",False,False,False,False,1.416184,100.663,,2.3453,,Pythia,,48000,1.416184|100.663|
B1_641,B,pythia_training_log_existing.csv,真实,fit,pythia_N_1.416184,pythia_N_1.416184,"[""N_params_B"",""D_tokens_B"",""val_loss""]","[""val_loss""]",False,False,False,False,1.416184,102.76,,2.3434,,Pythia,,49000,1.416184|102.76|
B1_642,B,pythia_training_log_existing.csv,真实,fit,pythia_N_1.416184,pythia_N_1.416184,"[""N_params_B"",""D_tokens_B"",""val_loss""]","[""val_loss""]",False,False,False,False,1.416184,104.858,,2.3414,,Pythia,,50000,1.416184|104.858|
B1_643,B,pythia_training_log_existing.csv,真实,fit,pythia_N_1.416184,pythia_N_1.416184,"[""N_params_B"",""D_tokens_B"",""val_loss""]","[""val_loss""]",False,False,False,False,1.416184,106.955,,2.3399,,Pythia,,51000,1.416184|106.955|
B1_644,B,pythia_training_log_existing.csv,真实,fit,pythia_N_1.416184,pythia_N_1.416184,"[""N_params_B"",""D_tokens_B"",""val_loss""]","[""val_loss""]",False,False,False,False,1.416184,109.052,,2.338,,Pythia,,52000,1.416184|109.052|
B1_645,B,pythia_training_log_existing.csv,真实,fit,pythia_N_1.416184,pythia_N_1.416184,"[""N_params_B"",""D_tokens_B"",""val_loss""]","[""val_loss""]",False,False,False,False,1.416184,111.149,,2.3362,,Pythia,,53000,1.416184|111.149|
B1_646,B,pythia_training_log_existing.csv,真实,fit,pythia_N_1.416184,pythia_N_1.416184,"[""N_params_B"",""D_tokens_B"",""val_loss""]","[""val_loss""]",False,False,False,False,1.416184,113.246,,2.3345,,Pythia,,54000,1.416184|113.246|
B1_647,B,pythia_training_log_existing.csv,真实,fit,pythia_N_1.416184,pythia_N_1.416184,"[""N_params_B"",""D_tokens_B"",""val_loss""]","[""val_loss""]",False,False,False,False,1.416184,115.343,,2.3326,,Pythia,,55000,1.416184|115.343|
B1_648,B,pythia_training_log_existing.csv,真实,fit,pythia_N_1.416184,pythia_N_1.416184,"[""N_params_B"",""D_tokens_B"",""val_loss""]","[""val_loss""]",False,False,False,False,1.416184,117.441,,2.331,,Pythia,,56000,1.416184|117.441|
B1_649,B,pythia_training_log_existing.csv,真实,fit,pythia_N_1.416184,pythia_N_1.416184,"[""N_params_B"",""D_tokens_B"",""val_loss""]","[""val_loss""]",False,False,False,False,1.416184,119.538,,2.3295,,Pythia,,57000,1.416184|119.538|
B1_650,B,pythia_training_log_existing.csv,真实,fit,pythia_N_1.416184,pythia_N_1.416184,"[""N_params_B"",""D_tokens_B"",""val_loss""]","[""val_loss""]",False,False,False,False,1.416184,121.635,,2.3277,,Pythia,,58000,1.416184|121.635|
B1_651,B,pythia_training_log_existing.csv,真实,fit,pythia_N_1.416184,pythia_N_1.416184,"[""N_params_B"",""D_tokens_B"",""val_loss""]","[""val_loss""]",False,False,False,False,1.416184,123.732,,2.3264,,Pythia,,59000,1.416184|123.732|
B1_652,B,pythia_training_log_existing.csv,真实,fit,pythia_N_1.416184,pythia_N_1.416184,"[""N_params_B"",""D_tokens_B"",""val_loss""]","[""val_loss""]",False,False,False,False,1.416184,125.829,,2.3248,,Pythia,,60000,1.416184|125.829|
B1_653,B,pythia_training_log_existing.csv,真实,fit,pythia_N_1.416184,pythia_N_1.416184,"[""N_params_B"",""D_tokens_B"",""val_loss""]","[""val_loss""]",False,False,False,False,1.416184,127.926,,2.3233,,Pythia,,61000,1.416184|127.926|
B1_654,B,pythia_training_log_existing.csv,真实,fit,pythia_N_1.416184,pythia_N_1.416184,"[""N_params_B"",""D_tokens_B"",""val_loss""]","[""val_loss""]",False,False,False,False,1.416184,130.023,,2.3219,,Pythia,,62000,1.416184|130.023|
B1_655,B,pythia_training_log_existing.csv,真实,fit,pythia_N_1.416184,pythia_N_1.416184,"[""N_params_B"",""D_tokens_B"",""val_loss""]","[""val_loss""]",False,False,False,False,1.416184,132.121,,2.3205,,Pythia,,63000,1.416184|132.121|
B1_656,B,pythia_training_log_existing.csv,真实,fit,pythia_N_1.416184,pythia_N_1.416184,"[""N_params_B"",""D_tokens_B"",""val_loss""]","[""val_loss""]",False,False,False,False,1.416184,134.218,,2.319,,Pythia,,64000,1.416184|134.218|
B1_657,B,pythia_training_log_existing.csv,真实,fit,pythia_N_1.416184,pythia_N_1.416184,"[""N_params_B"",""D_tokens_B"",""val_loss""]","[""val_loss""]",False,False,False,False,1.416184,136.315,,2.3178,,Pythia,,65000,1.416184|136.315|
B1_658,B,pythia_training_log_existing.csv,真实,fit,pythia_N_1.416184,pythia_N_1.416184,"[""N_params_B"",""D_tokens_B"",""val_loss""]","[""val_loss""]",False,False,False,False,1.416184,138.412,,2.3162,,Pythia,,66000,1.416184|138.412|
B1_659,B,pythia_training_log_existing.csv,真实,fit,pythia_N_1.416184,pythia_N_1.416184,"[""N_params_B"",""D_tokens_B"",""val_loss""]","[""val_loss""]",False,False,False,False,1.416184,140.509,,2.3151,,Pythia,,67000,1.416184|140.509|
B1_660,B,pythia_training_log_existing.csv,真实,fit,pythia_N_1.416184,pythia_N_1.416184,"[""N_params_B"",""D_tokens_B"",""val_loss""]","[""val_loss""]",False,False,False,False,1.416184,142.606,,2.3138,,Pythia,,68000,1.416184|142.606|
B1_661,B,pythia_training_log_existing.csv,真实,fit,pythia_N_1.416184,pythia_N_1.416184,"[""N_params_B"",""D_tokens_B"",""val_loss""]","[""val_loss""]",False,False,False,False,1.416184,144.703,,2.3125,,Pythia,,69000,1.416184|144.703|
B1_662,B,pythia_training_log_existing.csv,真实,fit,pythia_N_1.416184,pythia_N_1.416184,"[""N_params_B"",""D_tokens_B"",""val_loss""]","[""val_loss""]",False,False,False,False,1.416184,146.801,,2.3113,,Pythia,,70000,1.416184|146.801|
B1_663,B,pythia_training_log_existing.csv,真实,fit,pythia_N_1.416184,pythia_N_1.416184,"[""N_params_B"",""D_tokens_B"",""val_loss""]","[""val_loss""]",False,False,False,False,1.416184,148.898,,2.3099,,Pythia,,71000,1.416184|148.898|
B1_664,B,pythia_training_log_existing.csv,真实,fit,pythia_N_1.416184,pythia_N_1.416184,"[""N_params_B"",""D_tokens_B"",""val_loss""]","[""val_loss""]",False,False,False,False,1.416184,150.995,,2.3089,,Pythia,,72000,1.416184|150.995|
B1_665,B,pythia_training_log_existing.csv,真实,fit,pythia_N_1.416184,pythia_N_1.416184,"[""N_params_B"",""D_tokens_B"",""val_loss""]","[""val_loss""]",False,False,False,False,1.416184,153.092,,2.3077,,Pythia,,73000,1.416184|153.092|
B1_666,B,pythia_training_log_existing.csv,真实,fit,pythia_N_1.416184,pythia_N_1.416184,"[""N_params_B"",""D_tokens_B"",""val_loss""]","[""val_loss""]",False,False,False,False,1.416184,155.189,,2.3065,,Pythia,,74000,1.416184|155.189|
B1_667,B,pythia_training_log_existing.csv,真实,fit,pythia_N_1.416184,pythia_N_1.416184,"[""N_params_B"",""D_tokens_B"",""val_loss""]","[""val_loss""]",False,False,False,False,1.416184,157.286,,2.3055,,Pythia,,75000,1.416184|157.286|
B1_668,B,pythia_training_log_existing.csv,真实,fit,pythia_N_1.416184,pythia_N_1.416184,"[""N_params_B"",""D_tokens_B"",""val_loss""]","[""val_loss""]",False,False,False,False,1.416184,159.384,,2.3042,,Pythia,,76000,1.416184|159.384|
B1_669,B,pythia_training_log_existing.csv,真实,fit,pythia_N_1.416184,pythia_N_1.416184,"[""N_params_B"",""D_tokens_B"",""val_loss""]","[""val_loss""]",False,False,False,False,1.416184,161.481,,2.303,,Pythia,,77000,1.416184|161.481|
B1_670,B,pythia_training_log_existing.csv,真实,fit,pythia_N_1.416184,pythia_N_1.416184,"[""N_params_B"",""D_tokens_B"",""val_loss""]","[""val_loss""]",False,False,False,False,1.416184,163.578,,2.3019,,Pythia,,78000,1.416184|163.578|
B1_671,B,pythia_training_log_existing.csv,真实,fit,pythia_N_1.416184,pythia_N_1.416184,"[""N_params_B"",""D_tokens_B"",""val_loss""]","[""val_loss""]",False,False,False,False,1.416184,165.675,,2.3011,,Pythia,,79000,1.416184|165.675|
B1_672,B,pythia_training_log_existing.csv,真实,fit,pythia_N_1.416184,pythia_N_1.416184,"[""N_params_B"",""D_tokens_B"",""val_loss""]","[""val_loss""]",False,False,False,False,1.416184,167.772,,2.2999,,Pythia,,80000,1.416184|167.772|
B1_673,B,pythia_training_log_existing.csv,真实,fit,pythia_N_1.416184,pythia_N_1.416184,"[""N_params_B"",""D_tokens_B"",""val_loss""]","[""val_loss""]",False,False,False,False,1.416184,169.869,,2.2991,,Pythia,,81000,1.416184|169.869|
B1_674,B,pythia_training_log_existing.csv,真实,fit,pythia_N_1.416184,pythia_N_1.416184,"[""N_params_B"",""D_tokens_B"",""val_loss""]","[""val_loss""]",False,False,False,False,1.416184,171.966,,2.2978,,Pythia,,82000,1.416184|171.966|
B1_675,B,pythia_training_log_existing.csv,真实,fit,pythia_N_1.416184,pythia_N_1.416184,"[""N_params_B"",""D_tokens_B"",""val_loss""]","[""val_loss""]",False,False,False,False,1.416184,174.064,,2.2971,,Pythia,,83000,1.416184|174.064|
B1_676,B,pythia_training_log_existing.csv,真实,fit,pythia_N_1.416184,pythia_N_1.416184,"[""N_params_B"",""D_tokens_B"",""val_loss""]","[""val_loss""]",False,False,False,False,1.416184,176.161,,2.296,,Pythia,,84000,1.416184|176.161|
B1_677,B,pythia_training_log_existing.csv,真实,fit,pythia_N_1.416184,pythia_N_1.416184,"[""N_params_B"",""D_tokens_B"",""val_loss""]","[""val_loss""]",False,False,False,False,1.416184,178.258,,2.295,,Pythia,,85000,1.416184|178.258|
B1_678,B,pythia_training_log_existing.csv,真实,fit,pythia_N_1.416184,pythia_N_1.416184,"[""N_params_B"",""D_tokens_B"",""val_loss""]","[""val_loss""]",False,False,False,False,1.416184,180.355,,2.294,,Pythia,,86000,1.416184|180.355|
B1_679,B,pythia_training_log_existing.csv,真实,fit,pythia_N_1.416184,pythia_N_1.416184,"[""N_params_B"",""D_tokens_B"",""val_loss""]","[""val_loss""]",False,False,False,False,1.416184,182.452,,2.2932,,Pythia,,87000,1.416184|182.452|
B1_680,B,pythia_training_log_existing.csv,真实,fit,pythia_N_1.416184,pythia_N_1.416184,"[""N_params_B"",""D_tokens_B"",""val_loss""]","[""val_loss""]",False,False,False,False,1.416184,184.549,,2.2922,,Pythia,,88000,1.416184|184.549|
B1_681,B,pythia_training_log_existing.csv,真实,fit,pythia_N_1.416184,pythia_N_1.416184,"[""N_params_B"",""D_tokens_B"",""val_loss""]","[""val_loss""]",False,False,False,False,1.416184,186.647,,2.2914,,Pythia,,89000,1.416184|186.647|
B1_682,B,pythia_training_log_existing.csv,真实,fit,pythia_N_1.416184,pythia_N_1.416184,"[""N_params_B"",""D_tokens_B"",""val_loss""]","[""val_loss""]",False,False,False,False,1.416184,188.744,,2.2904,,Pythia,,90000,1.416184|188.744|
B1_683,B,pythia_training_log_existing.csv,真实,fit,pythia_N_1.416184,pythia_N_1.416184,"[""N_params_B"",""D_tokens_B"",""val_loss""]","[""val_loss""]",False,False,False,False,1.416184,190.841,,2.2895,,Pythia,,91000,1.416184|190.841|
B1_684,B,pythia_training_log_existing.csv,真实,fit,pythia_N_1.416184,pythia_N_1.416184,"[""N_params_B"",""D_tokens_B"",""val_loss""]","[""val_loss""]",False,False,False,False,1.416184,192.938,,2.2886,,Pythia,,92000,1.416184|192.938|
B1_685,B,pythia_training_log_existing.csv,真实,fit,pythia_N_1.416184,pythia_N_1.416184,"[""N_params_B"",""D_tokens_B"",""val_loss""]","[""val_loss""]",False,False,False,False,1.416184,195.035,,2.2878,,Pythia,,93000,1.416184|195.035|
B1_686,B,pythia_training_log_existing.csv,真实,fit,pythia_N_1.416184,pythia_N_1.416184,"[""N_params_B"",""D_tokens_B"",""val_loss""]","[""val_loss""]",False,False,False,False,1.416184,197.132,,2.287,,Pythia,,94000,1.416184|197.132|
B1_687,B,pythia_training_log_existing.csv,真实,fit,pythia_N_1.416184,pythia_N_1.416184,"[""N_params_B"",""D_tokens_B"",""val_loss""]","[""val_loss""]",False,False,False,False,1.416184,199.229,,2.286,,Pythia,,95000,1.416184|199.229|
B1_688,B,pythia_training_log_existing.csv,真实,fit,pythia_N_1.416184,pythia_N_1.416184,"[""N_params_B"",""D_tokens_B"",""val_loss""]","[""val_loss""]",False,False,False,False,1.416184,201.327,,2.2852,,Pythia,,96000,1.416184|201.327|
B1_689,B,pythia_training_log_existing.csv,真实,fit,pythia_N_1.416184,pythia_N_1.416184,"[""N_params_B"",""D_tokens_B"",""val_loss""]","[""val_loss""]",False,False,False,False,1.416184,203.424,,2.2845,,Pythia,,97000,1.416184|203.424|
B1_690,B,pythia_training_log_existing.csv,真实,fit,pythia_N_1.416184,pythia_N_1.416184,"[""N_params_B"",""D_tokens_B"",""val_loss""]","[""val_loss""]",False,False,False,False,1.416184,205.521,,2.2837,,Pythia,,98000,1.416184|205.521|
B1_691,B,pythia_training_log_existing.csv,真实,fit,pythia_N_1.416184,pythia_N_1.416184,"[""N_params_B"",""D_tokens_B"",""val_loss""]","[""val_loss""]",False,False,False,False,1.416184,207.618,,2.2829,,Pythia,,99000,1.416184|207.618|
B1_692,B,pythia_training_log_existing.csv,真实,fit,pythia_N_1.416184,pythia_N_1.416184,"[""N_params_B"",""D_tokens_B"",""val_loss""]","[""val_loss""]",False,False,False,False,1.416184,209.715,,2.2821,,Pythia,,100000,1.416184|209.715|
B1_693,B,pythia_training_log_existing.csv,真实,fit,pythia_N_1.416184,pythia_N_1.416184,"[""N_params_B"",""D_tokens_B"",""val_loss""]","[""val_loss""]",False,False,False,False,1.416184,211.812,,2.2814,,Pythia,,101000,1.416184|211.812|
B1_694,B,pythia_training_log_existing.csv,真实,fit,pythia_N_1.416184,pythia_N_1.416184,"[""N_params_B"",""D_tokens_B"",""val_loss""]","[""val_loss""]",False,False,False,False,1.416184,213.91,,2.2805,,Pythia,,102000,1.416184|213.91|
B1_695,B,pythia_training_log_existing.csv,真实,fit,pythia_N_1.416184,pythia_N_1.416184,"[""N_params_B"",""D_tokens_B"",""val_loss""]","[""val_loss""]",False,False,False,False,1.416184,216.007,,2.2797,,Pythia,,103000,1.416184|216.007|
B1_696,B,pythia_training_log_existing.csv,真实,fit,pythia_N_1.416184,pythia_N_1.416184,"[""N_params_B"",""D_tokens_B"",""val_loss""]","[""val_loss""]",False,False,False,False,1.416184,218.104,,2.2791,,Pythia,,104000,1.416184|218.104|
B1_697,B,pythia_training_log_existing.csv,真实,fit,pythia_N_1.416184,pythia_N_1.416184,"[""N_params_B"",""D_tokens_B"",""val_loss""]","[""val_loss""]",False,False,False,False,1.416184,220.201,,2.2782,,Pythia,,105000,1.416184|220.201|
B1_698,B,pythia_training_log_existing.csv,真实,fit,pythia_N_1.416184,pythia_N_1.416184,"[""N_params_B"",""D_tokens_B"",""val_loss""]","[""val_loss""]",False,False,False,False,1.416184,222.298,,2.2776,,Pythia,,106000,1.416184|222.298|
B1_699,B,pythia_training_log_existing.csv,真实,fit,pythia_N_1.416184,pythia_N_1.416184,"[""N_params_B"",""D_tokens_B"",""val_loss""]","[""val_loss""]",False,False,False,False,1.416184,224.395,,2.2767,,Pythia,,107000,1.416184|224.395|
B1_700,B,pythia_training_log_existing.csv,真实,fit,pythia_N_1.416184,pythia_N_1.416184,"[""N_params_B"",""D_tokens_B"",""val_loss""]","[""val_loss""]",False,False,False,False,1.416184,226.492,,2.2763,,Pythia,,108000,1.416184|226.492|
B1_701,B,pythia_training_log_existing.csv,真实,fit,pythia_N_1.416184,pythia_N_1.416184,"[""N_params_B"",""D_tokens_B"",""val_loss""]","[""val_loss""]",False,False,False,False,1.416184,228.59,,2.2755,,Pythia,,109000,1.416184|228.59|
B1_702,B,pythia_training_log_existing.csv,真实,fit,pythia_N_1.416184,pythia_N_1.416184,"[""N_params_B"",""D_tokens_B"",""val_loss""]","[""val_loss""]",False,False,False,False,1.416184,230.687,,2.2748,,Pythia,,110000,1.416184|230.687|
B1_703,B,pythia_training_log_existing.csv,真实,fit,pythia_N_1.416184,pythia_N_1.416184,"[""N_params_B"",""D_tokens_B"",""val_loss""]","[""val_loss""]",False,False,False,False,1.416184,232.784,,2.2742,,Pythia,,111000,1.416184|232.784|
B1_704,B,pythia_training_log_existing.csv,真实,fit,pythia_N_1.416184,pythia_N_1.416184,"[""N_params_B"",""D_tokens_B"",""val_loss""]","[""val_loss""]",False,False,False,False,1.416184,234.881,,2.2736,,Pythia,,112000,1.416184|234.881|
B1_705,B,pythia_training_log_existing.csv,真实,fit,pythia_N_1.416184,pythia_N_1.416184,"[""N_params_B"",""D_tokens_B"",""val_loss""]","[""val_loss""]",False,False,False,False,1.416184,236.978,,2.2728,,Pythia,,113000,1.416184|236.978|
B1_706,B,pythia_training_log_existing.csv,真实,fit,pythia_N_1.416184,pythia_N_1.416184,"[""N_params_B"",""D_tokens_B"",""val_loss""]","[""val_loss""]",False,False,False,False,1.416184,239.075,,2.2719,,Pythia,,114000,1.416184|239.075|
B1_707,B,pythia_training_log_existing.csv,真实,fit,pythia_N_1.416184,pythia_N_1.416184,"[""N_params_B"",""D_tokens_B"",""val_loss""]","[""val_loss""]",False,False,False,False,1.416184,241.172,,2.2713,,Pythia,,115000,1.416184|241.172|
B1_708,B,pythia_training_log_existing.csv,真实,fit,pythia_N_1.416184,pythia_N_1.416184,"[""N_params_B"",""D_tokens_B"",""val_loss""]","[""val_loss""]",False,False,False,False,1.416184,243.27,,2.2707,,Pythia,,116000,1.416184|243.27|
B1_709,B,pythia_training_log_existing.csv,真实,fit,pythia_N_1.416184,pythia_N_1.416184,"[""N_params_B"",""D_tokens_B"",""val_loss""]","[""val_loss""]",False,False,False,False,1.416184,245.367,,2.2702,,Pythia,,117000,1.416184|245.367|
B1_710,B,pythia_training_log_existing.csv,真实,fit,pythia_N_1.416184,pythia_N_1.416184,"[""N_params_B"",""D_tokens_B"",""val_loss""]","[""val_loss""]",False,False,False,False,1.416184,247.464,,2.2696,,Pythia,,118000,1.416184|247.464|
B1_711,B,pythia_training_log_existing.csv,真实,fit,pythia_N_1.416184,pythia_N_1.416184,"[""N_params_B"",""D_tokens_B"",""val_loss""]","[""val_loss""]",False,False,False,False,1.416184,249.561,,2.2688,,Pythia,,119000,1.416184|249.561|
B1_712,B,pythia_training_log_existing.csv,真实,fit,pythia_N_1.416184,pythia_N_1.416184,"[""N_params_B"",""D_tokens_B"",""val_loss""]","[""val_loss""]",False,False,False,False,1.416184,251.658,,2.2683,,Pythia,,120000,1.416184|251.658|
B1_713,B,pythia_training_log_existing.csv,真实,fit,pythia_N_1.416184,pythia_N_1.416184,"[""N_params_B"",""D_tokens_B"",""val_loss""]","[""val_loss""]",False,False,False,False,1.416184,253.755,,2.2676,,Pythia,,121000,1.416184|253.755|
B1_714,B,pythia_training_log_existing.csv,真实,fit,pythia_N_1.416184,pythia_N_1.416184,"[""N_params_B"",""D_tokens_B"",""val_loss""]","[""val_loss""]",False,False,False,False,1.416184,255.853,,2.267,,Pythia,,122000,1.416184|255.853|
B1_715,B,pythia_training_log_existing.csv,真实,fit,pythia_N_1.416184,pythia_N_1.416184,"[""N_params_B"",""D_tokens_B"",""val_loss""]","[""val_loss""]",False,False,False,False,1.416184,257.95,,2.2663,,Pythia,,123000,1.416184|257.95|
B1_716,B,pythia_training_log_existing.csv,真实,fit,pythia_N_1.416184,pythia_N_1.416184,"[""N_params_B"",""D_tokens_B"",""val_loss""]","[""val_loss""]",False,False,False,False,1.416184,260.047,,2.2658,,Pythia,,124000,1.416184|260.047|
B1_717,B,pythia_training_log_existing.csv,真实,fit,pythia_N_1.416184,pythia_N_1.416184,"[""N_params_B"",""D_tokens_B"",""val_loss""]","[""val_loss""]",False,False,False,False,1.416184,262.144,,2.2652,,Pythia,,125000,1.416184|262.144|
B1_718,B,pythia_training_log_existing.csv,真实,fit,pythia_N_1.416184,pythia_N_1.416184,"[""N_params_B"",""D_tokens_B"",""val_loss""]","[""val_loss""]",False,False,False,False,1.416184,264.241,,2.2646,,Pythia,,126000,1.416184|264.241|
B1_719,B,pythia_training_log_existing.csv,真实,fit,pythia_N_1.416184,pythia_N_1.416184,"[""N_params_B"",""D_tokens_B"",""val_loss""]","[""val_loss""]",False,False,False,False,1.416184,266.338,,2.2642,,Pythia,,127000,1.416184|266.338|
B1_720,B,pythia_training_log_existing.csv,真实,fit,pythia_N_1.416184,pythia_N_1.416184,"[""N_params_B"",""D_tokens_B"",""val_loss""]","[""val_loss""]",False,False,False,False,1.416184,268.435,,2.2635,,Pythia,,128000,1.416184|268.435|
B1_721,B,pythia_training_log_existing.csv,真实,fit,pythia_N_1.416184,pythia_N_1.416184,"[""N_params_B"",""D_tokens_B"",""val_loss""]","[""val_loss""]",False,False,False,False,1.416184,270.533,,2.2632,,Pythia,,129000,1.416184|270.533|
B1_722,B,pythia_training_log_existing.csv,真实,fit,pythia_N_1.416184,pythia_N_1.416184,"[""N_params_B"",""D_tokens_B"",""val_loss""]","[""val_loss""]",False,False,False,False,1.416184,272.63,,2.2625,,Pythia,,130000,1.416184|272.63|
B1_723,B,pythia_training_log_existing.csv,真实,fit,pythia_N_1.416184,pythia_N_1.416184,"[""N_params_B"",""D_tokens_B"",""val_loss""]","[""val_loss""]",False,False,False,False,1.416184,274.727,,2.2619,,Pythia,,131000,1.416184|274.727|
B1_724,B,pythia_training_log_existing.csv,真实,fit,pythia_N_1.416184,pythia_N_1.416184,"[""N_params_B"",""D_tokens_B"",""val_loss""]","[""val_loss""]",False,False,False,False,1.416184,276.824,,2.2613,,Pythia,,132000,1.416184|276.824|
B1_725,B,pythia_training_log_existing.csv,真实,fit,pythia_N_1.416184,pythia_N_1.416184,"[""N_params_B"",""D_tokens_B"",""val_loss""]","[""val_loss""]",False,False,False,False,1.416184,278.921,,2.2609,,Pythia,,133000,1.416184|278.921|
B1_726,B,pythia_training_log_existing.csv,真实,fit,pythia_N_1.416184,pythia_N_1.416184,"[""N_params_B"",""D_tokens_B"",""val_loss""]","[""val_loss""]",False,False,False,False,1.416184,281.018,,2.2602,,Pythia,,134000,1.416184|281.018|
B1_727,B,pythia_training_log_existing.csv,真实,fit,pythia_N_1.416184,pythia_N_1.416184,"[""N_params_B"",""D_tokens_B"",""val_loss""]","[""val_loss""]",False,False,False,False,1.416184,283.116,,2.2597,,Pythia,,135000,1.416184|283.116|
B1_728,B,pythia_training_log_existing.csv,真实,fit,pythia_N_1.416184,pythia_N_1.416184,"[""N_params_B"",""D_tokens_B"",""val_loss""]","[""val_loss""]",False,False,False,False,1.416184,285.213,,2.2594,,Pythia,,136000,1.416184|285.213|
B1_729,B,pythia_training_log_existing.csv,真实,fit,pythia_N_1.416184,pythia_N_1.416184,"[""N_params_B"",""D_tokens_B"",""val_loss""]","[""val_loss""]",False,False,False,False,1.416184,287.31,,2.2587,,Pythia,,137000,1.416184|287.31|
B1_730,B,pythia_training_log_existing.csv,真实,fit,pythia_N_1.416184,pythia_N_1.416184,"[""N_params_B"",""D_tokens_B"",""val_loss""]","[""val_loss""]",False,False,False,False,1.416184,289.407,,2.2583,,Pythia,,138000,1.416184|289.407|
B1_731,B,pythia_training_log_existing.csv,真实,fit,pythia_N_1.416184,pythia_N_1.416184,"[""N_params_B"",""D_tokens_B"",""val_loss""]","[""val_loss""]",False,False,False,False,1.416184,291.504,,2.2576,,Pythia,,139000,1.416184|291.504|
B1_732,B,pythia_training_log_existing.csv,真实,fit,pythia_N_1.416184,pythia_N_1.416184,"[""N_params_B"",""D_tokens_B"",""val_loss""]","[""val_loss""]",False,False,False,False,1.416184,293.601,,2.2571,,Pythia,,140000,1.416184|293.601|
B1_733,B,pythia_training_log_existing.csv,真实,fit,pythia_N_1.416184,pythia_N_1.416184,"[""N_params_B"",""D_tokens_B"",""val_loss""]","[""val_loss""]",False,False,False,False,1.416184,295.698,,2.2568,,Pythia,,141000,1.416184|295.698|
B1_734,B,pythia_training_log_existing.csv,真实,fit,pythia_N_1.416184,pythia_N_1.416184,"[""N_params_B"",""D_tokens_B"",""val_loss""]","[""val_loss""]",False,False,False,False,1.416184,297.796,,2.2561,,Pythia,,142000,1.416184|297.796|
B1_735,B,pythia_training_log_existing.csv,真实,fit,pythia_N_1.416184,pythia_N_1.416184,"[""N_params_B"",""D_tokens_B"",""val_loss""]","[""val_loss""]",False,False,False,False,1.416184,299.893,,2.2558,,Pythia,,143000,1.416184|299.893|
B1_736,B,pythia_training_log_existing.csv,真实,fit,pythia_N_2.782831,pythia_N_2.782831,"[""N_params_B"",""D_tokens_B"",""val_loss""]","[""val_loss""]",False,False,False,False,2.782831,0.134,,4.1162,,Pythia,,64,2.782831|0.134|
B1_737,B,pythia_training_log_existing.csv,真实,fit,pythia_N_2.782831,pythia_N_2.782831,"[""N_params_B"",""D_tokens_B"",""val_loss""]","[""val_loss""]",False,False,False,False,2.782831,0.268,,3.7324,,Pythia,,128,2.782831|0.268|
B1_738,B,pythia_training_log_existing.csv,真实,fit,pythia_N_2.782831,pythia_N_2.782831,"[""N_params_B"",""D_tokens_B"",""val_loss""]","[""val_loss""]",False,False,False,False,2.782831,0.537,,3.4164,,Pythia,,256,2.782831|0.537|
B1_739,B,pythia_training_log_existing.csv,真实,fit,pythia_N_2.782831,pythia_N_2.782831,"[""N_params_B"",""D_tokens_B"",""val_loss""]","[""val_loss""]",False,False,False,False,2.782831,1.074,,3.1558,,Pythia,,512,2.782831|1.074|
B1_740,B,pythia_training_log_existing.csv,真实,fit,pythia_N_2.782831,pythia_N_2.782831,"[""N_params_B"",""D_tokens_B"",""val_loss""]","[""val_loss""]",False,False,False,False,2.782831,2.097,,2.9476,,Pythia,,1000,2.782831|2.097|
B1_741,B,pythia_training_log_existing.csv,真实,fit,pythia_N_2.782831,pythia_N_2.782831,"[""N_params_B"",""D_tokens_B"",""val_loss""]","[""val_loss""]",False,False,False,False,2.782831,4.194,,2.7702,,Pythia,,2000,2.782831|4.194|
B1_742,B,pythia_training_log_existing.csv,真实,fit,pythia_N_2.782831,pythia_N_2.782831,"[""N_params_B"",""D_tokens_B"",""val_loss""]","[""val_loss""]",False,False,False,False,2.782831,6.291,,2.6811,,Pythia,,3000,2.782831|6.291|
B1_743,B,pythia_training_log_existing.csv,真实,fit,pythia_N_2.782831,pythia_N_2.782831,"[""N_params_B"",""D_tokens_B"",""val_loss""]","[""val_loss""]",False,False,False,False,2.782831,8.389,,2.6238,,Pythia,,4000,2.782831|8.389|
B1_744,B,pythia_training_log_existing.csv,真实,fit,pythia_N_2.782831,pythia_N_2.782831,"[""N_params_B"",""D_tokens_B"",""val_loss""]","[""val_loss""]",False,False,False,False,2.782831,10.486,,2.5824,,Pythia,,5000,2.782831|10.486|
B1_745,B,pythia_training_log_existing.csv,真实,fit,pythia_N_2.782831,pythia_N_2.782831,"[""N_params_B"",""D_tokens_B"",""val_loss""]","[""val_loss""]",False,False,False,False,2.782831,12.583,,2.5504,,Pythia,,6000,2.782831|12.583|
B1_746,B,pythia_training_log_existing.csv,真实,fit,pythia_N_2.782831,pythia_N_2.782831,"[""N_params_B"",""D_tokens_B"",""val_loss""]","[""val_loss""]",False,False,False,False,2.782831,14.68,,2.5246,,Pythia,,7000,2.782831|14.68|
B1_747,B,pythia_training_log_existing.csv,真实,fit,pythia_N_2.782831,pythia_N_2.782831,"[""N_params_B"",""D_tokens_B"",""val_loss""]","[""val_loss""]",False,False,False,False,2.782831,16.777,,2.503,,Pythia,,8000,2.782831|16.777|
B1_748,B,pythia_training_log_existing.csv,真实,fit,pythia_N_2.782831,pythia_N_2.782831,"[""N_params_B"",""D_tokens_B"",""val_loss""]","[""val_loss""]",False,False,False,False,2.782831,18.874,,2.4846,,Pythia,,9000,2.782831|18.874|
B1_749,B,pythia_training_log_existing.csv,真实,fit,pythia_N_2.782831,pythia_N_2.782831,"[""N_params_B"",""D_tokens_B"",""val_loss""]","[""val_loss""]",False,False,False,False,2.782831,20.972,,2.469,,Pythia,,10000,2.782831|20.972|
B1_750,B,pythia_training_log_existing.csv,真实,fit,pythia_N_2.782831,pythia_N_2.782831,"[""N_params_B"",""D_tokens_B"",""val_loss""]","[""val_loss""]",False,False,False,False,2.782831,23.069,,2.455,,Pythia,,11000,2.782831|23.069|
B1_751,B,pythia_training_log_existing.csv,真实,fit,pythia_N_2.782831,pythia_N_2.782831,"[""N_params_B"",""D_tokens_B"",""val_loss""]","[""val_loss""]",False,False,False,False,2.782831,25.166,,2.4427,,Pythia,,12000,2.782831|25.166|
B1_752,B,pythia_training_log_existing.csv,真实,fit,pythia_N_2.782831,pythia_N_2.782831,"[""N_params_B"",""D_tokens_B"",""val_loss""]","[""val_loss""]",False,False,False,False,2.782831,27.263,,2.4313,,Pythia,,13000,2.782831|27.263|
B1_753,B,pythia_training_log_existing.csv,真实,fit,pythia_N_2.782831,pythia_N_2.782831,"[""N_params_B"",""D_tokens_B"",""val_loss""]","[""val_loss""]",False,False,False,False,2.782831,29.36,,2.4212,,Pythia,,14000,2.782831|29.36|
B1_754,B,pythia_training_log_existing.csv,真实,fit,pythia_N_2.782831,pythia_N_2.782831,"[""N_params_B"",""D_tokens_B"",""val_loss""]","[""val_loss""]",False,False,False,False,2.782831,31.457,,2.4123,,Pythia,,15000,2.782831|31.457|
B1_755,B,pythia_training_log_existing.csv,真实,fit,pythia_N_2.782831,pythia_N_2.782831,"[""N_params_B"",""D_tokens_B"",""val_loss""]","[""val_loss""]",False,False,False,False,2.782831,33.554,,2.4037,,Pythia,,16000,2.782831|33.554|
B1_756,B,pythia_training_log_existing.csv,真实,fit,pythia_N_2.782831,pythia_N_2.782831,"[""N_params_B"",""D_tokens_B"",""val_loss""]","[""val_loss""]",False,False,False,False,2.782831,35.652,,2.396,,Pythia,,17000,2.782831|35.652|
B1_757,B,pythia_training_log_existing.csv,真实,fit,pythia_N_2.782831,pythia_N_2.782831,"[""N_params_B"",""D_tokens_B"",""val_loss""]","[""val_loss""]",False,False,False,False,2.782831,37.749,,2.3887,,Pythia,,18000,2.782831|37.749|
B1_758,B,pythia_training_log_existing.csv,真实,fit,pythia_N_2.782831,pythia_N_2.782831,"[""N_params_B"",""D_tokens_B"",""val_loss""]","[""val_loss""]",False,False,False,False,2.782831,39.846,,2.3819,,Pythia,,19000,2.782831|39.846|
B1_759,B,pythia_training_log_existing.csv,真实,fit,pythia_N_2.782831,pythia_N_2.782831,"[""N_params_B"",""D_tokens_B"",""val_loss""]","[""val_loss""]",False,False,False,False,2.782831,41.943,,2.3757,,Pythia,,20000,2.782831|41.943|
B1_760,B,pythia_training_log_existing.csv,真实,fit,pythia_N_2.782831,pythia_N_2.782831,"[""N_params_B"",""D_tokens_B"",""val_loss""]","[""val_loss""]",False,False,False,False,2.782831,44.04,,2.3697,,Pythia,,21000,2.782831|44.04|
B1_761,B,pythia_training_log_existing.csv,真实,fit,pythia_N_2.782831,pythia_N_2.782831,"[""N_params_B"",""D_tokens_B"",""val_loss""]","[""val_loss""]",False,False,False,False,2.782831,46.137,,2.3642,,Pythia,,22000,2.782831|46.137|
B1_762,B,pythia_training_log_existing.csv,真实,fit,pythia_N_2.782831,pythia_N_2.782831,"[""N_params_B"",""D_tokens_B"",""val_loss""]","[""val_loss""]",False,False,False,False,2.782831,48.234,,2.3589,,Pythia,,23000,2.782831|48.234|
B1_763,B,pythia_training_log_existing.csv,真实,fit,pythia_N_2.782831,pythia_N_2.782831,"[""N_params_B"",""D_tokens_B"",""val_loss""]","[""val_loss""]",False,False,False,False,2.782831,50.332,,2.3539,,Pythia,,24000,2.782831|50.332|
B1_764,B,pythia_training_log_existing.csv,真实,fit,pythia_N_2.782831,pythia_N_2.782831,"[""N_params_B"",""D_tokens_B"",""val_loss""]","[""val_loss""]",False,False,False,False,2.782831,52.429,,2.3492,,Pythia,,25000,2.782831|52.429|
B1_765,B,pythia_training_log_existing.csv,真实,fit,pythia_N_2.782831,pythia_N_2.782831,"[""N_params_B"",""D_tokens_B"",""val_loss""]","[""val_loss""]",False,False,False,False,2.782831,54.526,,2.3448,,Pythia,,26000,2.782831|54.526|
B1_766,B,pythia_training_log_existing.csv,真实,fit,pythia_N_2.782831,pythia_N_2.782831,"[""N_params_B"",""D_tokens_B"",""val_loss""]","[""val_loss""]",False,False,False,False,2.782831,56.623,,2.3405,,Pythia,,27000,2.782831|56.623|
B1_767,B,pythia_training_log_existing.csv,真实,fit,pythia_N_2.782831,pythia_N_2.782831,"[""N_params_B"",""D_tokens_B"",""val_loss""]","[""val_loss""]",False,False,False,False,2.782831,58.72,,2.3366,,Pythia,,28000,2.782831|58.72|
B1_768,B,pythia_training_log_existing.csv,真实,fit,pythia_N_2.782831,pythia_N_2.782831,"[""N_params_B"",""D_tokens_B"",""val_loss""]","[""val_loss""]",False,False,False,False,2.782831,60.817,,2.3325,,Pythia,,29000,2.782831|60.817|
B1_769,B,pythia_training_log_existing.csv,真实,fit,pythia_N_2.782831,pythia_N_2.782831,"[""N_params_B"",""D_tokens_B"",""val_loss""]","[""val_loss""]",False,False,False,False,2.782831,62.915,,2.3288,,Pythia,,30000,2.782831|62.915|
B1_770,B,pythia_training_log_existing.csv,真实,fit,pythia_N_2.782831,pythia_N_2.782831,"[""N_params_B"",""D_tokens_B"",""val_loss""]","[""val_loss""]",False,False,False,False,2.782831,65.012,,2.3253,,Pythia,,31000,2.782831|65.012|
B1_771,B,pythia_training_log_existing.csv,真实,fit,pythia_N_2.782831,pythia_N_2.782831,"[""N_params_B"",""D_tokens_B"",""val_loss""]","[""val_loss""]",False,False,False,False,2.782831,67.109,,2.3221,,Pythia,,32000,2.782831|67.109|
B1_772,B,pythia_training_log_existing.csv,真实,fit,pythia_N_2.782831,pythia_N_2.782831,"[""N_params_B"",""D_tokens_B"",""val_loss""]","[""val_loss""]",False,False,False,False,2.782831,69.206,,2.3186,,Pythia,,33000,2.782831|69.206|
B1_773,B,pythia_training_log_existing.csv,真实,fit,pythia_N_2.782831,pythia_N_2.782831,"[""N_params_B"",""D_tokens_B"",""val_loss""]","[""val_loss""]",False,False,False,False,2.782831,71.303,,2.3156,,Pythia,,34000,2.782831|71.303|
B1_774,B,pythia_training_log_existing.csv,真实,fit,pythia_N_2.782831,pythia_N_2.782831,"[""N_params_B"",""D_tokens_B"",""val_loss""]","[""val_loss""]",False,False,False,False,2.782831,73.4,,2.3123,,Pythia,,35000,2.782831|73.4|
B1_775,B,pythia_training_log_existing.csv,真实,fit,pythia_N_2.782831,pythia_N_2.782831,"[""N_params_B"",""D_tokens_B"",""val_loss""]","[""val_loss""]",False,False,False,False,2.782831,75.497,,2.3095,,Pythia,,36000,2.782831|75.497|
B1_776,B,pythia_training_log_existing.csv,真实,fit,pythia_N_2.782831,pythia_N_2.782831,"[""N_params_B"",""D_tokens_B"",""val_loss""]","[""val_loss""]",False,False,False,False,2.782831,77.595,,2.3068,,Pythia,,37000,2.782831|77.595|
B1_777,B,pythia_training_log_existing.csv,真实,fit,pythia_N_2.782831,pythia_N_2.782831,"[""N_params_B"",""D_tokens_B"",""val_loss""]","[""val_loss""]",False,False,False,False,2.782831,79.692,,2.304,,Pythia,,38000,2.782831|79.692|
B1_778,B,pythia_training_log_existing.csv,真实,fit,pythia_N_2.782831,pythia_N_2.782831,"[""N_params_B"",""D_tokens_B"",""val_loss""]","[""val_loss""]",False,False,False,False,2.782831,81.789,,2.3014,,Pythia,,39000,2.782831|81.789|
B1_779,B,pythia_training_log_existing.csv,真实,fit,pythia_N_2.782831,pythia_N_2.782831,"[""N_params_B"",""D_tokens_B"",""val_loss""]","[""val_loss""]",False,False,False,False,2.782831,83.886,,2.2987,,Pythia,,40000,2.782831|83.886|
B1_780,B,pythia_training_log_existing.csv,真实,fit,pythia_N_2.782831,pythia_N_2.782831,"[""N_params_B"",""D_tokens_B"",""val_loss""]","[""val_loss""]",False,False,False,False,2.782831,85.983,,2.2964,,Pythia,,41000,2.782831|85.983|
B1_781,B,pythia_training_log_existing.csv,真实,fit,pythia_N_2.782831,pythia_N_2.782831,"[""N_params_B"",""D_tokens_B"",""val_loss""]","[""val_loss""]",False,False,False,False,2.782831,88.08,,2.2941,,Pythia,,42000,2.782831|88.08|
B1_782,B,pythia_training_log_existing.csv,真实,fit,pythia_N_2.782831,pythia_N_2.782831,"[""N_params_B"",""D_tokens_B"",""val_loss""]","[""val_loss""]",False,False,False,False,2.782831,90.178,,2.2915,,Pythia,,43000,2.782831|90.178|
B1_783,B,pythia_training_log_existing.csv,真实,fit,pythia_N_2.782831,pythia_N_2.782831,"[""N_params_B"",""D_tokens_B"",""val_loss""]","[""val_loss""]",False,False,False,False,2.782831,92.275,,2.2893,,Pythia,,44000,2.782831|92.275|
B1_784,B,pythia_training_log_existing.csv,真实,fit,pythia_N_2.782831,pythia_N_2.782831,"[""N_params_B"",""D_tokens_B"",""val_loss""]","[""val_loss""]",False,False,False,False,2.782831,94.372,,2.2873,,Pythia,,45000,2.782831|94.372|
B1_785,B,pythia_training_log_existing.csv,真实,fit,pythia_N_2.782831,pythia_N_2.782831,"[""N_params_B"",""D_tokens_B"",""val_loss""]","[""val_loss""]",False,False,False,False,2.782831,96.469,,2.2851,,Pythia,,46000,2.782831|96.469|
B1_786,B,pythia_training_log_existing.csv,真实,fit,pythia_N_2.782831,pythia_N_2.782831,"[""N_params_B"",""D_tokens_B"",""val_loss""]","[""val_loss""]",False,False,False,False,2.782831,98.566,,2.2829,,Pythia,,47000,2.782831|98.566|
B1_787,B,pythia_training_log_existing.csv,真实,fit,pythia_N_2.782831,pythia_N_2.782831,"[""N_params_B"",""D_tokens_B"",""val_loss""]","[""val_loss""]",False,False,False,False,2.782831,100.663,,2.2809,,Pythia,,48000,2.782831|100.663|
B1_788,B,pythia_training_log_existing.csv,真实,fit,pythia_N_2.782831,pythia_N_2.782831,"[""N_params_B"",""D_tokens_B"",""val_loss""]","[""val_loss""]",False,False,False,False,2.782831,102.76,,2.2789,,Pythia,,49000,2.782831|102.76|
B1_789,B,pythia_training_log_existing.csv,真实,fit,pythia_N_2.782831,pythia_N_2.782831,"[""N_params_B"",""D_tokens_B"",""val_loss""]","[""val_loss""]",False,False,False,False,2.782831,104.858,,2.2769,,Pythia,,50000,2.782831|104.858|
B1_790,B,pythia_training_log_existing.csv,真实,fit,pythia_N_2.782831,pythia_N_2.782831,"[""N_params_B"",""D_tokens_B"",""val_loss""]","[""val_loss""]",False,False,False,False,2.782831,106.955,,2.2751,,Pythia,,51000,2.782831|106.955|
B1_791,B,pythia_training_log_existing.csv,真实,fit,pythia_N_2.782831,pythia_N_2.782831,"[""N_params_B"",""D_tokens_B"",""val_loss""]","[""val_loss""]",False,False,False,False,2.782831,109.052,,2.2733,,Pythia,,52000,2.782831|109.052|
B1_792,B,pythia_training_log_existing.csv,真实,fit,pythia_N_2.782831,pythia_N_2.782831,"[""N_params_B"",""D_tokens_B"",""val_loss""]","[""val_loss""]",False,False,False,False,2.782831,111.149,,2.2715,,Pythia,,53000,2.782831|111.149|
B1_793,B,pythia_training_log_existing.csv,真实,fit,pythia_N_2.782831,pythia_N_2.782831,"[""N_params_B"",""D_tokens_B"",""val_loss""]","[""val_loss""]",False,False,False,False,2.782831,113.246,,2.2698,,Pythia,,54000,2.782831|113.246|
B1_794,B,pythia_training_log_existing.csv,真实,fit,pythia_N_2.782831,pythia_N_2.782831,"[""N_params_B"",""D_tokens_B"",""val_loss""]","[""val_loss""]",False,False,False,False,2.782831,115.343,,2.2682,,Pythia,,55000,2.782831|115.343|
B1_795,B,pythia_training_log_existing.csv,真实,fit,pythia_N_2.782831,pythia_N_2.782831,"[""N_params_B"",""D_tokens_B"",""val_loss""]","[""val_loss""]",False,False,False,False,2.782831,117.441,,2.2666,,Pythia,,56000,2.782831|117.441|
B1_796,B,pythia_training_log_existing.csv,真实,fit,pythia_N_2.782831,pythia_N_2.782831,"[""N_params_B"",""D_tokens_B"",""val_loss""]","[""val_loss""]",False,False,False,False,2.782831,119.538,,2.2648,,Pythia,,57000,2.782831|119.538|
B1_797,B,pythia_training_log_existing.csv,真实,fit,pythia_N_2.782831,pythia_N_2.782831,"[""N_params_B"",""D_tokens_B"",""val_loss""]","[""val_loss""]",False,False,False,False,2.782831,121.635,,2.2634,,Pythia,,58000,2.782831|121.635|
B1_798,B,pythia_training_log_existing.csv,真实,fit,pythia_N_2.782831,pythia_N_2.782831,"[""N_params_B"",""D_tokens_B"",""val_loss""]","[""val_loss""]",False,False,False,False,2.782831,123.732,,2.2617,,Pythia,,59000,2.782831|123.732|
B1_799,B,pythia_training_log_existing.csv,真实,fit,pythia_N_2.782831,pythia_N_2.782831,"[""N_params_B"",""D_tokens_B"",""val_loss""]","[""val_loss""]",False,False,False,False,2.782831,125.829,,2.2603,,Pythia,,60000,2.782831|125.829|
B1_800,B,pythia_training_log_existing.csv,真实,fit,pythia_N_2.782831,pythia_N_2.782831,"[""N_params_B"",""D_tokens_B"",""val_loss""]","[""val_loss""]",False,False,False,False,2.782831,127.926,,2.2588,,Pythia,,61000,2.782831|127.926|
B1_801,B,pythia_training_log_existing.csv,真实,fit,pythia_N_2.782831,pythia_N_2.782831,"[""N_params_B"",""D_tokens_B"",""val_loss""]","[""val_loss""]",False,False,False,False,2.782831,130.023,,2.2572,,Pythia,,62000,2.782831|130.023|
B1_802,B,pythia_training_log_existing.csv,真实,fit,pythia_N_2.782831,pythia_N_2.782831,"[""N_params_B"",""D_tokens_B"",""val_loss""]","[""val_loss""]",False,False,False,False,2.782831,132.121,,2.2559,,Pythia,,63000,2.782831|132.121|
B1_803,B,pythia_training_log_existing.csv,真实,fit,pythia_N_2.782831,pythia_N_2.782831,"[""N_params_B"",""D_tokens_B"",""val_loss""]","[""val_loss""]",False,False,False,False,2.782831,134.218,,2.2545,,Pythia,,64000,2.782831|134.218|
B1_804,B,pythia_training_log_existing.csv,真实,fit,pythia_N_2.782831,pythia_N_2.782831,"[""N_params_B"",""D_tokens_B"",""val_loss""]","[""val_loss""]",False,False,False,False,2.782831,136.315,,2.2532,,Pythia,,65000,2.782831|136.315|
B1_805,B,pythia_training_log_existing.csv,真实,fit,pythia_N_2.782831,pythia_N_2.782831,"[""N_params_B"",""D_tokens_B"",""val_loss""]","[""val_loss""]",False,False,False,False,2.782831,138.412,,2.2518,,Pythia,,66000,2.782831|138.412|
B1_806,B,pythia_training_log_existing.csv,真实,fit,pythia_N_2.782831,pythia_N_2.782831,"[""N_params_B"",""D_tokens_B"",""val_loss""]","[""val_loss""]",False,False,False,False,2.782831,140.509,,2.2507,,Pythia,,67000,2.782831|140.509|
B1_807,B,pythia_training_log_existing.csv,真实,fit,pythia_N_2.782831,pythia_N_2.782831,"[""N_params_B"",""D_tokens_B"",""val_loss""]","[""val_loss""]",False,False,False,False,2.782831,142.606,,2.2492,,Pythia,,68000,2.782831|142.606|
B1_808,B,pythia_training_log_existing.csv,真实,fit,pythia_N_2.782831,pythia_N_2.782831,"[""N_params_B"",""D_tokens_B"",""val_loss""]","[""val_loss""]",False,False,False,False,2.782831,144.703,,2.2479,,Pythia,,69000,2.782831|144.703|
B1_809,B,pythia_training_log_existing.csv,真实,fit,pythia_N_2.782831,pythia_N_2.782831,"[""N_params_B"",""D_tokens_B"",""val_loss""]","[""val_loss""]",False,False,False,False,2.782831,146.801,,2.2467,,Pythia,,70000,2.782831|146.801|
B1_810,B,pythia_training_log_existing.csv,真实,fit,pythia_N_2.782831,pythia_N_2.782831,"[""N_params_B"",""D_tokens_B"",""val_loss""]","[""val_loss""]",False,False,False,False,2.782831,148.898,,2.2455,,Pythia,,71000,2.782831|148.898|
B1_811,B,pythia_training_log_existing.csv,真实,fit,pythia_N_2.782831,pythia_N_2.782831,"[""N_params_B"",""D_tokens_B"",""val_loss""]","[""val_loss""]",False,False,False,False,2.782831,150.995,,2.2443,,Pythia,,72000,2.782831|150.995|
B1_812,B,pythia_training_log_existing.csv,真实,fit,pythia_N_2.782831,pythia_N_2.782831,"[""N_params_B"",""D_tokens_B"",""val_loss""]","[""val_loss""]",False,False,False,False,2.782831,153.092,,2.2432,,Pythia,,73000,2.782831|153.092|
B1_813,B,pythia_training_log_existing.csv,真实,fit,pythia_N_2.782831,pythia_N_2.782831,"[""N_params_B"",""D_tokens_B"",""val_loss""]","[""val_loss""]",False,False,False,False,2.782831,155.189,,2.2421,,Pythia,,74000,2.782831|155.189|
B1_814,B,pythia_training_log_existing.csv,真实,fit,pythia_N_2.782831,pythia_N_2.782831,"[""N_params_B"",""D_tokens_B"",""val_loss""]","[""val_loss""]",False,False,False,False,2.782831,157.286,,2.2408,,Pythia,,75000,2.782831|157.286|
B1_815,B,pythia_training_log_existing.csv,真实,fit,pythia_N_2.782831,pythia_N_2.782831,"[""N_params_B"",""D_tokens_B"",""val_loss""]","[""val_loss""]",False,False,False,False,2.782831,159.384,,2.2397,,Pythia,,76000,2.782831|159.384|
B1_816,B,pythia_training_log_existing.csv,真实,fit,pythia_N_2.782831,pythia_N_2.782831,"[""N_params_B"",""D_tokens_B"",""val_loss""]","[""val_loss""]",False,False,False,False,2.782831,161.481,,2.2387,,Pythia,,77000,2.782831|161.481|
B1_817,B,pythia_training_log_existing.csv,真实,fit,pythia_N_2.782831,pythia_N_2.782831,"[""N_params_B"",""D_tokens_B"",""val_loss""]","[""val_loss""]",False,False,False,False,2.782831,163.578,,2.2375,,Pythia,,78000,2.782831|163.578|
B1_818,B,pythia_training_log_existing.csv,真实,fit,pythia_N_2.782831,pythia_N_2.782831,"[""N_params_B"",""D_tokens_B"",""val_loss""]","[""val_loss""]",False,False,False,False,2.782831,165.675,,2.2366,,Pythia,,79000,2.782831|165.675|
B1_819,B,pythia_training_log_existing.csv,真实,fit,pythia_N_2.782831,pythia_N_2.782831,"[""N_params_B"",""D_tokens_B"",""val_loss""]","[""val_loss""]",False,False,False,False,2.782831,167.772,,2.2355,,Pythia,,80000,2.782831|167.772|
B1_820,B,pythia_training_log_existing.csv,真实,fit,pythia_N_2.782831,pythia_N_2.782831,"[""N_params_B"",""D_tokens_B"",""val_loss""]","[""val_loss""]",False,False,False,False,2.782831,169.869,,2.2343,,Pythia,,81000,2.782831|169.869|
B1_821,B,pythia_training_log_existing.csv,真实,fit,pythia_N_2.782831,pythia_N_2.782831,"[""N_params_B"",""D_tokens_B"",""val_loss""]","[""val_loss""]",False,False,False,False,2.782831,171.966,,2.2336,,Pythia,,82000,2.782831|171.966|
B1_822,B,pythia_training_log_existing.csv,真实,fit,pythia_N_2.782831,pythia_N_2.782831,"[""N_params_B"",""D_tokens_B"",""val_loss""]","[""val_loss""]",False,False,False,False,2.782831,174.064,,2.2326,,Pythia,,83000,2.782831|174.064|
B1_823,B,pythia_training_log_existing.csv,真实,fit,pythia_N_2.782831,pythia_N_2.782831,"[""N_params_B"",""D_tokens_B"",""val_loss""]","[""val_loss""]",False,False,False,False,2.782831,176.161,,2.2314,,Pythia,,84000,2.782831|176.161|
B1_824,B,pythia_training_log_existing.csv,真实,fit,pythia_N_2.782831,pythia_N_2.782831,"[""N_params_B"",""D_tokens_B"",""val_loss""]","[""val_loss""]",False,False,False,False,2.782831,178.258,,2.2305,,Pythia,,85000,2.782831|178.258|
B1_825,B,pythia_training_log_existing.csv,真实,fit,pythia_N_2.782831,pythia_N_2.782831,"[""N_params_B"",""D_tokens_B"",""val_loss""]","[""val_loss""]",False,False,False,False,2.782831,180.355,,2.2296,,Pythia,,86000,2.782831|180.355|
B1_826,B,pythia_training_log_existing.csv,真实,fit,pythia_N_2.782831,pythia_N_2.782831,"[""N_params_B"",""D_tokens_B"",""val_loss""]","[""val_loss""]",False,False,False,False,2.782831,182.452,,2.2286,,Pythia,,87000,2.782831|182.452|
B1_827,B,pythia_training_log_existing.csv,真实,fit,pythia_N_2.782831,pythia_N_2.782831,"[""N_params_B"",""D_tokens_B"",""val_loss""]","[""val_loss""]",False,False,False,False,2.782831,184.549,,2.2277,,Pythia,,88000,2.782831|184.549|
B1_828,B,pythia_training_log_existing.csv,真实,fit,pythia_N_2.782831,pythia_N_2.782831,"[""N_params_B"",""D_tokens_B"",""val_loss""]","[""val_loss""]",False,False,False,False,2.782831,186.647,,2.2269,,Pythia,,89000,2.782831|186.647|
B1_829,B,pythia_training_log_existing.csv,真实,fit,pythia_N_2.782831,pythia_N_2.782831,"[""N_params_B"",""D_tokens_B"",""val_loss""]","[""val_loss""]",False,False,False,False,2.782831,188.744,,2.2259,,Pythia,,90000,2.782831|188.744|
B1_830,B,pythia_training_log_existing.csv,真实,fit,pythia_N_2.782831,pythia_N_2.782831,"[""N_params_B"",""D_tokens_B"",""val_loss""]","[""val_loss""]",False,False,False,False,2.782831,190.841,,2.2249,,Pythia,,91000,2.782831|190.841|
B1_831,B,pythia_training_log_existing.csv,真实,fit,pythia_N_2.782831,pythia_N_2.782831,"[""N_params_B"",""D_tokens_B"",""val_loss""]","[""val_loss""]",False,False,False,False,2.782831,192.938,,2.224,,Pythia,,92000,2.782831|192.938|
B1_832,B,pythia_training_log_existing.csv,真实,fit,pythia_N_2.782831,pythia_N_2.782831,"[""N_params_B"",""D_tokens_B"",""val_loss""]","[""val_loss""]",False,False,False,False,2.782831,195.035,,2.2232,,Pythia,,93000,2.782831|195.035|
B1_833,B,pythia_training_log_existing.csv,真实,fit,pythia_N_2.782831,pythia_N_2.782831,"[""N_params_B"",""D_tokens_B"",""val_loss""]","[""val_loss""]",False,False,False,False,2.782831,197.132,,2.2224,,Pythia,,94000,2.782831|197.132|
B1_834,B,pythia_training_log_existing.csv,真实,fit,pythia_N_2.782831,pythia_N_2.782831,"[""N_params_B"",""D_tokens_B"",""val_loss""]","[""val_loss""]",False,False,False,False,2.782831,199.229,,2.2217,,Pythia,,95000,2.782831|199.229|
B1_835,B,pythia_training_log_existing.csv,真实,fit,pythia_N_2.782831,pythia_N_2.782831,"[""N_params_B"",""D_tokens_B"",""val_loss""]","[""val_loss""]",False,False,False,False,2.782831,201.327,,2.2207,,Pythia,,96000,2.782831|201.327|
B1_836,B,pythia_training_log_existing.csv,真实,fit,pythia_N_2.782831,pythia_N_2.782831,"[""N_params_B"",""D_tokens_B"",""val_loss""]","[""val_loss""]",False,False,False,False,2.782831,203.424,,2.22,,Pythia,,97000,2.782831|203.424|
B1_837,B,pythia_training_log_existing.csv,真实,fit,pythia_N_2.782831,pythia_N_2.782831,"[""N_params_B"",""D_tokens_B"",""val_loss""]","[""val_loss""]",False,False,False,False,2.782831,205.521,,2.2191,,Pythia,,98000,2.782831|205.521|
B1_838,B,pythia_training_log_existing.csv,真实,fit,pythia_N_2.782831,pythia_N_2.782831,"[""N_params_B"",""D_tokens_B"",""val_loss""]","[""val_loss""]",False,False,False,False,2.782831,207.618,,2.2184,,Pythia,,99000,2.782831|207.618|
B1_839,B,pythia_training_log_existing.csv,真实,fit,pythia_N_2.782831,pythia_N_2.782831,"[""N_params_B"",""D_tokens_B"",""val_loss""]","[""val_loss""]",False,False,False,False,2.782831,209.715,,2.2178,,Pythia,,100000,2.782831|209.715|
B1_840,B,pythia_training_log_existing.csv,真实,fit,pythia_N_2.782831,pythia_N_2.782831,"[""N_params_B"",""D_tokens_B"",""val_loss""]","[""val_loss""]",False,False,False,False,2.782831,211.812,,2.2168,,Pythia,,101000,2.782831|211.812|
B1_841,B,pythia_training_log_existing.csv,真实,fit,pythia_N_2.782831,pythia_N_2.782831,"[""N_params_B"",""D_tokens_B"",""val_loss""]","[""val_loss""]",False,False,False,False,2.782831,213.91,,2.216,,Pythia,,102000,2.782831|213.91|
B1_842,B,pythia_training_log_existing.csv,真实,fit,pythia_N_2.782831,pythia_N_2.782831,"[""N_params_B"",""D_tokens_B"",""val_loss""]","[""val_loss""]",False,False,False,False,2.782831,216.007,,2.2154,,Pythia,,103000,2.782831|216.007|
B1_843,B,pythia_training_log_existing.csv,真实,fit,pythia_N_2.782831,pythia_N_2.782831,"[""N_params_B"",""D_tokens_B"",""val_loss""]","[""val_loss""]",False,False,False,False,2.782831,218.104,,2.2146,,Pythia,,104000,2.782831|218.104|
B1_844,B,pythia_training_log_existing.csv,真实,fit,pythia_N_2.782831,pythia_N_2.782831,"[""N_params_B"",""D_tokens_B"",""val_loss""]","[""val_loss""]",False,False,False,False,2.782831,220.201,,2.214,,Pythia,,105000,2.782831|220.201|
B1_845,B,pythia_training_log_existing.csv,真实,fit,pythia_N_2.782831,pythia_N_2.782831,"[""N_params_B"",""D_tokens_B"",""val_loss""]","[""val_loss""]",False,False,False,False,2.782831,222.298,,2.2131,,Pythia,,106000,2.782831|222.298|
B1_846,B,pythia_training_log_existing.csv,真实,fit,pythia_N_2.782831,pythia_N_2.782831,"[""N_params_B"",""D_tokens_B"",""val_loss""]","[""val_loss""]",False,False,False,False,2.782831,224.395,,2.2123,,Pythia,,107000,2.782831|224.395|
B1_847,B,pythia_training_log_existing.csv,真实,fit,pythia_N_2.782831,pythia_N_2.782831,"[""N_params_B"",""D_tokens_B"",""val_loss""]","[""val_loss""]",False,False,False,False,2.782831,226.492,,2.2117,,Pythia,,108000,2.782831|226.492|
B1_848,B,pythia_training_log_existing.csv,真实,fit,pythia_N_2.782831,pythia_N_2.782831,"[""N_params_B"",""D_tokens_B"",""val_loss""]","[""val_loss""]",False,False,False,False,2.782831,228.59,,2.211,,Pythia,,109000,2.782831|228.59|
B1_849,B,pythia_training_log_existing.csv,真实,fit,pythia_N_2.782831,pythia_N_2.782831,"[""N_params_B"",""D_tokens_B"",""val_loss""]","[""val_loss""]",False,False,False,False,2.782831,230.687,,2.2103,,Pythia,,110000,2.782831|230.687|
B1_850,B,pythia_training_log_existing.csv,真实,fit,pythia_N_2.782831,pythia_N_2.782831,"[""N_params_B"",""D_tokens_B"",""val_loss""]","[""val_loss""]",False,False,False,False,2.782831,232.784,,2.2096,,Pythia,,111000,2.782831|232.784|
B1_851,B,pythia_training_log_existing.csv,真实,fit,pythia_N_2.782831,pythia_N_2.782831,"[""N_params_B"",""D_tokens_B"",""val_loss""]","[""val_loss""]",False,False,False,False,2.782831,234.881,,2.209,,Pythia,,112000,2.782831|234.881|
B1_852,B,pythia_training_log_existing.csv,真实,fit,pythia_N_2.782831,pythia_N_2.782831,"[""N_params_B"",""D_tokens_B"",""val_loss""]","[""val_loss""]",False,False,False,False,2.782831,236.978,,2.2083,,Pythia,,113000,2.782831|236.978|
B1_853,B,pythia_training_log_existing.csv,真实,fit,pythia_N_2.782831,pythia_N_2.782831,"[""N_params_B"",""D_tokens_B"",""val_loss""]","[""val_loss""]",False,False,False,False,2.782831,239.075,,2.2077,,Pythia,,114000,2.782831|239.075|
B1_854,B,pythia_training_log_existing.csv,真实,fit,pythia_N_2.782831,pythia_N_2.782831,"[""N_params_B"",""D_tokens_B"",""val_loss""]","[""val_loss""]",False,False,False,False,2.782831,241.172,,2.207,,Pythia,,115000,2.782831|241.172|
B1_855,B,pythia_training_log_existing.csv,真实,fit,pythia_N_2.782831,pythia_N_2.782831,"[""N_params_B"",""D_tokens_B"",""val_loss""]","[""val_loss""]",False,False,False,False,2.782831,243.27,,2.2063,,Pythia,,116000,2.782831|243.27|
B1_856,B,pythia_training_log_existing.csv,真实,fit,pythia_N_2.782831,pythia_N_2.782831,"[""N_params_B"",""D_tokens_B"",""val_loss""]","[""val_loss""]",False,False,False,False,2.782831,245.367,,2.2056,,Pythia,,117000,2.782831|245.367|
B1_857,B,pythia_training_log_existing.csv,真实,fit,pythia_N_2.782831,pythia_N_2.782831,"[""N_params_B"",""D_tokens_B"",""val_loss""]","[""val_loss""]",False,False,False,False,2.782831,247.464,,2.2051,,Pythia,,118000,2.782831|247.464|
B1_858,B,pythia_training_log_existing.csv,真实,fit,pythia_N_2.782831,pythia_N_2.782831,"[""N_params_B"",""D_tokens_B"",""val_loss""]","[""val_loss""]",False,False,False,False,2.782831,249.561,,2.2043,,Pythia,,119000,2.782831|249.561|
B1_859,B,pythia_training_log_existing.csv,真实,fit,pythia_N_2.782831,pythia_N_2.782831,"[""N_params_B"",""D_tokens_B"",""val_loss""]","[""val_loss""]",False,False,False,False,2.782831,251.658,,2.2038,,Pythia,,120000,2.782831|251.658|
B1_860,B,pythia_training_log_existing.csv,真实,fit,pythia_N_2.782831,pythia_N_2.782831,"[""N_params_B"",""D_tokens_B"",""val_loss""]","[""val_loss""]",False,False,False,False,2.782831,253.755,,2.2031,,Pythia,,121000,2.782831|253.755|
B1_861,B,pythia_training_log_existing.csv,真实,fit,pythia_N_2.782831,pythia_N_2.782831,"[""N_params_B"",""D_tokens_B"",""val_loss""]","[""val_loss""]",False,False,False,False,2.782831,255.853,,2.2025,,Pythia,,122000,2.782831|255.853|
B1_862,B,pythia_training_log_existing.csv,真实,fit,pythia_N_2.782831,pythia_N_2.782831,"[""N_params_B"",""D_tokens_B"",""val_loss""]","[""val_loss""]",False,False,False,False,2.782831,257.95,,2.202,,Pythia,,123000,2.782831|257.95|
B1_863,B,pythia_training_log_existing.csv,真实,fit,pythia_N_2.782831,pythia_N_2.782831,"[""N_params_B"",""D_tokens_B"",""val_loss""]","[""val_loss""]",False,False,False,False,2.782831,260.047,,2.2014,,Pythia,,124000,2.782831|260.047|
B1_864,B,pythia_training_log_existing.csv,真实,fit,pythia_N_2.782831,pythia_N_2.782831,"[""N_params_B"",""D_tokens_B"",""val_loss""]","[""val_loss""]",False,False,False,False,2.782831,262.144,,2.2008,,Pythia,,125000,2.782831|262.144|
B1_865,B,pythia_training_log_existing.csv,真实,fit,pythia_N_2.782831,pythia_N_2.782831,"[""N_params_B"",""D_tokens_B"",""val_loss""]","[""val_loss""]",False,False,False,False,2.782831,264.241,,2.2001,,Pythia,,126000,2.782831|264.241|
B1_866,B,pythia_training_log_existing.csv,真实,fit,pythia_N_2.782831,pythia_N_2.782831,"[""N_params_B"",""D_tokens_B"",""val_loss""]","[""val_loss""]",False,False,False,False,2.782831,266.338,,2.1997,,Pythia,,127000,2.782831|266.338|
B1_867,B,pythia_training_log_existing.csv,真实,fit,pythia_N_2.782831,pythia_N_2.782831,"[""N_params_B"",""D_tokens_B"",""val_loss""]","[""val_loss""]",False,False,False,False,2.782831,268.435,,2.1991,,Pythia,,128000,2.782831|268.435|
B1_868,B,pythia_training_log_existing.csv,真实,fit,pythia_N_2.782831,pythia_N_2.782831,"[""N_params_B"",""D_tokens_B"",""val_loss""]","[""val_loss""]",False,False,False,False,2.782831,270.533,,2.1986,,Pythia,,129000,2.782831|270.533|
B1_869,B,pythia_training_log_existing.csv,真实,fit,pythia_N_2.782831,pythia_N_2.782831,"[""N_params_B"",""D_tokens_B"",""val_loss""]","[""val_loss""]",False,False,False,False,2.782831,272.63,,2.1979,,Pythia,,130000,2.782831|272.63|
B1_870,B,pythia_training_log_existing.csv,真实,fit,pythia_N_2.782831,pythia_N_2.782831,"[""N_params_B"",""D_tokens_B"",""val_loss""]","[""val_loss""]",False,False,False,False,2.782831,274.727,,2.1974,,Pythia,,131000,2.782831|274.727|
B1_871,B,pythia_training_log_existing.csv,真实,fit,pythia_N_2.782831,pythia_N_2.782831,"[""N_params_B"",""D_tokens_B"",""val_loss""]","[""val_loss""]",False,False,False,False,2.782831,276.824,,2.1968,,Pythia,,132000,2.782831|276.824|
B1_872,B,pythia_training_log_existing.csv,真实,fit,pythia_N_2.782831,pythia_N_2.782831,"[""N_params_B"",""D_tokens_B"",""val_loss""]","[""val_loss""]",False,False,False,False,2.782831,278.921,,2.1964,,Pythia,,133000,2.782831|278.921|
B1_873,B,pythia_training_log_existing.csv,真实,fit,pythia_N_2.782831,pythia_N_2.782831,"[""N_params_B"",""D_tokens_B"",""val_loss""]","[""val_loss""]",False,False,False,False,2.782831,281.018,,2.1957,,Pythia,,134000,2.782831|281.018|
B1_874,B,pythia_training_log_existing.csv,真实,fit,pythia_N_2.782831,pythia_N_2.782831,"[""N_params_B"",""D_tokens_B"",""val_loss""]","[""val_loss""]",False,False,False,False,2.782831,283.116,,2.1952,,Pythia,,135000,2.782831|283.116|
B1_875,B,pythia_training_log_existing.csv,真实,fit,pythia_N_2.782831,pythia_N_2.782831,"[""N_params_B"",""D_tokens_B"",""val_loss""]","[""val_loss""]",False,False,False,False,2.782831,285.213,,2.1947,,Pythia,,136000,2.782831|285.213|
B1_876,B,pythia_training_log_existing.csv,真实,fit,pythia_N_2.782831,pythia_N_2.782831,"[""N_params_B"",""D_tokens_B"",""val_loss""]","[""val_loss""]",False,False,False,False,2.782831,287.31,,2.1942,,Pythia,,137000,2.782831|287.31|
B1_877,B,pythia_training_log_existing.csv,真实,fit,pythia_N_2.782831,pythia_N_2.782831,"[""N_params_B"",""D_tokens_B"",""val_loss""]","[""val_loss""]",False,False,False,False,2.782831,289.407,,2.1936,,Pythia,,138000,2.782831|289.407|
B1_878,B,pythia_training_log_existing.csv,真实,fit,pythia_N_2.782831,pythia_N_2.782831,"[""N_params_B"",""D_tokens_B"",""val_loss""]","[""val_loss""]",False,False,False,False,2.782831,291.504,,2.1931,,Pythia,,139000,2.782831|291.504|
B1_879,B,pythia_training_log_existing.csv,真实,fit,pythia_N_2.782831,pythia_N_2.782831,"[""N_params_B"",""D_tokens_B"",""val_loss""]","[""val_loss""]",False,False,False,False,2.782831,293.601,,2.1927,,Pythia,,140000,2.782831|293.601|
B1_880,B,pythia_training_log_existing.csv,真实,fit,pythia_N_2.782831,pythia_N_2.782831,"[""N_params_B"",""D_tokens_B"",""val_loss""]","[""val_loss""]",False,False,False,False,2.782831,295.698,,2.192,,Pythia,,141000,2.782831|295.698|
B1_881,B,pythia_training_log_existing.csv,真实,fit,pythia_N_2.782831,pythia_N_2.782831,"[""N_params_B"",""D_tokens_B"",""val_loss""]","[""val_loss""]",False,False,False,False,2.782831,297.796,,2.1916,,Pythia,,142000,2.782831|297.796|
B1_882,B,pythia_training_log_existing.csv,真实,fit,pythia_N_2.782831,pythia_N_2.782831,"[""N_params_B"",""D_tokens_B"",""val_loss""]","[""val_loss""]",False,False,False,False,2.782831,299.893,,2.1911,,Pythia,,143000,2.782831|299.893|
B1_883,B,pythia_training_log_existing.csv,真实,fit,pythia_N_6.86104,pythia_N_6.86104,"[""N_params_B"",""D_tokens_B"",""val_loss""]","[""val_loss""]",False,False,False,False,6.86104,0.134,,4.0512,,Pythia,,64,6.86104|0.134|
B1_884,B,pythia_training_log_existing.csv,真实,fit,pythia_N_6.86104,pythia_N_6.86104,"[""N_params_B"",""D_tokens_B"",""val_loss""]","[""val_loss""]",False,False,False,False,6.86104,0.268,,3.6658,,Pythia,,128,6.86104|0.268|
B1_885,B,pythia_training_log_existing.csv,真实,fit,pythia_N_6.86104,pythia_N_6.86104,"[""N_params_B"",""D_tokens_B"",""val_loss""]","[""val_loss""]",False,False,False,False,6.86104,0.537,,3.3494,,Pythia,,256,6.86104|0.537|
B1_886,B,pythia_training_log_existing.csv,真实,fit,pythia_N_6.86104,pythia_N_6.86104,"[""N_params_B"",""D_tokens_B"",""val_loss""]","[""val_loss""]",False,False,False,False,6.86104,1.074,,3.0899,,Pythia,,512,6.86104|1.074|
B1_887,B,pythia_training_log_existing.csv,真实,fit,pythia_N_6.86104,pythia_N_6.86104,"[""N_params_B"",""D_tokens_B"",""val_loss""]","[""val_loss""]",False,False,False,False,6.86104,2.097,,2.8818,,Pythia,,1000,6.86104|2.097|
B1_888,B,pythia_training_log_existing.csv,真实,fit,pythia_N_6.86104,pythia_N_6.86104,"[""N_params_B"",""D_tokens_B"",""val_loss""]","[""val_loss""]",False,False,False,False,6.86104,4.194,,2.7039,,Pythia,,2000,6.86104|4.194|
B1_889,B,pythia_training_log_existing.csv,真实,fit,pythia_N_6.86104,pythia_N_6.86104,"[""N_params_B"",""D_tokens_B"",""val_loss""]","[""val_loss""]",False,False,False,False,6.86104,6.291,,2.6151,,Pythia,,3000,6.86104|6.291|
B1_890,B,pythia_training_log_existing.csv,真实,fit,pythia_N_6.86104,pythia_N_6.86104,"[""N_params_B"",""D_tokens_B"",""val_loss""]","[""val_loss""]",False,False,False,False,6.86104,8.389,,2.5577,,Pythia,,4000,6.86104|8.389|
B1_891,B,pythia_training_log_existing.csv,真实,fit,pythia_N_6.86104,pythia_N_6.86104,"[""N_params_B"",""D_tokens_B"",""val_loss""]","[""val_loss""]",False,False,False,False,6.86104,10.486,,2.5161,,Pythia,,5000,6.86104|10.486|
B1_892,B,pythia_training_log_existing.csv,真实,fit,pythia_N_6.86104,pythia_N_6.86104,"[""N_params_B"",""D_tokens_B"",""val_loss""]","[""val_loss""]",False,False,False,False,6.86104,12.583,,2.4841,,Pythia,,6000,6.86104|12.583|
B1_893,B,pythia_training_log_existing.csv,真实,fit,pythia_N_6.86104,pythia_N_6.86104,"[""N_params_B"",""D_tokens_B"",""val_loss""]","[""val_loss""]",False,False,False,False,6.86104,14.68,,2.4586,,Pythia,,7000,6.86104|14.68|
B1_894,B,pythia_training_log_existing.csv,真实,fit,pythia_N_6.86104,pythia_N_6.86104,"[""N_params_B"",""D_tokens_B"",""val_loss""]","[""val_loss""]",False,False,False,False,6.86104,16.777,,2.4371,,Pythia,,8000,6.86104|16.777|
B1_895,B,pythia_training_log_existing.csv,真实,fit,pythia_N_6.86104,pythia_N_6.86104,"[""N_params_B"",""D_tokens_B"",""val_loss""]","[""val_loss""]",False,False,False,False,6.86104,18.874,,2.4187,,Pythia,,9000,6.86104|18.874|
B1_896,B,pythia_training_log_existing.csv,真实,fit,pythia_N_6.86104,pythia_N_6.86104,"[""N_params_B"",""D_tokens_B"",""val_loss""]","[""val_loss""]",False,False,False,False,6.86104,20.972,,2.4032,,Pythia,,10000,6.86104|20.972|
B1_897,B,pythia_training_log_existing.csv,真实,fit,pythia_N_6.86104,pythia_N_6.86104,"[""N_params_B"",""D_tokens_B"",""val_loss""]","[""val_loss""]",False,False,False,False,6.86104,23.069,,2.3889,,Pythia,,11000,6.86104|23.069|
B1_898,B,pythia_training_log_existing.csv,真实,fit,pythia_N_6.86104,pythia_N_6.86104,"[""N_params_B"",""D_tokens_B"",""val_loss""]","[""val_loss""]",False,False,False,False,6.86104,25.166,,2.3764,,Pythia,,12000,6.86104|25.166|
B1_899,B,pythia_training_log_existing.csv,真实,fit,pythia_N_6.86104,pythia_N_6.86104,"[""N_params_B"",""D_tokens_B"",""val_loss""]","[""val_loss""]",False,False,False,False,6.86104,27.263,,2.3654,,Pythia,,13000,6.86104|27.263|
B1_900,B,pythia_training_log_existing.csv,真实,fit,pythia_N_6.86104,pythia_N_6.86104,"[""N_params_B"",""D_tokens_B"",""val_loss""]","[""val_loss""]",False,False,False,False,6.86104,29.36,,2.3553,,Pythia,,14000,6.86104|29.36|
B1_901,B,pythia_training_log_existing.csv,真实,fit,pythia_N_6.86104,pythia_N_6.86104,"[""N_params_B"",""D_tokens_B"",""val_loss""]","[""val_loss""]",False,False,False,False,6.86104,31.457,,2.3462,,Pythia,,15000,6.86104|31.457|
B1_902,B,pythia_training_log_existing.csv,真实,fit,pythia_N_6.86104,pythia_N_6.86104,"[""N_params_B"",""D_tokens_B"",""val_loss""]","[""val_loss""]",False,False,False,False,6.86104,33.554,,2.3377,,Pythia,,16000,6.86104|33.554|
B1_903,B,pythia_training_log_existing.csv,真实,fit,pythia_N_6.86104,pythia_N_6.86104,"[""N_params_B"",""D_tokens_B"",""val_loss""]","[""val_loss""]",False,False,False,False,6.86104,35.652,,2.3299,,Pythia,,17000,6.86104|35.652|
B1_904,B,pythia_training_log_existing.csv,真实,fit,pythia_N_6.86104,pythia_N_6.86104,"[""N_params_B"",""D_tokens_B"",""val_loss""]","[""val_loss""]",False,False,False,False,6.86104,37.749,,2.3225,,Pythia,,18000,6.86104|37.749|
B1_905,B,pythia_training_log_existing.csv,真实,fit,pythia_N_6.86104,pythia_N_6.86104,"[""N_params_B"",""D_tokens_B"",""val_loss""]","[""val_loss""]",False,False,False,False,6.86104,39.846,,2.3161,,Pythia,,19000,6.86104|39.846|
B1_906,B,pythia_training_log_existing.csv,真实,fit,pythia_N_6.86104,pythia_N_6.86104,"[""N_params_B"",""D_tokens_B"",""val_loss""]","[""val_loss""]",False,False,False,False,6.86104,41.943,,2.3096,,Pythia,,20000,6.86104|41.943|
B1_907,B,pythia_training_log_existing.csv,真实,fit,pythia_N_6.86104,pythia_N_6.86104,"[""N_params_B"",""D_tokens_B"",""val_loss""]","[""val_loss""]",False,False,False,False,6.86104,44.04,,2.3038,,Pythia,,21000,6.86104|44.04|
B1_908,B,pythia_training_log_existing.csv,真实,fit,pythia_N_6.86104,pythia_N_6.86104,"[""N_params_B"",""D_tokens_B"",""val_loss""]","[""val_loss""]",False,False,False,False,6.86104,46.137,,2.2982,,Pythia,,22000,6.86104|46.137|
B1_909,B,pythia_training_log_existing.csv,真实,fit,pythia_N_6.86104,pythia_N_6.86104,"[""N_params_B"",""D_tokens_B"",""val_loss""]","[""val_loss""]",False,False,False,False,6.86104,48.234,,2.2929,,Pythia,,23000,6.86104|48.234|
B1_910,B,pythia_training_log_existing.csv,真实,fit,pythia_N_6.86104,pythia_N_6.86104,"[""N_params_B"",""D_tokens_B"",""val_loss""]","[""val_loss""]",False,False,False,False,6.86104,50.332,,2.288,,Pythia,,24000,6.86104|50.332|
B1_911,B,pythia_training_log_existing.csv,真实,fit,pythia_N_6.86104,pythia_N_6.86104,"[""N_params_B"",""D_tokens_B"",""val_loss""]","[""val_loss""]",False,False,False,False,6.86104,52.429,,2.2832,,Pythia,,25000,6.86104|52.429|
B1_912,B,pythia_training_log_existing.csv,真实,fit,pythia_N_6.86104,pythia_N_6.86104,"[""N_params_B"",""D_tokens_B"",""val_loss""]","[""val_loss""]",False,False,False,False,6.86104,54.526,,2.2788,,Pythia,,26000,6.86104|54.526|
B1_913,B,pythia_training_log_existing.csv,真实,fit,pythia_N_6.86104,pythia_N_6.86104,"[""N_params_B"",""D_tokens_B"",""val_loss""]","[""val_loss""]",False,False,False,False,6.86104,56.623,,2.2746,,Pythia,,27000,6.86104|56.623|
B1_914,B,pythia_training_log_existing.csv,真实,fit,pythia_N_6.86104,pythia_N_6.86104,"[""N_params_B"",""D_tokens_B"",""val_loss""]","[""val_loss""]",False,False,False,False,6.86104,58.72,,2.2704,,Pythia,,28000,6.86104|58.72|
B1_915,B,pythia_training_log_existing.csv,真实,fit,pythia_N_6.86104,pythia_N_6.86104,"[""N_params_B"",""D_tokens_B"",""val_loss""]","[""val_loss""]",False,False,False,False,6.86104,60.817,,2.2666,,Pythia,,29000,6.86104|60.817|
B1_916,B,pythia_training_log_existing.csv,真实,fit,pythia_N_6.86104,pythia_N_6.86104,"[""N_params_B"",""D_tokens_B"",""val_loss""]","[""val_loss""]",False,False,False,False,6.86104,62.915,,2.2628,,Pythia,,30000,6.86104|62.915|
B1_917,B,pythia_training_log_existing.csv,真实,fit,pythia_N_6.86104,pythia_N_6.86104,"[""N_params_B"",""D_tokens_B"",""val_loss""]","[""val_loss""]",False,False,False,False,6.86104,65.012,,2.2594,,Pythia,,31000,6.86104|65.012|
B1_918,B,pythia_training_log_existing.csv,真实,fit,pythia_N_6.86104,pythia_N_6.86104,"[""N_params_B"",""D_tokens_B"",""val_loss""]","[""val_loss""]",False,False,False,False,6.86104,67.109,,2.2558,,Pythia,,32000,6.86104|67.109|
B1_919,B,pythia_training_log_existing.csv,真实,fit,pythia_N_6.86104,pythia_N_6.86104,"[""N_params_B"",""D_tokens_B"",""val_loss""]","[""val_loss""]",False,False,False,False,6.86104,69.206,,2.2528,,Pythia,,33000,6.86104|69.206|
B1_920,B,pythia_training_log_existing.csv,真实,fit,pythia_N_6.86104,pythia_N_6.86104,"[""N_params_B"",""D_tokens_B"",""val_loss""]","[""val_loss""]",False,False,False,False,6.86104,71.303,,2.2494,,Pythia,,34000,6.86104|71.303|
B1_921,B,pythia_training_log_existing.csv,真实,fit,pythia_N_6.86104,pythia_N_6.86104,"[""N_params_B"",""D_tokens_B"",""val_loss""]","[""val_loss""]",False,False,False,False,6.86104,73.4,,2.2463,,Pythia,,35000,6.86104|73.4|
B1_922,B,pythia_training_log_existing.csv,真实,fit,pythia_N_6.86104,pythia_N_6.86104,"[""N_params_B"",""D_tokens_B"",""val_loss""]","[""val_loss""]",False,False,False,False,6.86104,75.497,,2.2435,,Pythia,,36000,6.86104|75.497|
B1_923,B,pythia_training_log_existing.csv,真实,fit,pythia_N_6.86104,pythia_N_6.86104,"[""N_params_B"",""D_tokens_B"",""val_loss""]","[""val_loss""]",False,False,False,False,6.86104,77.595,,2.2406,,Pythia,,37000,6.86104|77.595|
B1_924,B,pythia_training_log_existing.csv,真实,fit,pythia_N_6.86104,pythia_N_6.86104,"[""N_params_B"",""D_tokens_B"",""val_loss""]","[""val_loss""]",False,False,False,False,6.86104,79.692,,2.238,,Pythia,,38000,6.86104|79.692|
B1_925,B,pythia_training_log_existing.csv,真实,fit,pythia_N_6.86104,pythia_N_6.86104,"[""N_params_B"",""D_tokens_B"",""val_loss""]","[""val_loss""]",False,False,False,False,6.86104,81.789,,2.2352,,Pythia,,39000,6.86104|81.789|
B1_926,B,pythia_training_log_existing.csv,真实,fit,pythia_N_6.86104,pythia_N_6.86104,"[""N_params_B"",""D_tokens_B"",""val_loss""]","[""val_loss""]",False,False,False,False,6.86104,83.886,,2.2327,,Pythia,,40000,6.86104|83.886|
B1_927,B,pythia_training_log_existing.csv,真实,fit,pythia_N_6.86104,pythia_N_6.86104,"[""N_params_B"",""D_tokens_B"",""val_loss""]","[""val_loss""]",False,False,False,False,6.86104,85.983,,2.2301,,Pythia,,41000,6.86104|85.983|
B1_928,B,pythia_training_log_existing.csv,真实,fit,pythia_N_6.86104,pythia_N_6.86104,"[""N_params_B"",""D_tokens_B"",""val_loss""]","[""val_loss""]",False,False,False,False,6.86104,88.08,,2.2278,,Pythia,,42000,6.86104|88.08|
B1_929,B,pythia_training_log_existing.csv,真实,fit,pythia_N_6.86104,pythia_N_6.86104,"[""N_params_B"",""D_tokens_B"",""val_loss""]","[""val_loss""]",False,False,False,False,6.86104,90.178,,2.2253,,Pythia,,43000,6.86104|90.178|
B1_930,B,pythia_training_log_existing.csv,真实,fit,pythia_N_6.86104,pythia_N_6.86104,"[""N_params_B"",""D_tokens_B"",""val_loss""]","[""val_loss""]",False,False,False,False,6.86104,92.275,,2.2231,,Pythia,,44000,6.86104|92.275|
B1_931,B,pythia_training_log_existing.csv,真实,fit,pythia_N_6.86104,pythia_N_6.86104,"[""N_params_B"",""D_tokens_B"",""val_loss""]","[""val_loss""]",False,False,False,False,6.86104,94.372,,2.2212,,Pythia,,45000,6.86104|94.372|
B1_932,B,pythia_training_log_existing.csv,真实,fit,pythia_N_6.86104,pythia_N_6.86104,"[""N_params_B"",""D_tokens_B"",""val_loss""]","[""val_loss""]",False,False,False,False,6.86104,96.469,,2.219,,Pythia,,46000,6.86104|96.469|
B1_933,B,pythia_training_log_existing.csv,真实,fit,pythia_N_6.86104,pythia_N_6.86104,"[""N_params_B"",""D_tokens_B"",""val_loss""]","[""val_loss""]",False,False,False,False,6.86104,98.566,,2.2169,,Pythia,,47000,6.86104|98.566|
B1_934,B,pythia_training_log_existing.csv,真实,fit,pythia_N_6.86104,pythia_N_6.86104,"[""N_params_B"",""D_tokens_B"",""val_loss""]","[""val_loss""]",False,False,False,False,6.86104,100.663,,2.2148,,Pythia,,48000,6.86104|100.663|
B1_935,B,pythia_training_log_existing.csv,真实,fit,pythia_N_6.86104,pythia_N_6.86104,"[""N_params_B"",""D_tokens_B"",""val_loss""]","[""val_loss""]",False,False,False,False,6.86104,102.76,,2.2129,,Pythia,,49000,6.86104|102.76|
B1_936,B,pythia_training_log_existing.csv,真实,fit,pythia_N_6.86104,pythia_N_6.86104,"[""N_params_B"",""D_tokens_B"",""val_loss""]","[""val_loss""]",False,False,False,False,6.86104,104.858,,2.211,,Pythia,,50000,6.86104|104.858|
B1_937,B,pythia_training_log_existing.csv,真实,fit,pythia_N_6.86104,pythia_N_6.86104,"[""N_params_B"",""D_tokens_B"",""val_loss""]","[""val_loss""]",False,False,False,False,6.86104,106.955,,2.209,,Pythia,,51000,6.86104|106.955|
B1_938,B,pythia_training_log_existing.csv,真实,fit,pythia_N_6.86104,pythia_N_6.86104,"[""N_params_B"",""D_tokens_B"",""val_loss""]","[""val_loss""]",False,False,False,False,6.86104,109.052,,2.2074,,Pythia,,52000,6.86104|109.052|
B1_939,B,pythia_training_log_existing.csv,真实,fit,pythia_N_6.86104,pythia_N_6.86104,"[""N_params_B"",""D_tokens_B"",""val_loss""]","[""val_loss""]",False,False,False,False,6.86104,111.149,,2.2056,,Pythia,,53000,6.86104|111.149|
B1_940,B,pythia_training_log_existing.csv,真实,fit,pythia_N_6.86104,pythia_N_6.86104,"[""N_params_B"",""D_tokens_B"",""val_loss""]","[""val_loss""]",False,False,False,False,6.86104,113.246,,2.2038,,Pythia,,54000,6.86104|113.246|
B1_941,B,pythia_training_log_existing.csv,真实,fit,pythia_N_6.86104,pythia_N_6.86104,"[""N_params_B"",""D_tokens_B"",""val_loss""]","[""val_loss""]",False,False,False,False,6.86104,115.343,,2.2021,,Pythia,,55000,6.86104|115.343|
B1_942,B,pythia_training_log_existing.csv,真实,fit,pythia_N_6.86104,pythia_N_6.86104,"[""N_params_B"",""D_tokens_B"",""val_loss""]","[""val_loss""]",False,False,False,False,6.86104,117.441,,2.2005,,Pythia,,56000,6.86104|117.441|
B1_943,B,pythia_training_log_existing.csv,真实,fit,pythia_N_6.86104,pythia_N_6.86104,"[""N_params_B"",""D_tokens_B"",""val_loss""]","[""val_loss""]",False,False,False,False,6.86104,119.538,,2.1987,,Pythia,,57000,6.86104|119.538|
B1_944,B,pythia_training_log_existing.csv,真实,fit,pythia_N_6.86104,pythia_N_6.86104,"[""N_params_B"",""D_tokens_B"",""val_loss""]","[""val_loss""]",False,False,False,False,6.86104,121.635,,2.1973,,Pythia,,58000,6.86104|121.635|
B1_945,B,pythia_training_log_existing.csv,真实,fit,pythia_N_6.86104,pythia_N_6.86104,"[""N_params_B"",""D_tokens_B"",""val_loss""]","[""val_loss""]",False,False,False,False,6.86104,123.732,,2.1957,,Pythia,,59000,6.86104|123.732|
B1_946,B,pythia_training_log_existing.csv,真实,fit,pythia_N_6.86104,pythia_N_6.86104,"[""N_params_B"",""D_tokens_B"",""val_loss""]","[""val_loss""]",False,False,False,False,6.86104,125.829,,2.1941,,Pythia,,60000,6.86104|125.829|
B1_947,B,pythia_training_log_existing.csv,真实,fit,pythia_N_6.86104,pythia_N_6.86104,"[""N_params_B"",""D_tokens_B"",""val_loss""]","[""val_loss""]",False,False,False,False,6.86104,127.926,,2.1927,,Pythia,,61000,6.86104|127.926|
B1_948,B,pythia_training_log_existing.csv,真实,fit,pythia_N_6.86104,pythia_N_6.86104,"[""N_params_B"",""D_tokens_B"",""val_loss""]","[""val_loss""]",False,False,False,False,6.86104,130.023,,2.1914,,Pythia,,62000,6.86104|130.023|
B1_949,B,pythia_training_log_existing.csv,真实,fit,pythia_N_6.86104,pythia_N_6.86104,"[""N_params_B"",""D_tokens_B"",""val_loss""]","[""val_loss""]",False,False,False,False,6.86104,132.121,,2.1899,,Pythia,,63000,6.86104|132.121|
B1_950,B,pythia_training_log_existing.csv,真实,fit,pythia_N_6.86104,pythia_N_6.86104,"[""N_params_B"",""D_tokens_B"",""val_loss""]","[""val_loss""]",False,False,False,False,6.86104,134.218,,2.1884,,Pythia,,64000,6.86104|134.218|
B1_951,B,pythia_training_log_existing.csv,真实,fit,pythia_N_6.86104,pythia_N_6.86104,"[""N_params_B"",""D_tokens_B"",""val_loss""]","[""val_loss""]",False,False,False,False,6.86104,136.315,,2.1872,,Pythia,,65000,6.86104|136.315|
B1_952,B,pythia_training_log_existing.csv,真实,fit,pythia_N_6.86104,pythia_N_6.86104,"[""N_params_B"",""D_tokens_B"",""val_loss""]","[""val_loss""]",False,False,False,False,6.86104,138.412,,2.1859,,Pythia,,66000,6.86104|138.412|
B1_953,B,pythia_training_log_existing.csv,真实,fit,pythia_N_6.86104,pythia_N_6.86104,"[""N_params_B"",""D_tokens_B"",""val_loss""]","[""val_loss""]",False,False,False,False,6.86104,140.509,,2.1845,,Pythia,,67000,6.86104|140.509|
B1_954,B,pythia_training_log_existing.csv,真实,fit,pythia_N_6.86104,pythia_N_6.86104,"[""N_params_B"",""D_tokens_B"",""val_loss""]","[""val_loss""]",False,False,False,False,6.86104,142.606,,2.1832,,Pythia,,68000,6.86104|142.606|
B1_955,B,pythia_training_log_existing.csv,真实,fit,pythia_N_6.86104,pythia_N_6.86104,"[""N_params_B"",""D_tokens_B"",""val_loss""]","[""val_loss""]",False,False,False,False,6.86104,144.703,,2.1819,,Pythia,,69000,6.86104|144.703|
B1_956,B,pythia_training_log_existing.csv,真实,fit,pythia_N_6.86104,pythia_N_6.86104,"[""N_params_B"",""D_tokens_B"",""val_loss""]","[""val_loss""]",False,False,False,False,6.86104,146.801,,2.1807,,Pythia,,70000,6.86104|146.801|
B1_957,B,pythia_training_log_existing.csv,真实,fit,pythia_N_6.86104,pythia_N_6.86104,"[""N_params_B"",""D_tokens_B"",""val_loss""]","[""val_loss""]",False,False,False,False,6.86104,148.898,,2.1795,,Pythia,,71000,6.86104|148.898|
B1_958,B,pythia_training_log_existing.csv,真实,fit,pythia_N_6.86104,pythia_N_6.86104,"[""N_params_B"",""D_tokens_B"",""val_loss""]","[""val_loss""]",False,False,False,False,6.86104,150.995,,2.1783,,Pythia,,72000,6.86104|150.995|
B1_959,B,pythia_training_log_existing.csv,真实,fit,pythia_N_6.86104,pythia_N_6.86104,"[""N_params_B"",""D_tokens_B"",""val_loss""]","[""val_loss""]",False,False,False,False,6.86104,153.092,,2.1772,,Pythia,,73000,6.86104|153.092|
B1_960,B,pythia_training_log_existing.csv,真实,fit,pythia_N_6.86104,pythia_N_6.86104,"[""N_params_B"",""D_tokens_B"",""val_loss""]","[""val_loss""]",False,False,False,False,6.86104,155.189,,2.176,,Pythia,,74000,6.86104|155.189|
B1_961,B,pythia_training_log_existing.csv,真实,fit,pythia_N_6.86104,pythia_N_6.86104,"[""N_params_B"",""D_tokens_B"",""val_loss""]","[""val_loss""]",False,False,False,False,6.86104,157.286,,2.1748,,Pythia,,75000,6.86104|157.286|
B1_962,B,pythia_training_log_existing.csv,真实,fit,pythia_N_6.86104,pythia_N_6.86104,"[""N_params_B"",""D_tokens_B"",""val_loss""]","[""val_loss""]",False,False,False,False,6.86104,159.384,,2.1738,,Pythia,,76000,6.86104|159.384|
B1_963,B,pythia_training_log_existing.csv,真实,fit,pythia_N_6.86104,pythia_N_6.86104,"[""N_params_B"",""D_tokens_B"",""val_loss""]","[""val_loss""]",False,False,False,False,6.86104,161.481,,2.1726,,Pythia,,77000,6.86104|161.481|
B1_964,B,pythia_training_log_existing.csv,真实,fit,pythia_N_6.86104,pythia_N_6.86104,"[""N_params_B"",""D_tokens_B"",""val_loss""]","[""val_loss""]",False,False,False,False,6.86104,163.578,,2.1717,,Pythia,,78000,6.86104|163.578|
B1_965,B,pythia_training_log_existing.csv,真实,fit,pythia_N_6.86104,pythia_N_6.86104,"[""N_params_B"",""D_tokens_B"",""val_loss""]","[""val_loss""]",False,False,False,False,6.86104,165.675,,2.1704,,Pythia,,79000,6.86104|165.675|
B1_966,B,pythia_training_log_existing.csv,真实,fit,pythia_N_6.86104,pythia_N_6.86104,"[""N_params_B"",""D_tokens_B"",""val_loss""]","[""val_loss""]",False,False,False,False,6.86104,167.772,,2.1696,,Pythia,,80000,6.86104|167.772|
B1_967,B,pythia_training_log_existing.csv,真实,fit,pythia_N_6.86104,pythia_N_6.86104,"[""N_params_B"",""D_tokens_B"",""val_loss""]","[""val_loss""]",False,False,False,False,6.86104,169.869,,2.1684,,Pythia,,81000,6.86104|169.869|
B1_968,B,pythia_training_log_existing.csv,真实,fit,pythia_N_6.86104,pythia_N_6.86104,"[""N_params_B"",""D_tokens_B"",""val_loss""]","[""val_loss""]",False,False,False,False,6.86104,171.966,,2.1673,,Pythia,,82000,6.86104|171.966|
B1_969,B,pythia_training_log_existing.csv,真实,fit,pythia_N_6.86104,pythia_N_6.86104,"[""N_params_B"",""D_tokens_B"",""val_loss""]","[""val_loss""]",False,False,False,False,6.86104,174.064,,2.1664,,Pythia,,83000,6.86104|174.064|
B1_970,B,pythia_training_log_existing.csv,真实,fit,pythia_N_6.86104,pythia_N_6.86104,"[""N_params_B"",""D_tokens_B"",""val_loss""]","[""val_loss""]",False,False,False,False,6.86104,176.161,,2.1654,,Pythia,,84000,6.86104|176.161|
B1_971,B,pythia_training_log_existing.csv,真实,fit,pythia_N_6.86104,pythia_N_6.86104,"[""N_params_B"",""D_tokens_B"",""val_loss""]","[""val_loss""]",False,False,False,False,6.86104,178.258,,2.1645,,Pythia,,85000,6.86104|178.258|
B1_972,B,pythia_training_log_existing.csv,真实,fit,pythia_N_6.86104,pythia_N_6.86104,"[""N_params_B"",""D_tokens_B"",""val_loss""]","[""val_loss""]",False,False,False,False,6.86104,180.355,,2.1635,,Pythia,,86000,6.86104|180.355|
B1_973,B,pythia_training_log_existing.csv,真实,fit,pythia_N_6.86104,pythia_N_6.86104,"[""N_params_B"",""D_tokens_B"",""val_loss""]","[""val_loss""]",False,False,False,False,6.86104,182.452,,2.1625,,Pythia,,87000,6.86104|182.452|
B1_974,B,pythia_training_log_existing.csv,真实,fit,pythia_N_6.86104,pythia_N_6.86104,"[""N_params_B"",""D_tokens_B"",""val_loss""]","[""val_loss""]",False,False,False,False,6.86104,184.549,,2.1616,,Pythia,,88000,6.86104|184.549|
B1_975,B,pythia_training_log_existing.csv,真实,fit,pythia_N_6.86104,pythia_N_6.86104,"[""N_params_B"",""D_tokens_B"",""val_loss""]","[""val_loss""]",False,False,False,False,6.86104,186.647,,2.1609,,Pythia,,89000,6.86104|186.647|
B1_976,B,pythia_training_log_existing.csv,真实,fit,pythia_N_6.86104,pythia_N_6.86104,"[""N_params_B"",""D_tokens_B"",""val_loss""]","[""val_loss""]",False,False,False,False,6.86104,188.744,,2.16,,Pythia,,90000,6.86104|188.744|
B1_977,B,pythia_training_log_existing.csv,真实,fit,pythia_N_6.86104,pythia_N_6.86104,"[""N_params_B"",""D_tokens_B"",""val_loss""]","[""val_loss""]",False,False,False,False,6.86104,190.841,,2.159,,Pythia,,91000,6.86104|190.841|
B1_978,B,pythia_training_log_existing.csv,真实,fit,pythia_N_6.86104,pythia_N_6.86104,"[""N_params_B"",""D_tokens_B"",""val_loss""]","[""val_loss""]",False,False,False,False,6.86104,192.938,,2.1581,,Pythia,,92000,6.86104|192.938|
B1_979,B,pythia_training_log_existing.csv,真实,fit,pythia_N_6.86104,pythia_N_6.86104,"[""N_params_B"",""D_tokens_B"",""val_loss""]","[""val_loss""]",False,False,False,False,6.86104,195.035,,2.1572,,Pythia,,93000,6.86104|195.035|
B1_980,B,pythia_training_log_existing.csv,真实,fit,pythia_N_6.86104,pythia_N_6.86104,"[""N_params_B"",""D_tokens_B"",""val_loss""]","[""val_loss""]",False,False,False,False,6.86104,197.132,,2.1564,,Pythia,,94000,6.86104|197.132|
B1_981,B,pythia_training_log_existing.csv,真实,fit,pythia_N_6.86104,pythia_N_6.86104,"[""N_params_B"",""D_tokens_B"",""val_loss""]","[""val_loss""]",False,False,False,False,6.86104,199.229,,2.1555,,Pythia,,95000,6.86104|199.229|
B1_982,B,pythia_training_log_existing.csv,真实,fit,pythia_N_6.86104,pythia_N_6.86104,"[""N_params_B"",""D_tokens_B"",""val_loss""]","[""val_loss""]",False,False,False,False,6.86104,201.327,,2.1547,,Pythia,,96000,6.86104|201.327|
B1_983,B,pythia_training_log_existing.csv,真实,fit,pythia_N_6.86104,pythia_N_6.86104,"[""N_params_B"",""D_tokens_B"",""val_loss""]","[""val_loss""]",False,False,False,False,6.86104,203.424,,2.1538,,Pythia,,97000,6.86104|203.424|
B1_984,B,pythia_training_log_existing.csv,真实,fit,pythia_N_6.86104,pythia_N_6.86104,"[""N_params_B"",""D_tokens_B"",""val_loss""]","[""val_loss""]",False,False,False,False,6.86104,205.521,,2.1531,,Pythia,,98000,6.86104|205.521|
B1_985,B,pythia_training_log_existing.csv,真实,fit,pythia_N_6.86104,pythia_N_6.86104,"[""N_params_B"",""D_tokens_B"",""val_loss""]","[""val_loss""]",False,False,False,False,6.86104,207.618,,2.1524,,Pythia,,99000,6.86104|207.618|
B1_986,B,pythia_training_log_existing.csv,真实,fit,pythia_N_6.86104,pythia_N_6.86104,"[""N_params_B"",""D_tokens_B"",""val_loss""]","[""val_loss""]",False,False,False,False,6.86104,209.715,,2.1515,,Pythia,,100000,6.86104|209.715|
B1_987,B,pythia_training_log_existing.csv,真实,fit,pythia_N_6.86104,pythia_N_6.86104,"[""N_params_B"",""D_tokens_B"",""val_loss""]","[""val_loss""]",False,False,False,False,6.86104,211.812,,2.1509,,Pythia,,101000,6.86104|211.812|
B1_988,B,pythia_training_log_existing.csv,真实,fit,pythia_N_6.86104,pythia_N_6.86104,"[""N_params_B"",""D_tokens_B"",""val_loss""]","[""val_loss""]",False,False,False,False,6.86104,213.91,,2.1499,,Pythia,,102000,6.86104|213.91|
B1_989,B,pythia_training_log_existing.csv,真实,fit,pythia_N_6.86104,pythia_N_6.86104,"[""N_params_B"",""D_tokens_B"",""val_loss""]","[""val_loss""]",False,False,False,False,6.86104,216.007,,2.1491,,Pythia,,103000,6.86104|216.007|
B1_990,B,pythia_training_log_existing.csv,真实,fit,pythia_N_6.86104,pythia_N_6.86104,"[""N_params_B"",""D_tokens_B"",""val_loss""]","[""val_loss""]",False,False,False,False,6.86104,218.104,,2.1485,,Pythia,,104000,6.86104|218.104|
B1_991,B,pythia_training_log_existing.csv,真实,fit,pythia_N_6.86104,pythia_N_6.86104,"[""N_params_B"",""D_tokens_B"",""val_loss""]","[""val_loss""]",False,False,False,False,6.86104,220.201,,2.1478,,Pythia,,105000,6.86104|220.201|
B1_992,B,pythia_training_log_existing.csv,真实,fit,pythia_N_6.86104,pythia_N_6.86104,"[""N_params_B"",""D_tokens_B"",""val_loss""]","[""val_loss""]",False,False,False,False,6.86104,222.298,,2.1472,,Pythia,,106000,6.86104|222.298|
B1_993,B,pythia_training_log_existing.csv,真实,fit,pythia_N_6.86104,pythia_N_6.86104,"[""N_params_B"",""D_tokens_B"",""val_loss""]","[""val_loss""]",False,False,False,False,6.86104,224.395,,2.1463,,Pythia,,107000,6.86104|224.395|
B1_994,B,pythia_training_log_existing.csv,真实,fit,pythia_N_6.86104,pythia_N_6.86104,"[""N_params_B"",""D_tokens_B"",""val_loss""]","[""val_loss""]",False,False,False,False,6.86104,226.492,,2.1457,,Pythia,,108000,6.86104|226.492|
B1_995,B,pythia_training_log_existing.csv,真实,fit,pythia_N_6.86104,pythia_N_6.86104,"[""N_params_B"",""D_tokens_B"",""val_loss""]","[""val_loss""]",False,False,False,False,6.86104,228.59,,2.1449,,Pythia,,109000,6.86104|228.59|
B1_996,B,pythia_training_log_existing.csv,真实,fit,pythia_N_6.86104,pythia_N_6.86104,"[""N_params_B"",""D_tokens_B"",""val_loss""]","[""val_loss""]",False,False,False,False,6.86104,230.687,,2.1442,,Pythia,,110000,6.86104|230.687|
B1_997,B,pythia_training_log_existing.csv,真实,fit,pythia_N_6.86104,pythia_N_6.86104,"[""N_params_B"",""D_tokens_B"",""val_loss""]","[""val_loss""]",False,False,False,False,6.86104,232.784,,2.1436,,Pythia,,111000,6.86104|232.784|
B1_998,B,pythia_training_log_existing.csv,真实,fit,pythia_N_6.86104,pythia_N_6.86104,"[""N_params_B"",""D_tokens_B"",""val_loss""]","[""val_loss""]",False,False,False,False,6.86104,234.881,,2.1429,,Pythia,,112000,6.86104|234.881|
B1_999,B,pythia_training_log_existing.csv,真实,fit,pythia_N_6.86104,pythia_N_6.86104,"[""N_params_B"",""D_tokens_B"",""val_loss""]","[""val_loss""]",False,False,False,False,6.86104,236.978,,2.1421,,Pythia,,113000,6.86104|236.978|
B1_1000,B,pythia_training_log_existing.csv,真实,fit,pythia_N_6.86104,pythia_N_6.86104,"[""N_params_B"",""D_tokens_B"",""val_loss""]","[""val_loss""]",False,False,False,False,6.86104,239.075,,2.1416,,Pythia,,114000,6.86104|239.075|
B1_1001,B,pythia_training_log_existing.csv,真实,fit,pythia_N_6.86104,pythia_N_6.86104,"[""N_params_B"",""D_tokens_B"",""val_loss""]","[""val_loss""]",False,False,False,False,6.86104,241.172,,2.141,,Pythia,,115000,6.86104|241.172|
B1_1002,B,pythia_training_log_existing.csv,真实,fit,pythia_N_6.86104,pythia_N_6.86104,"[""N_params_B"",""D_tokens_B"",""val_loss""]","[""val_loss""]",False,False,False,False,6.86104,243.27,,2.1402,,Pythia,,116000,6.86104|243.27|
B1_1003,B,pythia_training_log_existing.csv,真实,fit,pythia_N_6.86104,pythia_N_6.86104,"[""N_params_B"",""D_tokens_B"",""val_loss""]","[""val_loss""]",False,False,False,False,6.86104,245.367,,2.1396,,Pythia,,117000,6.86104|245.367|
B1_1004,B,pythia_training_log_existing.csv,真实,fit,pythia_N_6.86104,pythia_N_6.86104,"[""N_params_B"",""D_tokens_B"",""val_loss""]","[""val_loss""]",False,False,False,False,6.86104,247.464,,2.139,,Pythia,,118000,6.86104|247.464|
B1_1005,B,pythia_training_log_existing.csv,真实,fit,pythia_N_6.86104,pythia_N_6.86104,"[""N_params_B"",""D_tokens_B"",""val_loss""]","[""val_loss""]",False,False,False,False,6.86104,249.561,,2.1384,,Pythia,,119000,6.86104|249.561|
B1_1006,B,pythia_training_log_existing.csv,真实,fit,pythia_N_6.86104,pythia_N_6.86104,"[""N_params_B"",""D_tokens_B"",""val_loss""]","[""val_loss""]",False,False,False,False,6.86104,251.658,,2.1377,,Pythia,,120000,6.86104|251.658|
B1_1007,B,pythia_training_log_existing.csv,真实,fit,pythia_N_6.86104,pythia_N_6.86104,"[""N_params_B"",""D_tokens_B"",""val_loss""]","[""val_loss""]",False,False,False,False,6.86104,253.755,,2.1371,,Pythia,,121000,6.86104|253.755|
B1_1008,B,pythia_training_log_existing.csv,真实,fit,pythia_N_6.86104,pythia_N_6.86104,"[""N_params_B"",""D_tokens_B"",""val_loss""]","[""val_loss""]",False,False,False,False,6.86104,255.853,,2.1365,,Pythia,,122000,6.86104|255.853|
B1_1009,B,pythia_training_log_existing.csv,真实,fit,pythia_N_6.86104,pythia_N_6.86104,"[""N_params_B"",""D_tokens_B"",""val_loss""]","[""val_loss""]",False,False,False,False,6.86104,257.95,,2.136,,Pythia,,123000,6.86104|257.95|
B1_1010,B,pythia_training_log_existing.csv,真实,fit,pythia_N_6.86104,pythia_N_6.86104,"[""N_params_B"",""D_tokens_B"",""val_loss""]","[""val_loss""]",False,False,False,False,6.86104,260.047,,2.1353,,Pythia,,124000,6.86104|260.047|
B1_1011,B,pythia_training_log_existing.csv,真实,fit,pythia_N_6.86104,pythia_N_6.86104,"[""N_params_B"",""D_tokens_B"",""val_loss""]","[""val_loss""]",False,False,False,False,6.86104,262.144,,2.1347,,Pythia,,125000,6.86104|262.144|
B1_1012,B,pythia_training_log_existing.csv,真实,fit,pythia_N_6.86104,pythia_N_6.86104,"[""N_params_B"",""D_tokens_B"",""val_loss""]","[""val_loss""]",False,False,False,False,6.86104,264.241,,2.1342,,Pythia,,126000,6.86104|264.241|
B1_1013,B,pythia_training_log_existing.csv,真实,fit,pythia_N_6.86104,pythia_N_6.86104,"[""N_params_B"",""D_tokens_B"",""val_loss""]","[""val_loss""]",False,False,False,False,6.86104,266.338,,2.1334,,Pythia,,127000,6.86104|266.338|
B1_1014,B,pythia_training_log_existing.csv,真实,fit,pythia_N_6.86104,pythia_N_6.86104,"[""N_params_B"",""D_tokens_B"",""val_loss""]","[""val_loss""]",False,False,False,False,6.86104,268.435,,2.1331,,Pythia,,128000,6.86104|268.435|
B1_1015,B,pythia_training_log_existing.csv,真实,fit,pythia_N_6.86104,pythia_N_6.86104,"[""N_params_B"",""D_tokens_B"",""val_loss""]","[""val_loss""]",False,False,False,False,6.86104,270.533,,2.1323,,Pythia,,129000,6.86104|270.533|
B1_1016,B,pythia_training_log_existing.csv,真实,fit,pythia_N_6.86104,pythia_N_6.86104,"[""N_params_B"",""D_tokens_B"",""val_loss""]","[""val_loss""]",False,False,False,False,6.86104,272.63,,2.1318,,Pythia,,130000,6.86104|272.63|
B1_1017,B,pythia_training_log_existing.csv,真实,fit,pythia_N_6.86104,pythia_N_6.86104,"[""N_params_B"",""D_tokens_B"",""val_loss""]","[""val_loss""]",False,False,False,False,6.86104,274.727,,2.1312,,Pythia,,131000,6.86104|274.727|
B1_1018,B,pythia_training_log_existing.csv,真实,fit,pythia_N_6.86104,pythia_N_6.86104,"[""N_params_B"",""D_tokens_B"",""val_loss""]","[""val_loss""]",False,False,False,False,6.86104,276.824,,2.1307,,Pythia,,132000,6.86104|276.824|
B1_1019,B,pythia_training_log_existing.csv,真实,fit,pythia_N_6.86104,pythia_N_6.86104,"[""N_params_B"",""D_tokens_B"",""val_loss""]","[""val_loss""]",False,False,False,False,6.86104,278.921,,2.1303,,Pythia,,133000,6.86104|278.921|
B1_1020,B,pythia_training_log_existing.csv,真实,fit,pythia_N_6.86104,pythia_N_6.86104,"[""N_params_B"",""D_tokens_B"",""val_loss""]","[""val_loss""]",False,False,False,False,6.86104,281.018,,2.1297,,Pythia,,134000,6.86104|281.018|
B1_1021,B,pythia_training_log_existing.csv,真实,fit,pythia_N_6.86104,pythia_N_6.86104,"[""N_params_B"",""D_tokens_B"",""val_loss""]","[""val_loss""]",False,False,False,False,6.86104,283.116,,2.1292,,Pythia,,135000,6.86104|283.116|
B1_1022,B,pythia_training_log_existing.csv,真实,fit,pythia_N_6.86104,pythia_N_6.86104,"[""N_params_B"",""D_tokens_B"",""val_loss""]","[""val_loss""]",False,False,False,False,6.86104,285.213,,2.1286,,Pythia,,136000,6.86104|285.213|
B1_1023,B,pythia_training_log_existing.csv,真实,fit,pythia_N_6.86104,pythia_N_6.86104,"[""N_params_B"",""D_tokens_B"",""val_loss""]","[""val_loss""]",False,False,False,False,6.86104,287.31,,2.1281,,Pythia,,137000,6.86104|287.31|
B1_1024,B,pythia_training_log_existing.csv,真实,fit,pythia_N_6.86104,pythia_N_6.86104,"[""N_params_B"",""D_tokens_B"",""val_loss""]","[""val_loss""]",False,False,False,False,6.86104,289.407,,2.1276,,Pythia,,138000,6.86104|289.407|
B1_1025,B,pythia_training_log_existing.csv,真实,fit,pythia_N_6.86104,pythia_N_6.86104,"[""N_params_B"",""D_tokens_B"",""val_loss""]","[""val_loss""]",False,False,False,False,6.86104,291.504,,2.127,,Pythia,,139000,6.86104|291.504|
B1_1026,B,pythia_training_log_existing.csv,真实,fit,pythia_N_6.86104,pythia_N_6.86104,"[""N_params_B"",""D_tokens_B"",""val_loss""]","[""val_loss""]",False,False,False,False,6.86104,293.601,,2.1266,,Pythia,,140000,6.86104|293.601|
B1_1027,B,pythia_training_log_existing.csv,真实,fit,pythia_N_6.86104,pythia_N_6.86104,"[""N_params_B"",""D_tokens_B"",""val_loss""]","[""val_loss""]",False,False,False,False,6.86104,295.698,,2.126,,Pythia,,141000,6.86104|295.698|
B1_1028,B,pythia_training_log_existing.csv,真实,fit,pythia_N_6.86104,pythia_N_6.86104,"[""N_params_B"",""D_tokens_B"",""val_loss""]","[""val_loss""]",False,False,False,False,6.86104,297.796,,2.1255,,Pythia,,142000,6.86104|297.796|
B1_1029,B,pythia_training_log_existing.csv,真实,fit,pythia_N_6.86104,pythia_N_6.86104,"[""N_params_B"",""D_tokens_B"",""val_loss""]","[""val_loss""]",False,False,False,False,6.86104,299.893,,2.125,,Pythia,,143000,6.86104|299.893|
B1_1030,B,pythia_training_log_existing.csv,真实,fit,pythia_N_11.965825,pythia_N_11.965825,"[""N_params_B"",""D_tokens_B"",""val_loss""]","[""val_loss""]",False,False,False,False,11.965825,0.134,,4.0188,,Pythia,,64,11.965825|0.134|
B1_1031,B,pythia_training_log_existing.csv,真实,fit,pythia_N_11.965825,pythia_N_11.965825,"[""N_params_B"",""D_tokens_B"",""val_loss""]","[""val_loss""]",False,False,False,False,11.965825,0.268,,3.6351,,Pythia,,128,11.965825|0.268|
B1_1032,B,pythia_training_log_existing.csv,真实,fit,pythia_N_11.965825,pythia_N_11.965825,"[""N_params_B"",""D_tokens_B"",""val_loss""]","[""val_loss""]",False,False,False,False,11.965825,0.537,,3.3185,,Pythia,,256,11.965825|0.537|
B1_1033,B,pythia_training_log_existing.csv,真实,fit,pythia_N_11.965825,pythia_N_11.965825,"[""N_params_B"",""D_tokens_B"",""val_loss""]","[""val_loss""]",False,False,False,False,11.965825,1.074,,3.058,,Pythia,,512,11.965825|1.074|
B1_1034,B,pythia_training_log_existing.csv,真实,fit,pythia_N_11.965825,pythia_N_11.965825,"[""N_params_B"",""D_tokens_B"",""val_loss""]","[""val_loss""]",False,False,False,False,11.965825,2.097,,2.8502,,Pythia,,1000,11.965825|2.097|
B1_1035,B,pythia_training_log_existing.csv,真实,fit,pythia_N_11.965825,pythia_N_11.965825,"[""N_params_B"",""D_tokens_B"",""val_loss""]","[""val_loss""]",False,False,False,False,11.965825,4.194,,2.6724,,Pythia,,2000,11.965825|4.194|
B1_1036,B,pythia_training_log_existing.csv,真实,fit,pythia_N_11.965825,pythia_N_11.965825,"[""N_params_B"",""D_tokens_B"",""val_loss""]","[""val_loss""]",False,False,False,False,11.965825,6.291,,2.5833,,Pythia,,3000,11.965825|6.291|
B1_1037,B,pythia_training_log_existing.csv,真实,fit,pythia_N_11.965825,pythia_N_11.965825,"[""N_params_B"",""D_tokens_B"",""val_loss""]","[""val_loss""]",False,False,False,False,11.965825,8.389,,2.5261,,Pythia,,4000,11.965825|8.389|
B1_1038,B,pythia_training_log_existing.csv,真实,fit,pythia_N_11.965825,pythia_N_11.965825,"[""N_params_B"",""D_tokens_B"",""val_loss""]","[""val_loss""]",False,False,False,False,11.965825,10.486,,2.4845,,Pythia,,5000,11.965825|10.486|
B1_1039,B,pythia_training_log_existing.csv,真实,fit,pythia_N_11.965825,pythia_N_11.965825,"[""N_params_B"",""D_tokens_B"",""val_loss""]","[""val_loss""]",False,False,False,False,11.965825,12.583,,2.4527,,Pythia,,6000,11.965825|12.583|
B1_1040,B,pythia_training_log_existing.csv,真实,fit,pythia_N_11.965825,pythia_N_11.965825,"[""N_params_B"",""D_tokens_B"",""val_loss""]","[""val_loss""]",False,False,False,False,11.965825,14.68,,2.4268,,Pythia,,7000,11.965825|14.68|
B1_1041,B,pythia_training_log_existing.csv,真实,fit,pythia_N_11.965825,pythia_N_11.965825,"[""N_params_B"",""D_tokens_B"",""val_loss""]","[""val_loss""]",False,False,False,False,11.965825,16.777,,2.4053,,Pythia,,8000,11.965825|16.777|
B1_1042,B,pythia_training_log_existing.csv,真实,fit,pythia_N_11.965825,pythia_N_11.965825,"[""N_params_B"",""D_tokens_B"",""val_loss""]","[""val_loss""]",False,False,False,False,11.965825,18.874,,2.3868,,Pythia,,9000,11.965825|18.874|
B1_1043,B,pythia_training_log_existing.csv,真实,fit,pythia_N_11.965825,pythia_N_11.965825,"[""N_params_B"",""D_tokens_B"",""val_loss""]","[""val_loss""]",False,False,False,False,11.965825,20.972,,2.3713,,Pythia,,10000,11.965825|20.972|
B1_1044,B,pythia_training_log_existing.csv,真实,fit,pythia_N_11.965825,pythia_N_11.965825,"[""N_params_B"",""D_tokens_B"",""val_loss""]","[""val_loss""]",False,False,False,False,11.965825,23.069,,2.3573,,Pythia,,11000,11.965825|23.069|
B1_1045,B,pythia_training_log_existing.csv,真实,fit,pythia_N_11.965825,pythia_N_11.965825,"[""N_params_B"",""D_tokens_B"",""val_loss""]","[""val_loss""]",False,False,False,False,11.965825,25.166,,2.345,,Pythia,,12000,11.965825|25.166|
B1_1046,B,pythia_training_log_existing.csv,真实,fit,pythia_N_11.965825,pythia_N_11.965825,"[""N_params_B"",""D_tokens_B"",""val_loss""]","[""val_loss""]",False,False,False,False,11.965825,27.263,,2.3334,,Pythia,,13000,11.965825|27.263|
B1_1047,B,pythia_training_log_existing.csv,真实,fit,pythia_N_11.965825,pythia_N_11.965825,"[""N_params_B"",""D_tokens_B"",""val_loss""]","[""val_loss""]",False,False,False,False,11.965825,29.36,,2.3239,,Pythia,,14000,11.965825|29.36|
B1_1048,B,pythia_training_log_existing.csv,真实,fit,pythia_N_11.965825,pythia_N_11.965825,"[""N_params_B"",""D_tokens_B"",""val_loss""]","[""val_loss""]",False,False,False,False,11.965825,31.457,,2.3144,,Pythia,,15000,11.965825|31.457|
B1_1049,B,pythia_training_log_existing.csv,真实,fit,pythia_N_11.965825,pythia_N_11.965825,"[""N_params_B"",""D_tokens_B"",""val_loss""]","[""val_loss""]",False,False,False,False,11.965825,33.554,,2.3061,,Pythia,,16000,11.965825|33.554|
B1_1050,B,pythia_training_log_existing.csv,真实,fit,pythia_N_11.965825,pythia_N_11.965825,"[""N_params_B"",""D_tokens_B"",""val_loss""]","[""val_loss""]",False,False,False,False,11.965825,35.652,,2.2981,,Pythia,,17000,11.965825|35.652|
B1_1051,B,pythia_training_log_existing.csv,真实,fit,pythia_N_11.965825,pythia_N_11.965825,"[""N_params_B"",""D_tokens_B"",""val_loss""]","[""val_loss""]",False,False,False,False,11.965825,37.749,,2.291,,Pythia,,18000,11.965825|37.749|
B1_1052,B,pythia_training_log_existing.csv,真实,fit,pythia_N_11.965825,pythia_N_11.965825,"[""N_params_B"",""D_tokens_B"",""val_loss""]","[""val_loss""]",False,False,False,False,11.965825,39.846,,2.2841,,Pythia,,19000,11.965825|39.846|
B1_1053,B,pythia_training_log_existing.csv,真实,fit,pythia_N_11.965825,pythia_N_11.965825,"[""N_params_B"",""D_tokens_B"",""val_loss""]","[""val_loss""]",False,False,False,False,11.965825,41.943,,2.2778,,Pythia,,20000,11.965825|41.943|
B1_1054,B,pythia_training_log_existing.csv,真实,fit,pythia_N_11.965825,pythia_N_11.965825,"[""N_params_B"",""D_tokens_B"",""val_loss""]","[""val_loss""]",False,False,False,False,11.965825,44.04,,2.2722,,Pythia,,21000,11.965825|44.04|
B1_1055,B,pythia_training_log_existing.csv,真实,fit,pythia_N_11.965825,pythia_N_11.965825,"[""N_params_B"",""D_tokens_B"",""val_loss""]","[""val_loss""]",False,False,False,False,11.965825,46.137,,2.2664,,Pythia,,22000,11.965825|46.137|
B1_1056,B,pythia_training_log_existing.csv,真实,fit,pythia_N_11.965825,pythia_N_11.965825,"[""N_params_B"",""D_tokens_B"",""val_loss""]","[""val_loss""]",False,False,False,False,11.965825,48.234,,2.2612,,Pythia,,23000,11.965825|48.234|
B1_1057,B,pythia_training_log_existing.csv,真实,fit,pythia_N_11.965825,pythia_N_11.965825,"[""N_params_B"",""D_tokens_B"",""val_loss""]","[""val_loss""]",False,False,False,False,11.965825,50.332,,2.2563,,Pythia,,24000,11.965825|50.332|
B1_1058,B,pythia_training_log_existing.csv,真实,fit,pythia_N_11.965825,pythia_N_11.965825,"[""N_params_B"",""D_tokens_B"",""val_loss""]","[""val_loss""]",False,False,False,False,11.965825,52.429,,2.2516,,Pythia,,25000,11.965825|52.429|
B1_1059,B,pythia_training_log_existing.csv,真实,fit,pythia_N_11.965825,pythia_N_11.965825,"[""N_params_B"",""D_tokens_B"",""val_loss""]","[""val_loss""]",False,False,False,False,11.965825,54.526,,2.2471,,Pythia,,26000,11.965825|54.526|
B1_1060,B,pythia_training_log_existing.csv,真实,fit,pythia_N_11.965825,pythia_N_11.965825,"[""N_params_B"",""D_tokens_B"",""val_loss""]","[""val_loss""]",False,False,False,False,11.965825,56.623,,2.2428,,Pythia,,27000,11.965825|56.623|
B1_1061,B,pythia_training_log_existing.csv,真实,fit,pythia_N_11.965825,pythia_N_11.965825,"[""N_params_B"",""D_tokens_B"",""val_loss""]","[""val_loss""]",False,False,False,False,11.965825,58.72,,2.239,,Pythia,,28000,11.965825|58.72|
B1_1062,B,pythia_training_log_existing.csv,真实,fit,pythia_N_11.965825,pythia_N_11.965825,"[""N_params_B"",""D_tokens_B"",""val_loss""]","[""val_loss""]",False,False,False,False,11.965825,60.817,,2.2349,,Pythia,,29000,11.965825|60.817|
B1_1063,B,pythia_training_log_existing.csv,真实,fit,pythia_N_11.965825,pythia_N_11.965825,"[""N_params_B"",""D_tokens_B"",""val_loss""]","[""val_loss""]",False,False,False,False,11.965825,62.915,,2.2312,,Pythia,,30000,11.965825|62.915|
B1_1064,B,pythia_training_log_existing.csv,真实,fit,pythia_N_11.965825,pythia_N_11.965825,"[""N_params_B"",""D_tokens_B"",""val_loss""]","[""val_loss""]",False,False,False,False,11.965825,65.012,,2.2277,,Pythia,,31000,11.965825|65.012|
B1_1065,B,pythia_training_log_existing.csv,真实,fit,pythia_N_11.965825,pythia_N_11.965825,"[""N_params_B"",""D_tokens_B"",""val_loss""]","[""val_loss""]",False,False,False,False,11.965825,67.109,,2.2243,,Pythia,,32000,11.965825|67.109|
B1_1066,B,pythia_training_log_existing.csv,真实,fit,pythia_N_11.965825,pythia_N_11.965825,"[""N_params_B"",""D_tokens_B"",""val_loss""]","[""val_loss""]",False,False,False,False,11.965825,69.206,,2.221,,Pythia,,33000,11.965825|69.206|
B1_1067,B,pythia_training_log_existing.csv,真实,fit,pythia_N_11.965825,pythia_N_11.965825,"[""N_params_B"",""D_tokens_B"",""val_loss""]","[""val_loss""]",False,False,False,False,11.965825,71.303,,2.2178,,Pythia,,34000,11.965825|71.303|
B1_1068,B,pythia_training_log_existing.csv,真实,fit,pythia_N_11.965825,pythia_N_11.965825,"[""N_params_B"",""D_tokens_B"",""val_loss""]","[""val_loss""]",False,False,False,False,11.965825,73.4,,2.2146,,Pythia,,35000,11.965825|73.4|
B1_1069,B,pythia_training_log_existing.csv,真实,fit,pythia_N_11.965825,pythia_N_11.965825,"[""N_params_B"",""D_tokens_B"",""val_loss""]","[""val_loss""]",False,False,False,False,11.965825,75.497,,2.2119,,Pythia,,36000,11.965825|75.497|
B1_1070,B,pythia_training_log_existing.csv,真实,fit,pythia_N_11.965825,pythia_N_11.965825,"[""N_params_B"",""D_tokens_B"",""val_loss""]","[""val_loss""]",False,False,False,False,11.965825,77.595,,2.2089,,Pythia,,37000,11.965825|77.595|
B1_1071,B,pythia_training_log_existing.csv,真实,fit,pythia_N_11.965825,pythia_N_11.965825,"[""N_params_B"",""D_tokens_B"",""val_loss""]","[""val_loss""]",False,False,False,False,11.965825,79.692,,2.2063,,Pythia,,38000,11.965825|79.692|
B1_1072,B,pythia_training_log_existing.csv,真实,fit,pythia_N_11.965825,pythia_N_11.965825,"[""N_params_B"",""D_tokens_B"",""val_loss""]","[""val_loss""]",False,False,False,False,11.965825,81.789,,2.2035,,Pythia,,39000,11.965825|81.789|
B1_1073,B,pythia_training_log_existing.csv,真实,fit,pythia_N_11.965825,pythia_N_11.965825,"[""N_params_B"",""D_tokens_B"",""val_loss""]","[""val_loss""]",False,False,False,False,11.965825,83.886,,2.201,,Pythia,,40000,11.965825|83.886|
B1_1074,B,pythia_training_log_existing.csv,真实,fit,pythia_N_11.965825,pythia_N_11.965825,"[""N_params_B"",""D_tokens_B"",""val_loss""]","[""val_loss""]",False,False,False,False,11.965825,85.983,,2.1986,,Pythia,,41000,11.965825|85.983|
B1_1075,B,pythia_training_log_existing.csv,真实,fit,pythia_N_11.965825,pythia_N_11.965825,"[""N_params_B"",""D_tokens_B"",""val_loss""]","[""val_loss""]",False,False,False,False,11.965825,88.08,,2.1962,,Pythia,,42000,11.965825|88.08|
B1_1076,B,pythia_training_log_existing.csv,真实,fit,pythia_N_11.965825,pythia_N_11.965825,"[""N_params_B"",""D_tokens_B"",""val_loss""]","[""val_loss""]",False,False,False,False,11.965825,90.178,,2.1939,,Pythia,,43000,11.965825|90.178|
B1_1077,B,pythia_training_log_existing.csv,真实,fit,pythia_N_11.965825,pythia_N_11.965825,"[""N_params_B"",""D_tokens_B"",""val_loss""]","[""val_loss""]",False,False,False,False,11.965825,92.275,,2.1917,,Pythia,,44000,11.965825|92.275|
B1_1078,B,pythia_training_log_existing.csv,真实,fit,pythia_N_11.965825,pythia_N_11.965825,"[""N_params_B"",""D_tokens_B"",""val_loss""]","[""val_loss""]",False,False,False,False,11.965825,94.372,,2.1894,,Pythia,,45000,11.965825|94.372|
B1_1079,B,pythia_training_log_existing.csv,真实,fit,pythia_N_11.965825,pythia_N_11.965825,"[""N_params_B"",""D_tokens_B"",""val_loss""]","[""val_loss""]",False,False,False,False,11.965825,96.469,,2.1873,,Pythia,,46000,11.965825|96.469|
B1_1080,B,pythia_training_log_existing.csv,真实,fit,pythia_N_11.965825,pythia_N_11.965825,"[""N_params_B"",""D_tokens_B"",""val_loss""]","[""val_loss""]",False,False,False,False,11.965825,98.566,,2.1853,,Pythia,,47000,11.965825|98.566|
B1_1081,B,pythia_training_log_existing.csv,真实,fit,pythia_N_11.965825,pythia_N_11.965825,"[""N_params_B"",""D_tokens_B"",""val_loss""]","[""val_loss""]",False,False,False,False,11.965825,100.663,,2.1833,,Pythia,,48000,11.965825|100.663|
B1_1082,B,pythia_training_log_existing.csv,真实,fit,pythia_N_11.965825,pythia_N_11.965825,"[""N_params_B"",""D_tokens_B"",""val_loss""]","[""val_loss""]",False,False,False,False,11.965825,102.76,,2.1811,,Pythia,,49000,11.965825|102.76|
B1_1083,B,pythia_training_log_existing.csv,真实,fit,pythia_N_11.965825,pythia_N_11.965825,"[""N_params_B"",""D_tokens_B"",""val_loss""]","[""val_loss""]",False,False,False,False,11.965825,104.858,,2.1794,,Pythia,,50000,11.965825|104.858|
B1_1084,B,pythia_training_log_existing.csv,真实,fit,pythia_N_11.965825,pythia_N_11.965825,"[""N_params_B"",""D_tokens_B"",""val_loss""]","[""val_loss""]",False,False,False,False,11.965825,106.955,,2.1775,,Pythia,,51000,11.965825|106.955|
B1_1085,B,pythia_training_log_existing.csv,真实,fit,pythia_N_11.965825,pythia_N_11.965825,"[""N_params_B"",""D_tokens_B"",""val_loss""]","[""val_loss""]",False,False,False,False,11.965825,109.052,,2.1756,,Pythia,,52000,11.965825|109.052|
B1_1086,B,pythia_training_log_existing.csv,真实,fit,pythia_N_11.965825,pythia_N_11.965825,"[""N_params_B"",""D_tokens_B"",""val_loss""]","[""val_loss""]",False,False,False,False,11.965825,111.149,,2.174,,Pythia,,53000,11.965825|111.149|
B1_1087,B,pythia_training_log_existing.csv,真实,fit,pythia_N_11.965825,pythia_N_11.965825,"[""N_params_B"",""D_tokens_B"",""val_loss""]","[""val_loss""]",False,False,False,False,11.965825,113.246,,2.1721,,Pythia,,54000,11.965825|113.246|
B1_1088,B,pythia_training_log_existing.csv,真实,fit,pythia_N_11.965825,pythia_N_11.965825,"[""N_params_B"",""D_tokens_B"",""val_loss""]","[""val_loss""]",False,False,False,False,11.965825,115.343,,2.1704,,Pythia,,55000,11.965825|115.343|
B1_1089,B,pythia_training_log_existing.csv,真实,fit,pythia_N_11.965825,pythia_N_11.965825,"[""N_params_B"",""D_tokens_B"",""val_loss""]","[""val_loss""]",False,False,False,False,11.965825,117.441,,2.1688,,Pythia,,56000,11.965825|117.441|
B1_1090,B,pythia_training_log_existing.csv,真实,fit,pythia_N_11.965825,pythia_N_11.965825,"[""N_params_B"",""D_tokens_B"",""val_loss""]","[""val_loss""]",False,False,False,False,11.965825,119.538,,2.1672,,Pythia,,57000,11.965825|119.538|
B1_1091,B,pythia_training_log_existing.csv,真实,fit,pythia_N_11.965825,pythia_N_11.965825,"[""N_params_B"",""D_tokens_B"",""val_loss""]","[""val_loss""]",False,False,False,False,11.965825,121.635,,2.1655,,Pythia,,58000,11.965825|121.635|
B1_1092,B,pythia_training_log_existing.csv,真实,fit,pythia_N_11.965825,pythia_N_11.965825,"[""N_params_B"",""D_tokens_B"",""val_loss""]","[""val_loss""]",False,False,False,False,11.965825,123.732,,2.1639,,Pythia,,59000,11.965825|123.732|
B1_1093,B,pythia_training_log_existing.csv,真实,fit,pythia_N_11.965825,pythia_N_11.965825,"[""N_params_B"",""D_tokens_B"",""val_loss""]","[""val_loss""]",False,False,False,False,11.965825,125.829,,2.1627,,Pythia,,60000,11.965825|125.829|
B1_1094,B,pythia_training_log_existing.csv,真实,fit,pythia_N_11.965825,pythia_N_11.965825,"[""N_params_B"",""D_tokens_B"",""val_loss""]","[""val_loss""]",False,False,False,False,11.965825,127.926,,2.161,,Pythia,,61000,11.965825|127.926|
B1_1095,B,pythia_training_log_existing.csv,真实,fit,pythia_N_11.965825,pythia_N_11.965825,"[""N_params_B"",""D_tokens_B"",""val_loss""]","[""val_loss""]",False,False,False,False,11.965825,130.023,,2.1595,,Pythia,,62000,11.965825|130.023|
B1_1096,B,pythia_training_log_existing.csv,真实,fit,pythia_N_11.965825,pythia_N_11.965825,"[""N_params_B"",""D_tokens_B"",""val_loss""]","[""val_loss""]",False,False,False,False,11.965825,132.121,,2.158,,Pythia,,63000,11.965825|132.121|
B1_1097,B,pythia_training_log_existing.csv,真实,fit,pythia_N_11.965825,pythia_N_11.965825,"[""N_params_B"",""D_tokens_B"",""val_loss""]","[""val_loss""]",False,False,False,False,11.965825,134.218,,2.1568,,Pythia,,64000,11.965825|134.218|
B1_1098,B,pythia_training_log_existing.csv,真实,fit,pythia_N_11.965825,pythia_N_11.965825,"[""N_params_B"",""D_tokens_B"",""val_loss""]","[""val_loss""]",False,False,False,False,11.965825,136.315,,2.1553,,Pythia,,65000,11.965825|136.315|
B1_1099,B,pythia_training_log_existing.csv,真实,fit,pythia_N_11.965825,pythia_N_11.965825,"[""N_params_B"",""D_tokens_B"",""val_loss""]","[""val_loss""]",False,False,False,False,11.965825,138.412,,2.1542,,Pythia,,66000,11.965825|138.412|
B1_1100,B,pythia_training_log_existing.csv,真实,fit,pythia_N_11.965825,pythia_N_11.965825,"[""N_params_B"",""D_tokens_B"",""val_loss""]","[""val_loss""]",False,False,False,False,11.965825,140.509,,2.1529,,Pythia,,67000,11.965825|140.509|
B1_1101,B,pythia_training_log_existing.csv,真实,fit,pythia_N_11.965825,pythia_N_11.965825,"[""N_params_B"",""D_tokens_B"",""val_loss""]","[""val_loss""]",False,False,False,False,11.965825,142.606,,2.1515,,Pythia,,68000,11.965825|142.606|
B1_1102,B,pythia_training_log_existing.csv,真实,fit,pythia_N_11.965825,pythia_N_11.965825,"[""N_params_B"",""D_tokens_B"",""val_loss""]","[""val_loss""]",False,False,False,False,11.965825,144.703,,2.1504,,Pythia,,69000,11.965825|144.703|
B1_1103,B,pythia_training_log_existing.csv,真实,fit,pythia_N_11.965825,pythia_N_11.965825,"[""N_params_B"",""D_tokens_B"",""val_loss""]","[""val_loss""]",False,False,False,False,11.965825,146.801,,2.1491,,Pythia,,70000,11.965825|146.801|
B1_1104,B,pythia_training_log_existing.csv,真实,fit,pythia_N_11.965825,pythia_N_11.965825,"[""N_params_B"",""D_tokens_B"",""val_loss""]","[""val_loss""]",False,False,False,False,11.965825,148.898,,2.1478,,Pythia,,71000,11.965825|148.898|
B1_1105,B,pythia_training_log_existing.csv,真实,fit,pythia_N_11.965825,pythia_N_11.965825,"[""N_params_B"",""D_tokens_B"",""val_loss""]","[""val_loss""]",False,False,False,False,11.965825,150.995,,2.1464,,Pythia,,72000,11.965825|150.995|
B1_1106,B,pythia_training_log_existing.csv,真实,fit,pythia_N_11.965825,pythia_N_11.965825,"[""N_params_B"",""D_tokens_B"",""val_loss""]","[""val_loss""]",False,False,False,False,11.965825,153.092,,2.1456,,Pythia,,73000,11.965825|153.092|
B1_1107,B,pythia_training_log_existing.csv,真实,fit,pythia_N_11.965825,pythia_N_11.965825,"[""N_params_B"",""D_tokens_B"",""val_loss""]","[""val_loss""]",False,False,False,False,11.965825,155.189,,2.1442,,Pythia,,74000,11.965825|155.189|
B1_1108,B,pythia_training_log_existing.csv,真实,fit,pythia_N_11.965825,pythia_N_11.965825,"[""N_params_B"",""D_tokens_B"",""val_loss""]","[""val_loss""]",False,False,False,False,11.965825,157.286,,2.143,,Pythia,,75000,11.965825|157.286|
B1_1109,B,pythia_training_log_existing.csv,真实,fit,pythia_N_11.965825,pythia_N_11.965825,"[""N_params_B"",""D_tokens_B"",""val_loss""]","[""val_loss""]",False,False,False,False,11.965825,159.384,,2.1421,,Pythia,,76000,11.965825|159.384|
B1_1110,B,pythia_training_log_existing.csv,真实,fit,pythia_N_11.965825,pythia_N_11.965825,"[""N_params_B"",""D_tokens_B"",""val_loss""]","[""val_loss""]",False,False,False,False,11.965825,161.481,,2.1411,,Pythia,,77000,11.965825|161.481|
B1_1111,B,pythia_training_log_existing.csv,真实,fit,pythia_N_11.965825,pythia_N_11.965825,"[""N_params_B"",""D_tokens_B"",""val_loss""]","[""val_loss""]",False,False,False,False,11.965825,163.578,,2.1399,,Pythia,,78000,11.965825|163.578|
B1_1112,B,pythia_training_log_existing.csv,真实,fit,pythia_N_11.965825,pythia_N_11.965825,"[""N_params_B"",""D_tokens_B"",""val_loss""]","[""val_loss""]",False,False,False,False,11.965825,165.675,,2.1388,,Pythia,,79000,11.965825|165.675|
B1_1113,B,pythia_training_log_existing.csv,真实,fit,pythia_N_11.965825,pythia_N_11.965825,"[""N_params_B"",""D_tokens_B"",""val_loss""]","[""val_loss""]",False,False,False,False,11.965825,167.772,,2.1378,,Pythia,,80000,11.965825|167.772|
B1_1114,B,pythia_training_log_existing.csv,真实,fit,pythia_N_11.965825,pythia_N_11.965825,"[""N_params_B"",""D_tokens_B"",""val_loss""]","[""val_loss""]",False,False,False,False,11.965825,169.869,,2.1368,,Pythia,,81000,11.965825|169.869|
B1_1115,B,pythia_training_log_existing.csv,真实,fit,pythia_N_11.965825,pythia_N_11.965825,"[""N_params_B"",""D_tokens_B"",""val_loss""]","[""val_loss""]",False,False,False,False,11.965825,171.966,,2.1358,,Pythia,,82000,11.965825|171.966|
B1_1116,B,pythia_training_log_existing.csv,真实,fit,pythia_N_11.965825,pythia_N_11.965825,"[""N_params_B"",""D_tokens_B"",""val_loss""]","[""val_loss""]",False,False,False,False,11.965825,174.064,,2.1347,,Pythia,,83000,11.965825|174.064|
B1_1117,B,pythia_training_log_existing.csv,真实,fit,pythia_N_11.965825,pythia_N_11.965825,"[""N_params_B"",""D_tokens_B"",""val_loss""]","[""val_loss""]",False,False,False,False,11.965825,176.161,,2.1337,,Pythia,,84000,11.965825|176.161|
B1_1118,B,pythia_training_log_existing.csv,真实,fit,pythia_N_11.965825,pythia_N_11.965825,"[""N_params_B"",""D_tokens_B"",""val_loss""]","[""val_loss""]",False,False,False,False,11.965825,178.258,,2.1328,,Pythia,,85000,11.965825|178.258|
B1_1119,B,pythia_training_log_existing.csv,真实,fit,pythia_N_11.965825,pythia_N_11.965825,"[""N_params_B"",""D_tokens_B"",""val_loss""]","[""val_loss""]",False,False,False,False,11.965825,180.355,,2.1318,,Pythia,,86000,11.965825|180.355|
B1_1120,B,pythia_training_log_existing.csv,真实,fit,pythia_N_11.965825,pythia_N_11.965825,"[""N_params_B"",""D_tokens_B"",""val_loss""]","[""val_loss""]",False,False,False,False,11.965825,182.452,,2.1309,,Pythia,,87000,11.965825|182.452|
B1_1121,B,pythia_training_log_existing.csv,真实,fit,pythia_N_11.965825,pythia_N_11.965825,"[""N_params_B"",""D_tokens_B"",""val_loss""]","[""val_loss""]",False,False,False,False,11.965825,184.549,,2.1298,,Pythia,,88000,11.965825|184.549|
B1_1122,B,pythia_training_log_existing.csv,真实,fit,pythia_N_11.965825,pythia_N_11.965825,"[""N_params_B"",""D_tokens_B"",""val_loss""]","[""val_loss""]",False,False,False,False,11.965825,186.647,,2.129,,Pythia,,89000,11.965825|186.647|
B1_1123,B,pythia_training_log_existing.csv,真实,fit,pythia_N_11.965825,pythia_N_11.965825,"[""N_params_B"",""D_tokens_B"",""val_loss""]","[""val_loss""]",False,False,False,False,11.965825,188.744,,2.1281,,Pythia,,90000,11.965825|188.744|
B1_1124,B,pythia_training_log_existing.csv,真实,fit,pythia_N_11.965825,pythia_N_11.965825,"[""N_params_B"",""D_tokens_B"",""val_loss""]","[""val_loss""]",False,False,False,False,11.965825,190.841,,2.1272,,Pythia,,91000,11.965825|190.841|
B1_1125,B,pythia_training_log_existing.csv,真实,fit,pythia_N_11.965825,pythia_N_11.965825,"[""N_params_B"",""D_tokens_B"",""val_loss""]","[""val_loss""]",False,False,False,False,11.965825,192.938,,2.1264,,Pythia,,92000,11.965825|192.938|
B1_1126,B,pythia_training_log_existing.csv,真实,fit,pythia_N_11.965825,pythia_N_11.965825,"[""N_params_B"",""D_tokens_B"",""val_loss""]","[""val_loss""]",False,False,False,False,11.965825,195.035,,2.1256,,Pythia,,93000,11.965825|195.035|
B1_1127,B,pythia_training_log_existing.csv,真实,fit,pythia_N_11.965825,pythia_N_11.965825,"[""N_params_B"",""D_tokens_B"",""val_loss""]","[""val_loss""]",False,False,False,False,11.965825,197.132,,2.1248,,Pythia,,94000,11.965825|197.132|
B1_1128,B,pythia_training_log_existing.csv,真实,fit,pythia_N_11.965825,pythia_N_11.965825,"[""N_params_B"",""D_tokens_B"",""val_loss""]","[""val_loss""]",False,False,False,False,11.965825,199.229,,2.1238,,Pythia,,95000,11.965825|199.229|
B1_1129,B,pythia_training_log_existing.csv,真实,fit,pythia_N_11.965825,pythia_N_11.965825,"[""N_params_B"",""D_tokens_B"",""val_loss""]","[""val_loss""]",False,False,False,False,11.965825,201.327,,2.123,,Pythia,,96000,11.965825|201.327|
B1_1130,B,pythia_training_log_existing.csv,真实,fit,pythia_N_11.965825,pythia_N_11.965825,"[""N_params_B"",""D_tokens_B"",""val_loss""]","[""val_loss""]",False,False,False,False,11.965825,203.424,,2.1223,,Pythia,,97000,11.965825|203.424|
B1_1131,B,pythia_training_log_existing.csv,真实,fit,pythia_N_11.965825,pythia_N_11.965825,"[""N_params_B"",""D_tokens_B"",""val_loss""]","[""val_loss""]",False,False,False,False,11.965825,205.521,,2.1214,,Pythia,,98000,11.965825|205.521|
B1_1132,B,pythia_training_log_existing.csv,真实,fit,pythia_N_11.965825,pythia_N_11.965825,"[""N_params_B"",""D_tokens_B"",""val_loss""]","[""val_loss""]",False,False,False,False,11.965825,207.618,,2.1206,,Pythia,,99000,11.965825|207.618|
B1_1133,B,pythia_training_log_existing.csv,真实,fit,pythia_N_11.965825,pythia_N_11.965825,"[""N_params_B"",""D_tokens_B"",""val_loss""]","[""val_loss""]",False,False,False,False,11.965825,209.715,,2.1199,,Pythia,,100000,11.965825|209.715|
B1_1134,B,pythia_training_log_existing.csv,真实,fit,pythia_N_11.965825,pythia_N_11.965825,"[""N_params_B"",""D_tokens_B"",""val_loss""]","[""val_loss""]",False,False,False,False,11.965825,211.812,,2.119,,Pythia,,101000,11.965825|211.812|
B1_1135,B,pythia_training_log_existing.csv,真实,fit,pythia_N_11.965825,pythia_N_11.965825,"[""N_params_B"",""D_tokens_B"",""val_loss""]","[""val_loss""]",False,False,False,False,11.965825,213.91,,2.1183,,Pythia,,102000,11.965825|213.91|
B1_1136,B,pythia_training_log_existing.csv,真实,fit,pythia_N_11.965825,pythia_N_11.965825,"[""N_params_B"",""D_tokens_B"",""val_loss""]","[""val_loss""]",False,False,False,False,11.965825,216.007,,2.1175,,Pythia,,103000,11.965825|216.007|
B1_1137,B,pythia_training_log_existing.csv,真实,fit,pythia_N_11.965825,pythia_N_11.965825,"[""N_params_B"",""D_tokens_B"",""val_loss""]","[""val_loss""]",False,False,False,False,11.965825,218.104,,2.1168,,Pythia,,104000,11.965825|218.104|
B1_1138,B,pythia_training_log_existing.csv,真实,fit,pythia_N_11.965825,pythia_N_11.965825,"[""N_params_B"",""D_tokens_B"",""val_loss""]","[""val_loss""]",False,False,False,False,11.965825,220.201,,2.1161,,Pythia,,105000,11.965825|220.201|
B1_1139,B,pythia_training_log_existing.csv,真实,fit,pythia_N_11.965825,pythia_N_11.965825,"[""N_params_B"",""D_tokens_B"",""val_loss""]","[""val_loss""]",False,False,False,False,11.965825,222.298,,2.1152,,Pythia,,106000,11.965825|222.298|
B1_1140,B,pythia_training_log_existing.csv,真实,fit,pythia_N_11.965825,pythia_N_11.965825,"[""N_params_B"",""D_tokens_B"",""val_loss""]","[""val_loss""]",False,False,False,False,11.965825,224.395,,2.1147,,Pythia,,107000,11.965825|224.395|
B1_1141,B,pythia_training_log_existing.csv,真实,fit,pythia_N_11.965825,pythia_N_11.965825,"[""N_params_B"",""D_tokens_B"",""val_loss""]","[""val_loss""]",False,False,False,False,11.965825,226.492,,2.1139,,Pythia,,108000,11.965825|226.492|
B1_1142,B,pythia_training_log_existing.csv,真实,fit,pythia_N_11.965825,pythia_N_11.965825,"[""N_params_B"",""D_tokens_B"",""val_loss""]","[""val_loss""]",False,False,False,False,11.965825,228.59,,2.1133,,Pythia,,109000,11.965825|228.59|
B1_1143,B,pythia_training_log_existing.csv,真实,fit,pythia_N_11.965825,pythia_N_11.965825,"[""N_params_B"",""D_tokens_B"",""val_loss""]","[""val_loss""]",False,False,False,False,11.965825,230.687,,2.1125,,Pythia,,110000,11.965825|230.687|
B1_1144,B,pythia_training_log_existing.csv,真实,fit,pythia_N_11.965825,pythia_N_11.965825,"[""N_params_B"",""D_tokens_B"",""val_loss""]","[""val_loss""]",False,False,False,False,11.965825,232.784,,2.1119,,Pythia,,111000,11.965825|232.784|
B1_1145,B,pythia_training_log_existing.csv,真实,fit,pythia_N_11.965825,pythia_N_11.965825,"[""N_params_B"",""D_tokens_B"",""val_loss""]","[""val_loss""]",False,False,False,False,11.965825,234.881,,2.1112,,Pythia,,112000,11.965825|234.881|
B1_1146,B,pythia_training_log_existing.csv,真实,fit,pythia_N_11.965825,pythia_N_11.965825,"[""N_params_B"",""D_tokens_B"",""val_loss""]","[""val_loss""]",False,False,False,False,11.965825,236.978,,2.1105,,Pythia,,113000,11.965825|236.978|
B1_1147,B,pythia_training_log_existing.csv,真实,fit,pythia_N_11.965825,pythia_N_11.965825,"[""N_params_B"",""D_tokens_B"",""val_loss""]","[""val_loss""]",False,False,False,False,11.965825,239.075,,2.1099,,Pythia,,114000,11.965825|239.075|
B1_1148,B,pythia_training_log_existing.csv,真实,fit,pythia_N_11.965825,pythia_N_11.965825,"[""N_params_B"",""D_tokens_B"",""val_loss""]","[""val_loss""]",False,False,False,False,11.965825,241.172,,2.1092,,Pythia,,115000,11.965825|241.172|
B1_1149,B,pythia_training_log_existing.csv,真实,fit,pythia_N_11.965825,pythia_N_11.965825,"[""N_params_B"",""D_tokens_B"",""val_loss""]","[""val_loss""]",False,False,False,False,11.965825,243.27,,2.1085,,Pythia,,116000,11.965825|243.27|
B1_1150,B,pythia_training_log_existing.csv,真实,fit,pythia_N_11.965825,pythia_N_11.965825,"[""N_params_B"",""D_tokens_B"",""val_loss""]","[""val_loss""]",False,False,False,False,11.965825,245.367,,2.1079,,Pythia,,117000,11.965825|245.367|
B1_1151,B,pythia_training_log_existing.csv,真实,fit,pythia_N_11.965825,pythia_N_11.965825,"[""N_params_B"",""D_tokens_B"",""val_loss""]","[""val_loss""]",False,False,False,False,11.965825,247.464,,2.1072,,Pythia,,118000,11.965825|247.464|
B1_1152,B,pythia_training_log_existing.csv,真实,fit,pythia_N_11.965825,pythia_N_11.965825,"[""N_params_B"",""D_tokens_B"",""val_loss""]","[""val_loss""]",False,False,False,False,11.965825,249.561,,2.1066,,Pythia,,119000,11.965825|249.561|
B1_1153,B,pythia_training_log_existing.csv,真实,fit,pythia_N_11.965825,pythia_N_11.965825,"[""N_params_B"",""D_tokens_B"",""val_loss""]","[""val_loss""]",False,False,False,False,11.965825,251.658,,2.1059,,Pythia,,120000,11.965825|251.658|
B1_1154,B,pythia_training_log_existing.csv,真实,fit,pythia_N_11.965825,pythia_N_11.965825,"[""N_params_B"",""D_tokens_B"",""val_loss""]","[""val_loss""]",False,False,False,False,11.965825,253.755,,2.1055,,Pythia,,121000,11.965825|253.755|
B1_1155,B,pythia_training_log_existing.csv,真实,fit,pythia_N_11.965825,pythia_N_11.965825,"[""N_params_B"",""D_tokens_B"",""val_loss""]","[""val_loss""]",False,False,False,False,11.965825,255.853,,2.1047,,Pythia,,122000,11.965825|255.853|
B1_1156,B,pythia_training_log_existing.csv,真实,fit,pythia_N_11.965825,pythia_N_11.965825,"[""N_params_B"",""D_tokens_B"",""val_loss""]","[""val_loss""]",False,False,False,False,11.965825,257.95,,2.1042,,Pythia,,123000,11.965825|257.95|
B1_1157,B,pythia_training_log_existing.csv,真实,fit,pythia_N_11.965825,pythia_N_11.965825,"[""N_params_B"",""D_tokens_B"",""val_loss""]","[""val_loss""]",False,False,False,False,11.965825,260.047,,2.1036,,Pythia,,124000,11.965825|260.047|
B1_1158,B,pythia_training_log_existing.csv,真实,fit,pythia_N_11.965825,pythia_N_11.965825,"[""N_params_B"",""D_tokens_B"",""val_loss""]","[""val_loss""]",False,False,False,False,11.965825,262.144,,2.1031,,Pythia,,125000,11.965825|262.144|
B1_1159,B,pythia_training_log_existing.csv,真实,fit,pythia_N_11.965825,pythia_N_11.965825,"[""N_params_B"",""D_tokens_B"",""val_loss""]","[""val_loss""]",False,False,False,False,11.965825,264.241,,2.1024,,Pythia,,126000,11.965825|264.241|
B1_1160,B,pythia_training_log_existing.csv,真实,fit,pythia_N_11.965825,pythia_N_11.965825,"[""N_params_B"",""D_tokens_B"",""val_loss""]","[""val_loss""]",False,False,False,False,11.965825,266.338,,2.102,,Pythia,,127000,11.965825|266.338|
B1_1161,B,pythia_training_log_existing.csv,真实,fit,pythia_N_11.965825,pythia_N_11.965825,"[""N_params_B"",""D_tokens_B"",""val_loss""]","[""val_loss""]",False,False,False,False,11.965825,268.435,,2.1013,,Pythia,,128000,11.965825|268.435|
B1_1162,B,pythia_training_log_existing.csv,真实,fit,pythia_N_11.965825,pythia_N_11.965825,"[""N_params_B"",""D_tokens_B"",""val_loss""]","[""val_loss""]",False,False,False,False,11.965825,270.533,,2.1008,,Pythia,,129000,11.965825|270.533|
B1_1163,B,pythia_training_log_existing.csv,真实,fit,pythia_N_11.965825,pythia_N_11.965825,"[""N_params_B"",""D_tokens_B"",""val_loss""]","[""val_loss""]",False,False,False,False,11.965825,272.63,,2.1001,,Pythia,,130000,11.965825|272.63|
B1_1164,B,pythia_training_log_existing.csv,真实,fit,pythia_N_11.965825,pythia_N_11.965825,"[""N_params_B"",""D_tokens_B"",""val_loss""]","[""val_loss""]",False,False,False,False,11.965825,274.727,,2.0998,,Pythia,,131000,11.965825|274.727|
B1_1165,B,pythia_training_log_existing.csv,真实,fit,pythia_N_11.965825,pythia_N_11.965825,"[""N_params_B"",""D_tokens_B"",""val_loss""]","[""val_loss""]",False,False,False,False,11.965825,276.824,,2.099,,Pythia,,132000,11.965825|276.824|
B1_1166,B,pythia_training_log_existing.csv,真实,fit,pythia_N_11.965825,pythia_N_11.965825,"[""N_params_B"",""D_tokens_B"",""val_loss""]","[""val_loss""]",False,False,False,False,11.965825,278.921,,2.0986,,Pythia,,133000,11.965825|278.921|
B1_1167,B,pythia_training_log_existing.csv,真实,fit,pythia_N_11.965825,pythia_N_11.965825,"[""N_params_B"",""D_tokens_B"",""val_loss""]","[""val_loss""]",False,False,False,False,11.965825,281.018,,2.098,,Pythia,,134000,11.965825|281.018|
B1_1168,B,pythia_training_log_existing.csv,真实,fit,pythia_N_11.965825,pythia_N_11.965825,"[""N_params_B"",""D_tokens_B"",""val_loss""]","[""val_loss""]",False,False,False,False,11.965825,283.116,,2.0975,,Pythia,,135000,11.965825|283.116|
B1_1169,B,pythia_training_log_existing.csv,真实,fit,pythia_N_11.965825,pythia_N_11.965825,"[""N_params_B"",""D_tokens_B"",""val_loss""]","[""val_loss""]",False,False,False,False,11.965825,285.213,,2.0969,,Pythia,,136000,11.965825|285.213|
B1_1170,B,pythia_training_log_existing.csv,真实,fit,pythia_N_11.965825,pythia_N_11.965825,"[""N_params_B"",""D_tokens_B"",""val_loss""]","[""val_loss""]",False,False,False,False,11.965825,287.31,,2.0964,,Pythia,,137000,11.965825|287.31|
B1_1171,B,pythia_training_log_existing.csv,真实,fit,pythia_N_11.965825,pythia_N_11.965825,"[""N_params_B"",""D_tokens_B"",""val_loss""]","[""val_loss""]",False,False,False,False,11.965825,289.407,,2.0959,,Pythia,,138000,11.965825|289.407|
B1_1172,B,pythia_training_log_existing.csv,真实,fit,pythia_N_11.965825,pythia_N_11.965825,"[""N_params_B"",""D_tokens_B"",""val_loss""]","[""val_loss""]",False,False,False,False,11.965825,291.504,,2.0954,,Pythia,,139000,11.965825|291.504|
B1_1173,B,pythia_training_log_existing.csv,真实,fit,pythia_N_11.965825,pythia_N_11.965825,"[""N_params_B"",""D_tokens_B"",""val_loss""]","[""val_loss""]",False,False,False,False,11.965825,293.601,,2.0949,,Pythia,,140000,11.965825|293.601|
B1_1174,B,pythia_training_log_existing.csv,真实,fit,pythia_N_11.965825,pythia_N_11.965825,"[""N_params_B"",""D_tokens_B"",""val_loss""]","[""val_loss""]",False,False,False,False,11.965825,295.698,,2.0945,,Pythia,,141000,11.965825|295.698|
B1_1175,B,pythia_training_log_existing.csv,真实,fit,pythia_N_11.965825,pythia_N_11.965825,"[""N_params_B"",""D_tokens_B"",""val_loss""]","[""val_loss""]",False,False,False,False,11.965825,297.796,,2.0938,,Pythia,,142000,11.965825|297.796|
B1_1176,B,pythia_training_log_existing.csv,真实,fit,pythia_N_11.965825,pythia_N_11.965825,"[""N_params_B"",""D_tokens_B"",""val_loss""]","[""val_loss""]",False,False,False,False,11.965825,299.893,,2.0933,,Pythia,,143000,11.965825|299.893|
supplementary_NQ_experiment_1,B,supplementary_NQ_experiment.csv,半合成,fit,NQ_N_0.07_D_10,supplementary_NQ_experiment_NQ_N_0.07_D_10,"[""N_params_B"",""D_tokens_B"",""Q_score"",""val_loss""]","[""val_loss""]",False,True,False,False,0.07,10.0,0.1,3.7216,,,N0.07_D0010_Q0.1,,0.07|10.0|0.1
supplementary_NQ_experiment_2,B,supplementary_NQ_experiment.csv,半合成,fit,NQ_N_0.07_D_10,supplementary_NQ_experiment_NQ_N_0.07_D_10,"[""N_params_B"",""D_tokens_B"",""Q_score"",""val_loss""]","[""val_loss""]",False,True,False,False,0.07,10.0,0.2,3.6004,,,N0.07_D0010_Q0.2,,0.07|10.0|0.2
supplementary_NQ_experiment_3,B,supplementary_NQ_experiment.csv,半合成,fit,NQ_N_0.07_D_10,supplementary_NQ_experiment_NQ_N_0.07_D_10,"[""N_params_B"",""D_tokens_B"",""Q_score"",""val_loss""]","[""val_loss""]",False,True,False,False,0.07,10.0,0.3,3.6507,,,N0.07_D0010_Q0.3,,0.07|10.0|0.3
supplementary_NQ_experiment_4,B,supplementary_NQ_experiment.csv,半合成,fit,NQ_N_0.07_D_10,supplementary_NQ_experiment_NQ_N_0.07_D_10,"[""N_params_B"",""D_tokens_B"",""Q_score"",""val_loss""]","[""val_loss""]",False,True,False,False,0.07,10.0,0.4,3.5704,,,N0.07_D0010_Q0.4,,0.07|10.0|0.4
supplementary_NQ_experiment_5,B,supplementary_NQ_experiment.csv,半合成,fit,NQ_N_0.07_D_10,supplementary_NQ_experiment_NQ_N_0.07_D_10,"[""N_params_B"",""D_tokens_B"",""Q_score"",""val_loss""]","[""val_loss""]",False,True,False,False,0.07,10.0,0.6,3.5458,,,N0.07_D0010_Q0.6,,0.07|10.0|0.6
supplementary_NQ_experiment_6,B,supplementary_NQ_experiment.csv,半合成,fit,NQ_N_0.07_D_10,supplementary_NQ_experiment_NQ_N_0.07_D_10,"[""N_params_B"",""D_tokens_B"",""Q_score"",""val_loss""]","[""val_loss""]",False,True,False,False,0.07,10.0,0.8,3.353,,,N0.07_D0010_Q0.8,,0.07|10.0|0.8
supplementary_NQ_experiment_7,B,supplementary_NQ_experiment.csv,半合成,fit,NQ_N_0.07_D_10,supplementary_NQ_experiment_NQ_N_0.07_D_10,"[""N_params_B"",""D_tokens_B"",""Q_score"",""val_loss""]","[""val_loss""]",False,True,False,False,0.07,10.0,0.9,3.2211,,,N0.07_D0010_Q0.9,,0.07|10.0|0.9
supplementary_NQ_experiment_8,B,supplementary_NQ_experiment.csv,半合成,fit,NQ_N_0.07_D_10,supplementary_NQ_experiment_NQ_N_0.07_D_10,"[""N_params_B"",""D_tokens_B"",""Q_score"",""val_loss""]","[""val_loss""]",False,True,False,False,0.07,10.0,1.0,3.1125,,,N0.07_D0010_Q1.0,,0.07|10.0|1.0
supplementary_NQ_experiment_9,B,supplementary_NQ_experiment.csv,半合成,fit,NQ_N_0.07_D_50,supplementary_NQ_experiment_NQ_N_0.07_D_50,"[""N_params_B"",""D_tokens_B"",""Q_score"",""val_loss""]","[""val_loss""]",False,True,False,False,0.07,50.0,0.1,3.5105,,,N0.07_D0050_Q0.1,,0.07|50.0|0.1
supplementary_NQ_experiment_10,B,supplementary_NQ_experiment.csv,半合成,fit,NQ_N_0.07_D_50,supplementary_NQ_experiment_NQ_N_0.07_D_50,"[""N_params_B"",""D_tokens_B"",""Q_score"",""val_loss""]","[""val_loss""]",False,True,False,False,0.07,50.0,0.2,3.4001,,,N0.07_D0050_Q0.2,,0.07|50.0|0.2
supplementary_NQ_experiment_11,B,supplementary_NQ_experiment.csv,半合成,fit,NQ_N_0.07_D_50,supplementary_NQ_experiment_NQ_N_0.07_D_50,"[""N_params_B"",""D_tokens_B"",""Q_score"",""val_loss""]","[""val_loss""]",False,True,False,False,0.07,50.0,0.3,3.3596,,,N0.07_D0050_Q0.3,,0.07|50.0|0.3
supplementary_NQ_experiment_12,B,supplementary_NQ_experiment.csv,半合成,fit,NQ_N_0.07_D_50,supplementary_NQ_experiment_NQ_N_0.07_D_50,"[""N_params_B"",""D_tokens_B"",""Q_score"",""val_loss""]","[""val_loss""]",False,True,False,False,0.07,50.0,0.4,3.2727,,,N0.07_D0050_Q0.4,,0.07|50.0|0.4
supplementary_NQ_experiment_13,B,supplementary_NQ_experiment.csv,半合成,fit,NQ_N_0.07_D_50,supplementary_NQ_experiment_NQ_N_0.07_D_50,"[""N_params_B"",""D_tokens_B"",""Q_score"",""val_loss""]","[""val_loss""]",False,True,False,False,0.07,50.0,0.6,3.0798,,,N0.07_D0050_Q0.6,,0.07|50.0|0.6
supplementary_NQ_experiment_14,B,supplementary_NQ_experiment.csv,半合成,fit,NQ_N_0.07_D_50,supplementary_NQ_experiment_NQ_N_0.07_D_50,"[""N_params_B"",""D_tokens_B"",""Q_score"",""val_loss""]","[""val_loss""]",False,True,False,False,0.07,50.0,0.8,3.1431,,,N0.07_D0050_Q0.8,,0.07|50.0|0.8
supplementary_NQ_experiment_15,B,supplementary_NQ_experiment.csv,半合成,fit,NQ_N_0.07_D_50,supplementary_NQ_experiment_NQ_N_0.07_D_50,"[""N_params_B"",""D_tokens_B"",""Q_score"",""val_loss""]","[""val_loss""]",False,True,False,False,0.07,50.0,0.9,3.0628,,,N0.07_D0050_Q0.9,,0.07|50.0|0.9
supplementary_NQ_experiment_16,B,supplementary_NQ_experiment.csv,半合成,fit,NQ_N_0.07_D_50,supplementary_NQ_experiment_NQ_N_0.07_D_50,"[""N_params_B"",""D_tokens_B"",""Q_score"",""val_loss""]","[""val_loss""]",False,True,False,False,0.07,50.0,1.0,2.9922,,,N0.07_D0050_Q1.0,,0.07|50.0|1.0
supplementary_NQ_experiment_17,B,supplementary_NQ_experiment.csv,半合成,fit,NQ_N_0.07_D_150,supplementary_NQ_experiment_NQ_N_0.07_D_150,"[""N_params_B"",""D_tokens_B"",""Q_score"",""val_loss""]","[""val_loss""]",False,True,False,False,0.07,150.0,0.1,3.384,,,N0.07_D0150_Q0.1,,0.07|150.0|0.1
supplementary_NQ_experiment_18,B,supplementary_NQ_experiment.csv,半合成,fit,NQ_N_0.07_D_150,supplementary_NQ_experiment_NQ_N_0.07_D_150,"[""N_params_B"",""D_tokens_B"",""Q_score"",""val_loss""]","[""val_loss""]",False,True,False,False,0.07,150.0,0.2,3.2214,,,N0.07_D0150_Q0.2,,0.07|150.0|0.2
supplementary_NQ_experiment_19,B,supplementary_NQ_experiment.csv,半合成,fit,NQ_N_0.07_D_150,supplementary_NQ_experiment_NQ_N_0.07_D_150,"[""N_params_B"",""D_tokens_B"",""Q_score"",""val_loss""]","[""val_loss""]",False,True,False,False,0.07,150.0,0.3,3.3529,,,N0.07_D0150_Q0.3,,0.07|150.0|0.3
supplementary_NQ_experiment_20,B,supplementary_NQ_experiment.csv,半合成,fit,NQ_N_0.07_D_150,supplementary_NQ_experiment_NQ_N_0.07_D_150,"[""N_params_B"",""D_tokens_B"",""Q_score"",""val_loss""]","[""val_loss""]",False,True,False,False,0.07,150.0,0.4,3.1687,,,N0.07_D0150_Q0.4,,0.07|150.0|0.4
supplementary_NQ_experiment_21,B,supplementary_NQ_experiment.csv,半合成,fit,NQ_N_0.07_D_150,supplementary_NQ_experiment_NQ_N_0.07_D_150,"[""N_params_B"",""D_tokens_B"",""Q_score"",""val_loss""]","[""val_loss""]",False,True,False,False,0.07,150.0,0.6,3.1017,,,N0.07_D0150_Q0.6,,0.07|150.0|0.6
supplementary_NQ_experiment_22,B,supplementary_NQ_experiment.csv,半合成,fit,NQ_N_0.07_D_150,supplementary_NQ_experiment_NQ_N_0.07_D_150,"[""N_params_B"",""D_tokens_B"",""Q_score"",""val_loss""]","[""val_loss""]",False,True,False,False,0.07,150.0,0.8,3.0179,,,N0.07_D0150_Q0.8,,0.07|150.0|0.8
supplementary_NQ_experiment_23,B,supplementary_NQ_experiment.csv,半合成,fit,NQ_N_0.07_D_150,supplementary_NQ_experiment_NQ_N_0.07_D_150,"[""N_params_B"",""D_tokens_B"",""Q_score"",""val_loss""]","[""val_loss""]",False,True,False,False,0.07,150.0,0.9,2.7658,,,N0.07_D0150_Q0.9,,0.07|150.0|0.9
supplementary_NQ_experiment_24,B,supplementary_NQ_experiment.csv,半合成,fit,NQ_N_0.07_D_150,supplementary_NQ_experiment_NQ_N_0.07_D_150,"[""N_params_B"",""D_tokens_B"",""Q_score"",""val_loss""]","[""val_loss""]",False,True,False,False,0.07,150.0,1.0,2.9653,,,N0.07_D0150_Q1.0,,0.07|150.0|1.0
supplementary_NQ_experiment_25,B,supplementary_NQ_experiment.csv,半合成,fit,NQ_N_0.07_D_300,supplementary_NQ_experiment_NQ_N_0.07_D_300,"[""N_params_B"",""D_tokens_B"",""Q_score"",""val_loss""]","[""val_loss""]",False,True,False,False,0.07,300.0,0.1,3.2863,,,N0.07_D0300_Q0.1,,0.07|300.0|0.1
supplementary_NQ_experiment_26,B,supplementary_NQ_experiment.csv,半合成,fit,NQ_N_0.07_D_300,supplementary_NQ_experiment_NQ_N_0.07_D_300,"[""N_params_B"",""D_tokens_B"",""Q_score"",""val_loss""]","[""val_loss""]",False,True,False,False,0.07,300.0,0.2,3.1355,,,N0.07_D0300_Q0.2,,0.07|300.0|0.2
supplementary_NQ_experiment_27,B,supplementary_NQ_experiment.csv,半合成,fit,NQ_N_0.07_D_300,supplementary_NQ_experiment_NQ_N_0.07_D_300,"[""N_params_B"",""D_tokens_B"",""Q_score"",""val_loss""]","[""val_loss""]",False,True,False,False,0.07,300.0,0.3,3.1588,,,N0.07_D0300_Q0.3,,0.07|300.0|0.3
supplementary_NQ_experiment_28,B,supplementary_NQ_experiment.csv,半合成,fit,NQ_N_0.07_D_300,supplementary_NQ_experiment_NQ_N_0.07_D_300,"[""N_params_B"",""D_tokens_B"",""Q_score"",""val_loss""]","[""val_loss""]",False,True,False,False,0.07,300.0,0.4,3.2809,,,N0.07_D0300_Q0.4,,0.07|300.0|0.4
supplementary_NQ_experiment_29,B,supplementary_NQ_experiment.csv,半合成,fit,NQ_N_0.07_D_300,supplementary_NQ_experiment_NQ_N_0.07_D_300,"[""N_params_B"",""D_tokens_B"",""Q_score"",""val_loss""]","[""val_loss""]",False,True,False,False,0.07,300.0,0.6,3.0098,,,N0.07_D0300_Q0.6,,0.07|300.0|0.6
supplementary_NQ_experiment_30,B,supplementary_NQ_experiment.csv,半合成,fit,NQ_N_0.07_D_300,supplementary_NQ_experiment_NQ_N_0.07_D_300,"[""N_params_B"",""D_tokens_B"",""Q_score"",""val_loss""]","[""val_loss""]",False,True,False,False,0.07,300.0,0.8,2.8391,,,N0.07_D0300_Q0.8,,0.07|300.0|0.8
supplementary_NQ_experiment_31,B,supplementary_NQ_experiment.csv,半合成,fit,NQ_N_0.07_D_300,supplementary_NQ_experiment_NQ_N_0.07_D_300,"[""N_params_B"",""D_tokens_B"",""Q_score"",""val_loss""]","[""val_loss""]",False,True,False,False,0.07,300.0,0.9,2.858,,,N0.07_D0300_Q0.9,,0.07|300.0|0.9
supplementary_NQ_experiment_32,B,supplementary_NQ_experiment.csv,半合成,fit,NQ_N_0.07_D_300,supplementary_NQ_experiment_NQ_N_0.07_D_300,"[""N_params_B"",""D_tokens_B"",""Q_score"",""val_loss""]","[""val_loss""]",False,True,False,False,0.07,300.0,1.0,2.837,,,N0.07_D0300_Q1.0,,0.07|300.0|1.0
supplementary_NQ_experiment_33,B,supplementary_NQ_experiment.csv,半合成,fit,NQ_N_0.07_D_600,supplementary_NQ_experiment_NQ_N_0.07_D_600,"[""N_params_B"",""D_tokens_B"",""Q_score"",""val_loss""]","[""val_loss""]",False,True,False,False,0.07,600.0,0.1,3.1971,,,N0.07_D0600_Q0.1,,0.07|600.0|0.1
supplementary_NQ_experiment_34,B,supplementary_NQ_experiment.csv,半合成,fit,NQ_N_0.07_D_600,supplementary_NQ_experiment_NQ_N_0.07_D_600,"[""N_params_B"",""D_tokens_B"",""Q_score"",""val_loss""]","[""val_loss""]",False,True,False,False,0.07,600.0,0.2,3.1469,,,N0.07_D0600_Q0.2,,0.07|600.0|0.2
supplementary_NQ_experiment_35,B,supplementary_NQ_experiment.csv,半合成,fit,NQ_N_0.07_D_600,supplementary_NQ_experiment_NQ_N_0.07_D_600,"[""N_params_B"",""D_tokens_B"",""Q_score"",""val_loss""]","[""val_loss""]",False,True,False,False,0.07,600.0,0.3,3.1946,,,N0.07_D0600_Q0.3,,0.07|600.0|0.3
supplementary_NQ_experiment_36,B,supplementary_NQ_experiment.csv,半合成,fit,NQ_N_0.07_D_600,supplementary_NQ_experiment_NQ_N_0.07_D_600,"[""N_params_B"",""D_tokens_B"",""Q_score"",""val_loss""]","[""val_loss""]",False,True,False,False,0.07,600.0,0.4,3.1242,,,N0.07_D0600_Q0.4,,0.07|600.0|0.4
supplementary_NQ_experiment_37,B,supplementary_NQ_experiment.csv,半合成,fit,NQ_N_0.07_D_600,supplementary_NQ_experiment_NQ_N_0.07_D_600,"[""N_params_B"",""D_tokens_B"",""Q_score"",""val_loss""]","[""val_loss""]",False,True,False,False,0.07,600.0,0.6,2.9753,,,N0.07_D0600_Q0.6,,0.07|600.0|0.6
supplementary_NQ_experiment_38,B,supplementary_NQ_experiment.csv,半合成,fit,NQ_N_0.07_D_600,supplementary_NQ_experiment_NQ_N_0.07_D_600,"[""N_params_B"",""D_tokens_B"",""Q_score"",""val_loss""]","[""val_loss""]",False,True,False,False,0.07,600.0,0.8,2.8695,,,N0.07_D0600_Q0.8,,0.07|600.0|0.8
supplementary_NQ_experiment_39,B,supplementary_NQ_experiment.csv,半合成,fit,NQ_N_0.07_D_600,supplementary_NQ_experiment_NQ_N_0.07_D_600,"[""N_params_B"",""D_tokens_B"",""Q_score"",""val_loss""]","[""val_loss""]",False,True,False,False,0.07,600.0,0.9,2.8303,,,N0.07_D0600_Q0.9,,0.07|600.0|0.9
supplementary_NQ_experiment_40,B,supplementary_NQ_experiment.csv,半合成,fit,NQ_N_0.07_D_600,supplementary_NQ_experiment_NQ_N_0.07_D_600,"[""N_params_B"",""D_tokens_B"",""Q_score"",""val_loss""]","[""val_loss""]",False,True,False,False,0.07,600.0,1.0,2.747,,,N0.07_D0600_Q1.0,,0.07|600.0|1.0
supplementary_NQ_experiment_41,B,supplementary_NQ_experiment.csv,半合成,fit,NQ_N_0.16_D_10,supplementary_NQ_experiment_NQ_N_0.16_D_10,"[""N_params_B"",""D_tokens_B"",""Q_score"",""val_loss""]","[""val_loss""]",False,True,False,False,0.16,10.0,0.1,3.4765,,,N0.16_D0010_Q0.1,,0.16|10.0|0.1
supplementary_NQ_experiment_42,B,supplementary_NQ_experiment.csv,半合成,fit,NQ_N_0.16_D_10,supplementary_NQ_experiment_NQ_N_0.16_D_10,"[""N_params_B"",""D_tokens_B"",""Q_score"",""val_loss""]","[""val_loss""]",False,True,False,False,0.16,10.0,0.2,3.4324,,,N0.16_D0010_Q0.2,,0.16|10.0|0.2
supplementary_NQ_experiment_43,B,supplementary_NQ_experiment.csv,半合成,fit,NQ_N_0.16_D_10,supplementary_NQ_experiment_NQ_N_0.16_D_10,"[""N_params_B"",""D_tokens_B"",""Q_score"",""val_loss""]","[""val_loss""]",False,True,False,False,0.16,10.0,0.3,3.46,,,N0.16_D0010_Q0.3,,0.16|10.0|0.3
supplementary_NQ_experiment_44,B,supplementary_NQ_experiment.csv,半合成,fit,NQ_N_0.16_D_10,supplementary_NQ_experiment_NQ_N_0.16_D_10,"[""N_params_B"",""D_tokens_B"",""Q_score"",""val_loss""]","[""val_loss""]",False,True,False,False,0.16,10.0,0.4,3.2484,,,N0.16_D0010_Q0.4,,0.16|10.0|0.4
supplementary_NQ_experiment_45,B,supplementary_NQ_experiment.csv,半合成,fit,NQ_N_0.16_D_10,supplementary_NQ_experiment_NQ_N_0.16_D_10,"[""N_params_B"",""D_tokens_B"",""Q_score"",""val_loss""]","[""val_loss""]",False,True,False,False,0.16,10.0,0.6,3.269,,,N0.16_D0010_Q0.6,,0.16|10.0|0.6
supplementary_NQ_experiment_46,B,supplementary_NQ_experiment.csv,半合成,fit,NQ_N_0.16_D_10,supplementary_NQ_experiment_NQ_N_0.16_D_10,"[""N_params_B"",""D_tokens_B"",""Q_score"",""val_loss""]","[""val_loss""]",False,True,False,False,0.16,10.0,0.8,3.2072,,,N0.16_D0010_Q0.8,,0.16|10.0|0.8
supplementary_NQ_experiment_47,B,supplementary_NQ_experiment.csv,半合成,fit,NQ_N_0.16_D_10,supplementary_NQ_experiment_NQ_N_0.16_D_10,"[""N_params_B"",""D_tokens_B"",""Q_score"",""val_loss""]","[""val_loss""]",False,True,False,False,0.16,10.0,0.9,3.0024,,,N0.16_D0010_Q0.9,,0.16|10.0|0.9
supplementary_NQ_experiment_48,B,supplementary_NQ_experiment.csv,半合成,fit,NQ_N_0.16_D_10,supplementary_NQ_experiment_NQ_N_0.16_D_10,"[""N_params_B"",""D_tokens_B"",""Q_score"",""val_loss""]","[""val_loss""]",False,True,False,False,0.16,10.0,1.0,3.0121,,,N0.16_D0010_Q1.0,,0.16|10.0|1.0
supplementary_NQ_experiment_49,B,supplementary_NQ_experiment.csv,半合成,fit,NQ_N_0.16_D_50,supplementary_NQ_experiment_NQ_N_0.16_D_50,"[""N_params_B"",""D_tokens_B"",""Q_score"",""val_loss""]","[""val_loss""]",False,True,False,False,0.16,50.0,0.1,3.2175,,,N0.16_D0050_Q0.1,,0.16|50.0|0.1
supplementary_NQ_experiment_50,B,supplementary_NQ_experiment.csv,半合成,fit,NQ_N_0.16_D_50,supplementary_NQ_experiment_NQ_N_0.16_D_50,"[""N_params_B"",""D_tokens_B"",""Q_score"",""val_loss""]","[""val_loss""]",False,True,False,False,0.16,50.0,0.2,3.1458,,,N0.16_D0050_Q0.2,,0.16|50.0|0.2
supplementary_NQ_experiment_51,B,supplementary_NQ_experiment.csv,半合成,fit,NQ_N_0.16_D_50,supplementary_NQ_experiment_NQ_N_0.16_D_50,"[""N_params_B"",""D_tokens_B"",""Q_score"",""val_loss""]","[""val_loss""]",False,True,False,False,0.16,50.0,0.3,3.0796,,,N0.16_D0050_Q0.3,,0.16|50.0|0.3
supplementary_NQ_experiment_52,B,supplementary_NQ_experiment.csv,半合成,fit,NQ_N_0.16_D_50,supplementary_NQ_experiment_NQ_N_0.16_D_50,"[""N_params_B"",""D_tokens_B"",""Q_score"",""val_loss""]","[""val_loss""]",False,True,False,False,0.16,50.0,0.4,3.002,,,N0.16_D0050_Q0.4,,0.16|50.0|0.4
supplementary_NQ_experiment_53,B,supplementary_NQ_experiment.csv,半合成,fit,NQ_N_0.16_D_50,supplementary_NQ_experiment_NQ_N_0.16_D_50,"[""N_params_B"",""D_tokens_B"",""Q_score"",""val_loss""]","[""val_loss""]",False,True,False,False,0.16,50.0,0.6,2.8375,,,N0.16_D0050_Q0.6,,0.16|50.0|0.6
supplementary_NQ_experiment_54,B,supplementary_NQ_experiment.csv,半合成,fit,NQ_N_0.16_D_50,supplementary_NQ_experiment_NQ_N_0.16_D_50,"[""N_params_B"",""D_tokens_B"",""Q_score"",""val_loss""]","[""val_loss""]",False,True,False,False,0.16,50.0,0.8,2.894,,,N0.16_D0050_Q0.8,,0.16|50.0|0.8
supplementary_NQ_experiment_55,B,supplementary_NQ_experiment.csv,半合成,fit,NQ_N_0.16_D_50,supplementary_NQ_experiment_NQ_N_0.16_D_50,"[""N_params_B"",""D_tokens_B"",""Q_score"",""val_loss""]","[""val_loss""]",False,True,False,False,0.16,50.0,0.9,2.6326,,,N0.16_D0050_Q0.9,,0.16|50.0|0.9
supplementary_NQ_experiment_56,B,supplementary_NQ_experiment.csv,半合成,fit,NQ_N_0.16_D_50,supplementary_NQ_experiment_NQ_N_0.16_D_50,"[""N_params_B"",""D_tokens_B"",""Q_score"",""val_loss""]","[""val_loss""]",False,True,False,False,0.16,50.0,1.0,2.793,,,N0.16_D0050_Q1.0,,0.16|50.0|1.0
supplementary_NQ_experiment_57,B,supplementary_NQ_experiment.csv,半合成,fit,NQ_N_0.16_D_150,supplementary_NQ_experiment_NQ_N_0.16_D_150,"[""N_params_B"",""D_tokens_B"",""Q_score"",""val_loss""]","[""val_loss""]",False,True,False,False,0.16,150.0,0.1,3.1249,,,N0.16_D0150_Q0.1,,0.16|150.0|0.1
supplementary_NQ_experiment_58,B,supplementary_NQ_experiment.csv,半合成,fit,NQ_N_0.16_D_150,supplementary_NQ_experiment_NQ_N_0.16_D_150,"[""N_params_B"",""D_tokens_B"",""Q_score"",""val_loss""]","[""val_loss""]",False,True,False,False,0.16,150.0,0.2,2.9746,,,N0.16_D0150_Q0.2,,0.16|150.0|0.2
supplementary_NQ_experiment_59,B,supplementary_NQ_experiment.csv,半合成,fit,NQ_N_0.16_D_150,supplementary_NQ_experiment_NQ_N_0.16_D_150,"[""N_params_B"",""D_tokens_B"",""Q_score"",""val_loss""]","[""val_loss""]",False,True,False,False,0.16,150.0,0.3,3.0125,,,N0.16_D0150_Q0.3,,0.16|150.0|0.3
supplementary_NQ_experiment_60,B,supplementary_NQ_experiment.csv,半合成,fit,NQ_N_0.16_D_150,supplementary_NQ_experiment_NQ_N_0.16_D_150,"[""N_params_B"",""D_tokens_B"",""Q_score"",""val_loss""]","[""val_loss""]",False,True,False,False,0.16,150.0,0.4,2.9738,,,N0.16_D0150_Q0.4,,0.16|150.0|0.4
supplementary_NQ_experiment_61,B,supplementary_NQ_experiment.csv,半合成,fit,NQ_N_0.16_D_150,supplementary_NQ_experiment_NQ_N_0.16_D_150,"[""N_params_B"",""D_tokens_B"",""Q_score"",""val_loss""]","[""val_loss""]",False,True,False,False,0.16,150.0,0.6,2.8802,,,N0.16_D0150_Q0.6,,0.16|150.0|0.6
supplementary_NQ_experiment_62,B,supplementary_NQ_experiment.csv,半合成,fit,NQ_N_0.16_D_150,supplementary_NQ_experiment_NQ_N_0.16_D_150,"[""N_params_B"",""D_tokens_B"",""Q_score"",""val_loss""]","[""val_loss""]",False,True,False,False,0.16,150.0,0.8,2.725,,,N0.16_D0150_Q0.8,,0.16|150.0|0.8
supplementary_NQ_experiment_63,B,supplementary_NQ_experiment.csv,半合成,fit,NQ_N_0.16_D_150,supplementary_NQ_experiment_NQ_N_0.16_D_150,"[""N_params_B"",""D_tokens_B"",""Q_score"",""val_loss""]","[""val_loss""]",False,True,False,False,0.16,150.0,0.9,2.7204,,,N0.16_D0150_Q0.9,,0.16|150.0|0.9
supplementary_NQ_experiment_64,B,supplementary_NQ_experiment.csv,半合成,fit,NQ_N_0.16_D_150,supplementary_NQ_experiment_NQ_N_0.16_D_150,"[""N_params_B"",""D_tokens_B"",""Q_score"",""val_loss""]","[""val_loss""]",False,True,False,False,0.16,150.0,1.0,2.6657,,,N0.16_D0150_Q1.0,,0.16|150.0|1.0
supplementary_NQ_experiment_65,B,supplementary_NQ_experiment.csv,半合成,fit,NQ_N_0.16_D_300,supplementary_NQ_experiment_NQ_N_0.16_D_300,"[""N_params_B"",""D_tokens_B"",""Q_score"",""val_loss""]","[""val_loss""]",False,True,False,False,0.16,300.0,0.1,2.9719,,,N0.16_D0300_Q0.1,,0.16|300.0|0.1
supplementary_NQ_experiment_66,B,supplementary_NQ_experiment.csv,半合成,fit,NQ_N_0.16_D_300,supplementary_NQ_experiment_NQ_N_0.16_D_300,"[""N_params_B"",""D_tokens_B"",""Q_score"",""val_loss""]","[""val_loss""]",False,True,False,False,0.16,300.0,0.2,2.9407,,,N0.16_D0300_Q0.2,,0.16|300.0|0.2
supplementary_NQ_experiment_67,B,supplementary_NQ_experiment.csv,半合成,fit,NQ_N_0.16_D_300,supplementary_NQ_experiment_NQ_N_0.16_D_300,"[""N_params_B"",""D_tokens_B"",""Q_score"",""val_loss""]","[""val_loss""]",False,True,False,False,0.16,300.0,0.3,2.956,,,N0.16_D0300_Q0.3,,0.16|300.0|0.3
supplementary_NQ_experiment_68,B,supplementary_NQ_experiment.csv,半合成,fit,NQ_N_0.16_D_300,supplementary_NQ_experiment_NQ_N_0.16_D_300,"[""N_params_B"",""D_tokens_B"",""Q_score"",""val_loss""]","[""val_loss""]",False,True,False,False,0.16,300.0,0.4,2.8482,,,N0.16_D0300_Q0.4,,0.16|300.0|0.4
supplementary_NQ_experiment_69,B,supplementary_NQ_experiment.csv,半合成,fit,NQ_N_0.16_D_300,supplementary_NQ_experiment_NQ_N_0.16_D_300,"[""N_params_B"",""D_tokens_B"",""Q_score"",""val_loss""]","[""val_loss""]",False,True,False,False,0.16,300.0,0.6,2.8081,,,N0.16_D0300_Q0.6,,0.16|300.0|0.6
supplementary_NQ_experiment_70,B,supplementary_NQ_experiment.csv,半合成,fit,NQ_N_0.16_D_300,supplementary_NQ_experiment_NQ_N_0.16_D_300,"[""N_params_B"",""D_tokens_B"",""Q_score"",""val_loss""]","[""val_loss""]",False,True,False,False,0.16,300.0,0.8,2.6978,,,N0.16_D0300_Q0.8,,0.16|300.0|0.8
supplementary_NQ_experiment_71,B,supplementary_NQ_experiment.csv,半合成,fit,NQ_N_0.16_D_300,supplementary_NQ_experiment_NQ_N_0.16_D_300,"[""N_params_B"",""D_tokens_B"",""Q_score"",""val_loss""]","[""val_loss""]",False,True,False,False,0.16,300.0,0.9,2.6348,,,N0.16_D0300_Q0.9,,0.16|300.0|0.9
supplementary_NQ_experiment_72,B,supplementary_NQ_experiment.csv,半合成,fit,NQ_N_0.16_D_300,supplementary_NQ_experiment_NQ_N_0.16_D_300,"[""N_params_B"",""D_tokens_B"",""Q_score"",""val_loss""]","[""val_loss""]",False,True,False,False,0.16,300.0,1.0,2.6071,,,N0.16_D0300_Q1.0,,0.16|300.0|1.0
supplementary_NQ_experiment_73,B,supplementary_NQ_experiment.csv,半合成,fit,NQ_N_0.16_D_600,supplementary_NQ_experiment_NQ_N_0.16_D_600,"[""N_params_B"",""D_tokens_B"",""Q_score"",""val_loss""]","[""val_loss""]",False,True,False,False,0.16,600.0,0.1,2.98,,,N0.16_D0600_Q0.1,,0.16|600.0|0.1
supplementary_NQ_experiment_74,B,supplementary_NQ_experiment.csv,半合成,fit,NQ_N_0.16_D_600,supplementary_NQ_experiment_NQ_N_0.16_D_600,"[""N_params_B"",""D_tokens_B"",""Q_score"",""val_loss""]","[""val_loss""]",False,True,False,False,0.16,600.0,0.2,2.9212,,,N0.16_D0600_Q0.2,,0.16|600.0|0.2
supplementary_NQ_experiment_75,B,supplementary_NQ_experiment.csv,半合成,fit,NQ_N_0.16_D_600,supplementary_NQ_experiment_NQ_N_0.16_D_600,"[""N_params_B"",""D_tokens_B"",""Q_score"",""val_loss""]","[""val_loss""]",False,True,False,False,0.16,600.0,0.3,2.8818,,,N0.16_D0600_Q0.3,,0.16|600.0|0.3
supplementary_NQ_experiment_76,B,supplementary_NQ_experiment.csv,半合成,fit,NQ_N_0.16_D_600,supplementary_NQ_experiment_NQ_N_0.16_D_600,"[""N_params_B"",""D_tokens_B"",""Q_score"",""val_loss""]","[""val_loss""]",False,True,False,False,0.16,600.0,0.4,2.8627,,,N0.16_D0600_Q0.4,,0.16|600.0|0.4
supplementary_NQ_experiment_77,B,supplementary_NQ_experiment.csv,半合成,fit,NQ_N_0.16_D_600,supplementary_NQ_experiment_NQ_N_0.16_D_600,"[""N_params_B"",""D_tokens_B"",""Q_score"",""val_loss""]","[""val_loss""]",False,True,False,False,0.16,600.0,0.6,2.7288,,,N0.16_D0600_Q0.6,,0.16|600.0|0.6
supplementary_NQ_experiment_78,B,supplementary_NQ_experiment.csv,半合成,fit,NQ_N_0.16_D_600,supplementary_NQ_experiment_NQ_N_0.16_D_600,"[""N_params_B"",""D_tokens_B"",""Q_score"",""val_loss""]","[""val_loss""]",False,True,False,False,0.16,600.0,0.8,2.658,,,N0.16_D0600_Q0.8,,0.16|600.0|0.8
supplementary_NQ_experiment_79,B,supplementary_NQ_experiment.csv,半合成,fit,NQ_N_0.16_D_600,supplementary_NQ_experiment_NQ_N_0.16_D_600,"[""N_params_B"",""D_tokens_B"",""Q_score"",""val_loss""]","[""val_loss""]",False,True,False,False,0.16,600.0,0.9,2.5923,,,N0.16_D0600_Q0.9,,0.16|600.0|0.9
supplementary_NQ_experiment_80,B,supplementary_NQ_experiment.csv,半合成,fit,NQ_N_0.16_D_600,supplementary_NQ_experiment_NQ_N_0.16_D_600,"[""N_params_B"",""D_tokens_B"",""Q_score"",""val_loss""]","[""val_loss""]",False,True,False,False,0.16,600.0,1.0,2.5781,,,N0.16_D0600_Q1.0,,0.16|600.0|1.0
supplementary_NQ_experiment_81,B,supplementary_NQ_experiment.csv,半合成,fit,NQ_N_0.41_D_10,supplementary_NQ_experiment_NQ_N_0.41_D_10,"[""N_params_B"",""D_tokens_B"",""Q_score"",""val_loss""]","[""val_loss""]",False,True,False,False,0.41,10.0,0.1,3.228,,,N0.41_D0010_Q0.1,,0.41|10.0|0.1
supplementary_NQ_experiment_82,B,supplementary_NQ_experiment.csv,半合成,fit,NQ_N_0.41_D_10,supplementary_NQ_experiment_NQ_N_0.41_D_10,"[""N_params_B"",""D_tokens_B"",""Q_score"",""val_loss""]","[""val_loss""]",False,True,False,False,0.41,10.0,0.2,3.2291,,,N0.41_D0010_Q0.2,,0.41|10.0|0.2
supplementary_NQ_experiment_83,B,supplementary_NQ_experiment.csv,半合成,fit,NQ_N_0.41_D_10,supplementary_NQ_experiment_NQ_N_0.41_D_10,"[""N_params_B"",""D_tokens_B"",""Q_score"",""val_loss""]","[""val_loss""]",False,True,False,False,0.41,10.0,0.3,3.2054,,,N0.41_D0010_Q0.3,,0.41|10.0|0.3
supplementary_NQ_experiment_84,B,supplementary_NQ_experiment.csv,半合成,fit,NQ_N_0.41_D_10,supplementary_NQ_experiment_NQ_N_0.41_D_10,"[""N_params_B"",""D_tokens_B"",""Q_score"",""val_loss""]","[""val_loss""]",False,True,False,False,0.41,10.0,0.4,3.0181,,,N0.41_D0010_Q0.4,,0.41|10.0|0.4
supplementary_NQ_experiment_85,B,supplementary_NQ_experiment.csv,半合成,fit,NQ_N_0.41_D_10,supplementary_NQ_experiment_NQ_N_0.41_D_10,"[""N_params_B"",""D_tokens_B"",""Q_score"",""val_loss""]","[""val_loss""]",False,True,False,False,0.41,10.0,0.6,3.0836,,,N0.41_D0010_Q0.6,,0.41|10.0|0.6
supplementary_NQ_experiment_86,B,supplementary_NQ_experiment.csv,半合成,fit,NQ_N_0.41_D_10,supplementary_NQ_experiment_NQ_N_0.41_D_10,"[""N_params_B"",""D_tokens_B"",""Q_score"",""val_loss""]","[""val_loss""]",False,True,False,False,0.41,10.0,0.8,2.9795,,,N0.41_D0010_Q0.8,,0.41|10.0|0.8
supplementary_NQ_experiment_87,B,supplementary_NQ_experiment.csv,半合成,fit,NQ_N_0.41_D_10,supplementary_NQ_experiment_NQ_N_0.41_D_10,"[""N_params_B"",""D_tokens_B"",""Q_score"",""val_loss""]","[""val_loss""]",False,True,False,False,0.41,10.0,0.9,2.8227,,,N0.41_D0010_Q0.9,,0.41|10.0|0.9
supplementary_NQ_experiment_88,B,supplementary_NQ_experiment.csv,半合成,fit,NQ_N_0.41_D_10,supplementary_NQ_experiment_NQ_N_0.41_D_10,"[""N_params_B"",""D_tokens_B"",""Q_score"",""val_loss""]","[""val_loss""]",False,True,False,False,0.41,10.0,1.0,2.9558,,,N0.41_D0010_Q1.0,,0.41|10.0|1.0
supplementary_NQ_experiment_89,B,supplementary_NQ_experiment.csv,半合成,fit,NQ_N_0.41_D_50,supplementary_NQ_experiment_NQ_N_0.41_D_50,"[""N_params_B"",""D_tokens_B"",""Q_score"",""val_loss""]","[""val_loss""]",False,True,False,False,0.41,50.0,0.1,2.976,,,N0.41_D0050_Q0.1,,0.41|50.0|0.1
supplementary_NQ_experiment_90,B,supplementary_NQ_experiment.csv,半合成,fit,NQ_N_0.41_D_50,supplementary_NQ_experiment_NQ_N_0.41_D_50,"[""N_params_B"",""D_tokens_B"",""Q_score"",""val_loss""]","[""val_loss""]",False,True,False,False,0.41,50.0,0.2,2.9489,,,N0.41_D0050_Q0.2,,0.41|50.0|0.2
supplementary_NQ_experiment_91,B,supplementary_NQ_experiment.csv,半合成,fit,NQ_N_0.41_D_50,supplementary_NQ_experiment_NQ_N_0.41_D_50,"[""N_params_B"",""D_tokens_B"",""Q_score"",""val_loss""]","[""val_loss""]",False,True,False,False,0.41,50.0,0.3,2.9676,,,N0.41_D0050_Q0.3,,0.41|50.0|0.3
supplementary_NQ_experiment_92,B,supplementary_NQ_experiment.csv,半合成,fit,NQ_N_0.41_D_50,supplementary_NQ_experiment_NQ_N_0.41_D_50,"[""N_params_B"",""D_tokens_B"",""Q_score"",""val_loss""]","[""val_loss""]",False,True,False,False,0.41,50.0,0.4,2.8049,,,N0.41_D0050_Q0.4,,0.41|50.0|0.4
supplementary_NQ_experiment_93,B,supplementary_NQ_experiment.csv,半合成,fit,NQ_N_0.41_D_50,supplementary_NQ_experiment_NQ_N_0.41_D_50,"[""N_params_B"",""D_tokens_B"",""Q_score"",""val_loss""]","[""val_loss""]",False,True,False,False,0.41,50.0,0.6,2.6958,,,N0.41_D0050_Q0.6,,0.41|50.0|0.6
supplementary_NQ_experiment_94,B,supplementary_NQ_experiment.csv,半合成,fit,NQ_N_0.41_D_50,supplementary_NQ_experiment_NQ_N_0.41_D_50,"[""N_params_B"",""D_tokens_B"",""Q_score"",""val_loss""]","[""val_loss""]",False,True,False,False,0.41,50.0,0.8,2.6518,,,N0.41_D0050_Q0.8,,0.41|50.0|0.8
supplementary_NQ_experiment_95,B,supplementary_NQ_experiment.csv,半合成,fit,NQ_N_0.41_D_50,supplementary_NQ_experiment_NQ_N_0.41_D_50,"[""N_params_B"",""D_tokens_B"",""Q_score"",""val_loss""]","[""val_loss""]",False,True,False,False,0.41,50.0,0.9,2.6355,,,N0.41_D0050_Q0.9,,0.41|50.0|0.9
supplementary_NQ_experiment_96,B,supplementary_NQ_experiment.csv,半合成,fit,NQ_N_0.41_D_50,supplementary_NQ_experiment_NQ_N_0.41_D_50,"[""N_params_B"",""D_tokens_B"",""Q_score"",""val_loss""]","[""val_loss""]",False,True,False,False,0.41,50.0,1.0,2.6047,,,N0.41_D0050_Q1.0,,0.41|50.0|1.0
supplementary_NQ_experiment_97,B,supplementary_NQ_experiment.csv,半合成,fit,NQ_N_0.41_D_150,supplementary_NQ_experiment_NQ_N_0.41_D_150,"[""N_params_B"",""D_tokens_B"",""Q_score"",""val_loss""]","[""val_loss""]",False,True,False,False,0.41,150.0,0.1,2.8727,,,N0.41_D0150_Q0.1,,0.41|150.0|0.1
supplementary_NQ_experiment_98,B,supplementary_NQ_experiment.csv,半合成,fit,NQ_N_0.41_D_150,supplementary_NQ_experiment_NQ_N_0.41_D_150,"[""N_params_B"",""D_tokens_B"",""Q_score"",""val_loss""]","[""val_loss""]",False,True,False,False,0.41,150.0,0.2,2.8815,,,N0.41_D0150_Q0.2,,0.41|150.0|0.2
supplementary_NQ_experiment_99,B,supplementary_NQ_experiment.csv,半合成,fit,NQ_N_0.41_D_150,supplementary_NQ_experiment_NQ_N_0.41_D_150,"[""N_params_B"",""D_tokens_B"",""Q_score"",""val_loss""]","[""val_loss""]",False,True,False,False,0.41,150.0,0.3,2.7186,,,N0.41_D0150_Q0.3,,0.41|150.0|0.3
supplementary_NQ_experiment_100,B,supplementary_NQ_experiment.csv,半合成,fit,NQ_N_0.41_D_150,supplementary_NQ_experiment_NQ_N_0.41_D_150,"[""N_params_B"",""D_tokens_B"",""Q_score"",""val_loss""]","[""val_loss""]",False,True,False,False,0.41,150.0,0.4,2.6566,,,N0.41_D0150_Q0.4,,0.41|150.0|0.4
supplementary_NQ_experiment_101,B,supplementary_NQ_experiment.csv,半合成,fit,NQ_N_0.41_D_150,supplementary_NQ_experiment_NQ_N_0.41_D_150,"[""N_params_B"",""D_tokens_B"",""Q_score"",""val_loss""]","[""val_loss""]",False,True,False,False,0.41,150.0,0.6,2.6516,,,N0.41_D0150_Q0.6,,0.41|150.0|0.6
supplementary_NQ_experiment_102,B,supplementary_NQ_experiment.csv,半合成,fit,NQ_N_0.41_D_150,supplementary_NQ_experiment_NQ_N_0.41_D_150,"[""N_params_B"",""D_tokens_B"",""Q_score"",""val_loss""]","[""val_loss""]",False,True,False,False,0.41,150.0,0.8,2.5539,,,N0.41_D0150_Q0.8,,0.41|150.0|0.8
supplementary_NQ_experiment_103,B,supplementary_NQ_experiment.csv,半合成,fit,NQ_N_0.41_D_150,supplementary_NQ_experiment_NQ_N_0.41_D_150,"[""N_params_B"",""D_tokens_B"",""Q_score"",""val_loss""]","[""val_loss""]",False,True,False,False,0.41,150.0,0.9,2.5112,,,N0.41_D0150_Q0.9,,0.41|150.0|0.9
supplementary_NQ_experiment_104,B,supplementary_NQ_experiment.csv,半合成,fit,NQ_N_0.41_D_150,supplementary_NQ_experiment_NQ_N_0.41_D_150,"[""N_params_B"",""D_tokens_B"",""Q_score"",""val_loss""]","[""val_loss""]",False,True,False,False,0.41,150.0,1.0,2.4068,,,N0.41_D0150_Q1.0,,0.41|150.0|1.0
supplementary_NQ_experiment_105,B,supplementary_NQ_experiment.csv,半合成,fit,NQ_N_0.41_D_300,supplementary_NQ_experiment_NQ_N_0.41_D_300,"[""N_params_B"",""D_tokens_B"",""Q_score"",""val_loss""]","[""val_loss""]",False,True,False,False,0.41,300.0,0.1,2.8085,,,N0.41_D0300_Q0.1,,0.41|300.0|0.1
supplementary_NQ_experiment_106,B,supplementary_NQ_experiment.csv,半合成,fit,NQ_N_0.41_D_300,supplementary_NQ_experiment_NQ_N_0.41_D_300,"[""N_params_B"",""D_tokens_B"",""Q_score"",""val_loss""]","[""val_loss""]",False,True,False,False,0.41,300.0,0.2,2.7682,,,N0.41_D0300_Q0.2,,0.41|300.0|0.2
supplementary_NQ_experiment_107,B,supplementary_NQ_experiment.csv,半合成,fit,NQ_N_0.41_D_300,supplementary_NQ_experiment_NQ_N_0.41_D_300,"[""N_params_B"",""D_tokens_B"",""Q_score"",""val_loss""]","[""val_loss""]",False,True,False,False,0.41,300.0,0.3,2.6832,,,N0.41_D0300_Q0.3,,0.41|300.0|0.3
supplementary_NQ_experiment_108,B,supplementary_NQ_experiment.csv,半合成,fit,NQ_N_0.41_D_300,supplementary_NQ_experiment_NQ_N_0.41_D_300,"[""N_params_B"",""D_tokens_B"",""Q_score"",""val_loss""]","[""val_loss""]",False,True,False,False,0.41,300.0,0.4,2.7891,,,N0.41_D0300_Q0.4,,0.41|300.0|0.4
supplementary_NQ_experiment_109,B,supplementary_NQ_experiment.csv,半合成,fit,NQ_N_0.41_D_300,supplementary_NQ_experiment_NQ_N_0.41_D_300,"[""N_params_B"",""D_tokens_B"",""Q_score"",""val_loss""]","[""val_loss""]",False,True,False,False,0.41,300.0,0.6,2.5211,,,N0.41_D0300_Q0.6,,0.41|300.0|0.6
supplementary_NQ_experiment_110,B,supplementary_NQ_experiment.csv,半合成,fit,NQ_N_0.41_D_300,supplementary_NQ_experiment_NQ_N_0.41_D_300,"[""N_params_B"",""D_tokens_B"",""Q_score"",""val_loss""]","[""val_loss""]",False,True,False,False,0.41,300.0,0.8,2.549,,,N0.41_D0300_Q0.8,,0.41|300.0|0.8
supplementary_NQ_experiment_111,B,supplementary_NQ_experiment.csv,半合成,fit,NQ_N_0.41_D_300,supplementary_NQ_experiment_NQ_N_0.41_D_300,"[""N_params_B"",""D_tokens_B"",""Q_score"",""val_loss""]","[""val_loss""]",False,True,False,False,0.41,300.0,0.9,2.432,,,N0.41_D0300_Q0.9,,0.41|300.0|0.9
supplementary_NQ_experiment_112,B,supplementary_NQ_experiment.csv,半合成,fit,NQ_N_0.41_D_300,supplementary_NQ_experiment_NQ_N_0.41_D_300,"[""N_params_B"",""D_tokens_B"",""Q_score"",""val_loss""]","[""val_loss""]",False,True,False,False,0.41,300.0,1.0,2.3791,,,N0.41_D0300_Q1.0,,0.41|300.0|1.0
supplementary_NQ_experiment_113,B,supplementary_NQ_experiment.csv,半合成,fit,NQ_N_0.41_D_600,supplementary_NQ_experiment_NQ_N_0.41_D_600,"[""N_params_B"",""D_tokens_B"",""Q_score"",""val_loss""]","[""val_loss""]",False,True,False,False,0.41,600.0,0.1,2.6695,,,N0.41_D0600_Q0.1,,0.41|600.0|0.1
supplementary_NQ_experiment_114,B,supplementary_NQ_experiment.csv,半合成,fit,NQ_N_0.41_D_600,supplementary_NQ_experiment_NQ_N_0.41_D_600,"[""N_params_B"",""D_tokens_B"",""Q_score"",""val_loss""]","[""val_loss""]",False,True,False,False,0.41,600.0,0.2,2.7354,,,N0.41_D0600_Q0.2,,0.41|600.0|0.2
supplementary_NQ_experiment_115,B,supplementary_NQ_experiment.csv,半合成,fit,NQ_N_0.41_D_600,supplementary_NQ_experiment_NQ_N_0.41_D_600,"[""N_params_B"",""D_tokens_B"",""Q_score"",""val_loss""]","[""val_loss""]",False,True,False,False,0.41,600.0,0.3,2.6187,,,N0.41_D0600_Q0.3,,0.41|600.0|0.3
supplementary_NQ_experiment_116,B,supplementary_NQ_experiment.csv,半合成,fit,NQ_N_0.41_D_600,supplementary_NQ_experiment_NQ_N_0.41_D_600,"[""N_params_B"",""D_tokens_B"",""Q_score"",""val_loss""]","[""val_loss""]",False,True,False,False,0.41,600.0,0.4,2.5858,,,N0.41_D0600_Q0.4,,0.41|600.0|0.4
supplementary_NQ_experiment_117,B,supplementary_NQ_experiment.csv,半合成,fit,NQ_N_0.41_D_600,supplementary_NQ_experiment_NQ_N_0.41_D_600,"[""N_params_B"",""D_tokens_B"",""Q_score"",""val_loss""]","[""val_loss""]",False,True,False,False,0.41,600.0,0.6,2.5121,,,N0.41_D0600_Q0.6,,0.41|600.0|0.6
supplementary_NQ_experiment_118,B,supplementary_NQ_experiment.csv,半合成,fit,NQ_N_0.41_D_600,supplementary_NQ_experiment_NQ_N_0.41_D_600,"[""N_params_B"",""D_tokens_B"",""Q_score"",""val_loss""]","[""val_loss""]",False,True,False,False,0.41,600.0,0.8,2.4741,,,N0.41_D0600_Q0.8,,0.41|600.0|0.8
supplementary_NQ_experiment_119,B,supplementary_NQ_experiment.csv,半合成,fit,NQ_N_0.41_D_600,supplementary_NQ_experiment_NQ_N_0.41_D_600,"[""N_params_B"",""D_tokens_B"",""Q_score"",""val_loss""]","[""val_loss""]",False,True,False,False,0.41,600.0,0.9,2.471,,,N0.41_D0600_Q0.9,,0.41|600.0|0.9
supplementary_NQ_experiment_120,B,supplementary_NQ_experiment.csv,半合成,fit,NQ_N_0.41_D_600,supplementary_NQ_experiment_NQ_N_0.41_D_600,"[""N_params_B"",""D_tokens_B"",""Q_score"",""val_loss""]","[""val_loss""]",False,True,False,False,0.41,600.0,1.0,2.3932,,,N0.41_D0600_Q1.0,,0.41|600.0|1.0
supplementary_NQ_experiment_121,B,supplementary_NQ_experiment.csv,半合成,fit,NQ_N_0.7_D_10,supplementary_NQ_experiment_NQ_N_0.7_D_10,"[""N_params_B"",""D_tokens_B"",""Q_score"",""val_loss""]","[""val_loss""]",False,True,False,False,0.7,10.0,0.1,3.1919,,,N0.70_D0010_Q0.1,,0.7|10.0|0.1
supplementary_NQ_experiment_122,B,supplementary_NQ_experiment.csv,半合成,fit,NQ_N_0.7_D_10,supplementary_NQ_experiment_NQ_N_0.7_D_10,"[""N_params_B"",""D_tokens_B"",""Q_score"",""val_loss""]","[""val_loss""]",False,True,False,False,0.7,10.0,0.2,3.1552,,,N0.70_D0010_Q0.2,,0.7|10.0|0.2
supplementary_NQ_experiment_123,B,supplementary_NQ_experiment.csv,半合成,fit,NQ_N_0.7_D_10,supplementary_NQ_experiment_NQ_N_0.7_D_10,"[""N_params_B"",""D_tokens_B"",""Q_score"",""val_loss""]","[""val_loss""]",False,True,False,False,0.7,10.0,0.3,3.0155,,,N0.70_D0010_Q0.3,,0.7|10.0|0.3
supplementary_NQ_experiment_124,B,supplementary_NQ_experiment.csv,半合成,fit,NQ_N_0.7_D_10,supplementary_NQ_experiment_NQ_N_0.7_D_10,"[""N_params_B"",""D_tokens_B"",""Q_score"",""val_loss""]","[""val_loss""]",False,True,False,False,0.7,10.0,0.4,3.0148,,,N0.70_D0010_Q0.4,,0.7|10.0|0.4
supplementary_NQ_experiment_125,B,supplementary_NQ_experiment.csv,半合成,fit,NQ_N_0.7_D_10,supplementary_NQ_experiment_NQ_N_0.7_D_10,"[""N_params_B"",""D_tokens_B"",""Q_score"",""val_loss""]","[""val_loss""]",False,True,False,False,0.7,10.0,0.6,2.9615,,,N0.70_D0010_Q0.6,,0.7|10.0|0.6
supplementary_NQ_experiment_126,B,supplementary_NQ_experiment.csv,半合成,fit,NQ_N_0.7_D_10,supplementary_NQ_experiment_NQ_N_0.7_D_10,"[""N_params_B"",""D_tokens_B"",""Q_score"",""val_loss""]","[""val_loss""]",False,True,False,False,0.7,10.0,0.8,2.8692,,,N0.70_D0010_Q0.8,,0.7|10.0|0.8
supplementary_NQ_experiment_127,B,supplementary_NQ_experiment.csv,半合成,fit,NQ_N_0.7_D_10,supplementary_NQ_experiment_NQ_N_0.7_D_10,"[""N_params_B"",""D_tokens_B"",""Q_score"",""val_loss""]","[""val_loss""]",False,True,False,False,0.7,10.0,0.9,2.7928,,,N0.70_D0010_Q0.9,,0.7|10.0|0.9
supplementary_NQ_experiment_128,B,supplementary_NQ_experiment.csv,半合成,fit,NQ_N_0.7_D_10,supplementary_NQ_experiment_NQ_N_0.7_D_10,"[""N_params_B"",""D_tokens_B"",""Q_score"",""val_loss""]","[""val_loss""]",False,True,False,False,0.7,10.0,1.0,2.8304,,,N0.70_D0010_Q1.0,,0.7|10.0|1.0
supplementary_NQ_experiment_129,B,supplementary_NQ_experiment.csv,半合成,fit,NQ_N_0.7_D_50,supplementary_NQ_experiment_NQ_N_0.7_D_50,"[""N_params_B"",""D_tokens_B"",""Q_score"",""val_loss""]","[""val_loss""]",False,True,False,False,0.7,50.0,0.1,2.8444,,,N0.70_D0050_Q0.1,,0.7|50.0|0.1
supplementary_NQ_experiment_130,B,supplementary_NQ_experiment.csv,半合成,fit,NQ_N_0.7_D_50,supplementary_NQ_experiment_NQ_N_0.7_D_50,"[""N_params_B"",""D_tokens_B"",""Q_score"",""val_loss""]","[""val_loss""]",False,True,False,False,0.7,50.0,0.2,2.8069,,,N0.70_D0050_Q0.2,,0.7|50.0|0.2
supplementary_NQ_experiment_131,B,supplementary_NQ_experiment.csv,半合成,fit,NQ_N_0.7_D_50,supplementary_NQ_experiment_NQ_N_0.7_D_50,"[""N_params_B"",""D_tokens_B"",""Q_score"",""val_loss""]","[""val_loss""]",False,True,False,False,0.7,50.0,0.3,2.7973,,,N0.70_D0050_Q0.3,,0.7|50.0|0.3
supplementary_NQ_experiment_132,B,supplementary_NQ_experiment.csv,半合成,fit,NQ_N_0.7_D_50,supplementary_NQ_experiment_NQ_N_0.7_D_50,"[""N_params_B"",""D_tokens_B"",""Q_score"",""val_loss""]","[""val_loss""]",False,True,False,False,0.7,50.0,0.4,2.7324,,,N0.70_D0050_Q0.4,,0.7|50.0|0.4
supplementary_NQ_experiment_133,B,supplementary_NQ_experiment.csv,半合成,fit,NQ_N_0.7_D_50,supplementary_NQ_experiment_NQ_N_0.7_D_50,"[""N_params_B"",""D_tokens_B"",""Q_score"",""val_loss""]","[""val_loss""]",False,True,False,False,0.7,50.0,0.6,2.6134,,,N0.70_D0050_Q0.6,,0.7|50.0|0.6
supplementary_NQ_experiment_134,B,supplementary_NQ_experiment.csv,半合成,fit,NQ_N_0.7_D_50,supplementary_NQ_experiment_NQ_N_0.7_D_50,"[""N_params_B"",""D_tokens_B"",""Q_score"",""val_loss""]","[""val_loss""]",False,True,False,False,0.7,50.0,0.8,2.6409,,,N0.70_D0050_Q0.8,,0.7|50.0|0.8
supplementary_NQ_experiment_135,B,supplementary_NQ_experiment.csv,半合成,fit,NQ_N_0.7_D_50,supplementary_NQ_experiment_NQ_N_0.7_D_50,"[""N_params_B"",""D_tokens_B"",""Q_score"",""val_loss""]","[""val_loss""]",False,True,False,False,0.7,50.0,0.9,2.5496,,,N0.70_D0050_Q0.9,,0.7|50.0|0.9
supplementary_NQ_experiment_136,B,supplementary_NQ_experiment.csv,半合成,fit,NQ_N_0.7_D_50,supplementary_NQ_experiment_NQ_N_0.7_D_50,"[""N_params_B"",""D_tokens_B"",""Q_score"",""val_loss""]","[""val_loss""]",False,True,False,False,0.7,50.0,1.0,2.5581,,,N0.70_D0050_Q1.0,,0.7|50.0|1.0
supplementary_NQ_experiment_137,B,supplementary_NQ_experiment.csv,半合成,fit,NQ_N_0.7_D_150,supplementary_NQ_experiment_NQ_N_0.7_D_150,"[""N_params_B"",""D_tokens_B"",""Q_score"",""val_loss""]","[""val_loss""]",False,True,False,False,0.7,150.0,0.1,2.7893,,,N0.70_D0150_Q0.1,,0.7|150.0|0.1
supplementary_NQ_experiment_138,B,supplementary_NQ_experiment.csv,半合成,fit,NQ_N_0.7_D_150,supplementary_NQ_experiment_NQ_N_0.7_D_150,"[""N_params_B"",""D_tokens_B"",""Q_score"",""val_loss""]","[""val_loss""]",False,True,False,False,0.7,150.0,0.2,2.6375,,,N0.70_D0150_Q0.2,,0.7|150.0|0.2
supplementary_NQ_experiment_139,B,supplementary_NQ_experiment.csv,半合成,fit,NQ_N_0.7_D_150,supplementary_NQ_experiment_NQ_N_0.7_D_150,"[""N_params_B"",""D_tokens_B"",""Q_score"",""val_loss""]","[""val_loss""]",False,True,False,False,0.7,150.0,0.3,2.6856,,,N0.70_D0150_Q0.3,,0.7|150.0|0.3
supplementary_NQ_experiment_140,B,supplementary_NQ_experiment.csv,半合成,fit,NQ_N_0.7_D_150,supplementary_NQ_experiment_NQ_N_0.7_D_150,"[""N_params_B"",""D_tokens_B"",""Q_score"",""val_loss""]","[""val_loss""]",False,True,False,False,0.7,150.0,0.4,2.5991,,,N0.70_D0150_Q0.4,,0.7|150.0|0.4
supplementary_NQ_experiment_141,B,supplementary_NQ_experiment.csv,半合成,fit,NQ_N_0.7_D_150,supplementary_NQ_experiment_NQ_N_0.7_D_150,"[""N_params_B"",""D_tokens_B"",""Q_score"",""val_loss""]","[""val_loss""]",False,True,False,False,0.7,150.0,0.6,2.5608,,,N0.70_D0150_Q0.6,,0.7|150.0|0.6
supplementary_NQ_experiment_142,B,supplementary_NQ_experiment.csv,半合成,fit,NQ_N_0.7_D_150,supplementary_NQ_experiment_NQ_N_0.7_D_150,"[""N_params_B"",""D_tokens_B"",""Q_score"",""val_loss""]","[""val_loss""]",False,True,False,False,0.7,150.0,0.8,2.5043,,,N0.70_D0150_Q0.8,,0.7|150.0|0.8
supplementary_NQ_experiment_143,B,supplementary_NQ_experiment.csv,半合成,fit,NQ_N_0.7_D_150,supplementary_NQ_experiment_NQ_N_0.7_D_150,"[""N_params_B"",""D_tokens_B"",""Q_score"",""val_loss""]","[""val_loss""]",False,True,False,False,0.7,150.0,0.9,2.4035,,,N0.70_D0150_Q0.9,,0.7|150.0|0.9
supplementary_NQ_experiment_144,B,supplementary_NQ_experiment.csv,半合成,fit,NQ_N_0.7_D_150,supplementary_NQ_experiment_NQ_N_0.7_D_150,"[""N_params_B"",""D_tokens_B"",""Q_score"",""val_loss""]","[""val_loss""]",False,True,False,False,0.7,150.0,1.0,2.3542,,,N0.70_D0150_Q1.0,,0.7|150.0|1.0
supplementary_NQ_experiment_145,B,supplementary_NQ_experiment.csv,半合成,fit,NQ_N_0.7_D_300,supplementary_NQ_experiment_NQ_N_0.7_D_300,"[""N_params_B"",""D_tokens_B"",""Q_score"",""val_loss""]","[""val_loss""]",False,True,False,False,0.7,300.0,0.1,2.6722,,,N0.70_D0300_Q0.1,,0.7|300.0|0.1
supplementary_NQ_experiment_146,B,supplementary_NQ_experiment.csv,半合成,fit,NQ_N_0.7_D_300,supplementary_NQ_experiment_NQ_N_0.7_D_300,"[""N_params_B"",""D_tokens_B"",""Q_score"",""val_loss""]","[""val_loss""]",False,True,False,False,0.7,300.0,0.2,2.6214,,,N0.70_D0300_Q0.2,,0.7|300.0|0.2
supplementary_NQ_experiment_147,B,supplementary_NQ_experiment.csv,半合成,fit,NQ_N_0.7_D_300,supplementary_NQ_experiment_NQ_N_0.7_D_300,"[""N_params_B"",""D_tokens_B"",""Q_score"",""val_loss""]","[""val_loss""]",False,True,False,False,0.7,300.0,0.3,2.5759,,,N0.70_D0300_Q0.3,,0.7|300.0|0.3
supplementary_NQ_experiment_148,B,supplementary_NQ_experiment.csv,半合成,fit,NQ_N_0.7_D_300,supplementary_NQ_experiment_NQ_N_0.7_D_300,"[""N_params_B"",""D_tokens_B"",""Q_score"",""val_loss""]","[""val_loss""]",False,True,False,False,0.7,300.0,0.4,2.5792,,,N0.70_D0300_Q0.4,,0.7|300.0|0.4
supplementary_NQ_experiment_149,B,supplementary_NQ_experiment.csv,半合成,fit,NQ_N_0.7_D_300,supplementary_NQ_experiment_NQ_N_0.7_D_300,"[""N_params_B"",""D_tokens_B"",""Q_score"",""val_loss""]","[""val_loss""]",False,True,False,False,0.7,300.0,0.6,2.4842,,,N0.70_D0300_Q0.6,,0.7|300.0|0.6
supplementary_NQ_experiment_150,B,supplementary_NQ_experiment.csv,半合成,fit,NQ_N_0.7_D_300,supplementary_NQ_experiment_NQ_N_0.7_D_300,"[""N_params_B"",""D_tokens_B"",""Q_score"",""val_loss""]","[""val_loss""]",False,True,False,False,0.7,300.0,0.8,2.4416,,,N0.70_D0300_Q0.8,,0.7|300.0|0.8
supplementary_NQ_experiment_151,B,supplementary_NQ_experiment.csv,半合成,fit,NQ_N_0.7_D_300,supplementary_NQ_experiment_NQ_N_0.7_D_300,"[""N_params_B"",""D_tokens_B"",""Q_score"",""val_loss""]","[""val_loss""]",False,True,False,False,0.7,300.0,0.9,2.4128,,,N0.70_D0300_Q0.9,,0.7|300.0|0.9
supplementary_NQ_experiment_152,B,supplementary_NQ_experiment.csv,半合成,fit,NQ_N_0.7_D_300,supplementary_NQ_experiment_NQ_N_0.7_D_300,"[""N_params_B"",""D_tokens_B"",""Q_score"",""val_loss""]","[""val_loss""]",False,True,False,False,0.7,300.0,1.0,2.3149,,,N0.70_D0300_Q1.0,,0.7|300.0|1.0
supplementary_NQ_experiment_153,B,supplementary_NQ_experiment.csv,半合成,fit,NQ_N_0.7_D_600,supplementary_NQ_experiment_NQ_N_0.7_D_600,"[""N_params_B"",""D_tokens_B"",""Q_score"",""val_loss""]","[""val_loss""]",False,True,False,False,0.7,600.0,0.1,2.5974,,,N0.70_D0600_Q0.1,,0.7|600.0|0.1
supplementary_NQ_experiment_154,B,supplementary_NQ_experiment.csv,半合成,fit,NQ_N_0.7_D_600,supplementary_NQ_experiment_NQ_N_0.7_D_600,"[""N_params_B"",""D_tokens_B"",""Q_score"",""val_loss""]","[""val_loss""]",False,True,False,False,0.7,600.0,0.2,2.5998,,,N0.70_D0600_Q0.2,,0.7|600.0|0.2
supplementary_NQ_experiment_155,B,supplementary_NQ_experiment.csv,半合成,fit,NQ_N_0.7_D_600,supplementary_NQ_experiment_NQ_N_0.7_D_600,"[""N_params_B"",""D_tokens_B"",""Q_score"",""val_loss""]","[""val_loss""]",False,True,False,False,0.7,600.0,0.3,2.5611,,,N0.70_D0600_Q0.3,,0.7|600.0|0.3
supplementary_NQ_experiment_156,B,supplementary_NQ_experiment.csv,半合成,fit,NQ_N_0.7_D_600,supplementary_NQ_experiment_NQ_N_0.7_D_600,"[""N_params_B"",""D_tokens_B"",""Q_score"",""val_loss""]","[""val_loss""]",False,True,False,False,0.7,600.0,0.4,2.5225,,,N0.70_D0600_Q0.4,,0.7|600.0|0.4
supplementary_NQ_experiment_157,B,supplementary_NQ_experiment.csv,半合成,fit,NQ_N_0.7_D_600,supplementary_NQ_experiment_NQ_N_0.7_D_600,"[""N_params_B"",""D_tokens_B"",""Q_score"",""val_loss""]","[""val_loss""]",False,True,False,False,0.7,600.0,0.6,2.51,,,N0.70_D0600_Q0.6,,0.7|600.0|0.6
supplementary_NQ_experiment_158,B,supplementary_NQ_experiment.csv,半合成,fit,NQ_N_0.7_D_600,supplementary_NQ_experiment_NQ_N_0.7_D_600,"[""N_params_B"",""D_tokens_B"",""Q_score"",""val_loss""]","[""val_loss""]",False,True,False,False,0.7,600.0,0.8,2.4421,,,N0.70_D0600_Q0.8,,0.7|600.0|0.8
supplementary_NQ_experiment_159,B,supplementary_NQ_experiment.csv,半合成,fit,NQ_N_0.7_D_600,supplementary_NQ_experiment_NQ_N_0.7_D_600,"[""N_params_B"",""D_tokens_B"",""Q_score"",""val_loss""]","[""val_loss""]",False,True,False,False,0.7,600.0,0.9,2.2624,,,N0.70_D0600_Q0.9,,0.7|600.0|0.9
supplementary_NQ_experiment_160,B,supplementary_NQ_experiment.csv,半合成,fit,NQ_N_0.7_D_600,supplementary_NQ_experiment_NQ_N_0.7_D_600,"[""N_params_B"",""D_tokens_B"",""Q_score"",""val_loss""]","[""val_loss""]",False,True,False,False,0.7,600.0,1.0,2.3039,,,N0.70_D0600_Q1.0,,0.7|600.0|1.0
supplementary_NQ_experiment_161,B,supplementary_NQ_experiment.csv,半合成,fit,NQ_N_1_D_10,supplementary_NQ_experiment_NQ_N_1_D_10,"[""N_params_B"",""D_tokens_B"",""Q_score"",""val_loss""]","[""val_loss""]",False,True,False,False,1.0,10.0,0.1,3.0483,,,N1.00_D0010_Q0.1,,1.0|10.0|0.1
supplementary_NQ_experiment_162,B,supplementary_NQ_experiment.csv,半合成,fit,NQ_N_1_D_10,supplementary_NQ_experiment_NQ_N_1_D_10,"[""N_params_B"",""D_tokens_B"",""Q_score"",""val_loss""]","[""val_loss""]",False,True,False,False,1.0,10.0,0.2,2.968,,,N1.00_D0010_Q0.2,,1.0|10.0|0.2
supplementary_NQ_experiment_163,B,supplementary_NQ_experiment.csv,半合成,fit,NQ_N_1_D_10,supplementary_NQ_experiment_NQ_N_1_D_10,"[""N_params_B"",""D_tokens_B"",""Q_score"",""val_loss""]","[""val_loss""]",False,True,False,False,1.0,10.0,0.3,2.8948,,,N1.00_D0010_Q0.3,,1.0|10.0|0.3
supplementary_NQ_experiment_164,B,supplementary_NQ_experiment.csv,半合成,fit,NQ_N_1_D_10,supplementary_NQ_experiment_NQ_N_1_D_10,"[""N_params_B"",""D_tokens_B"",""Q_score"",""val_loss""]","[""val_loss""]",False,True,False,False,1.0,10.0,0.4,2.8223,,,N1.00_D0010_Q0.4,,1.0|10.0|0.4
supplementary_NQ_experiment_165,B,supplementary_NQ_experiment.csv,半合成,fit,NQ_N_1_D_10,supplementary_NQ_experiment_NQ_N_1_D_10,"[""N_params_B"",""D_tokens_B"",""Q_score"",""val_loss""]","[""val_loss""]",False,True,False,False,1.0,10.0,0.6,2.8442,,,N1.00_D0010_Q0.6,,1.0|10.0|0.6
supplementary_NQ_experiment_166,B,supplementary_NQ_experiment.csv,半合成,fit,NQ_N_1_D_10,supplementary_NQ_experiment_NQ_N_1_D_10,"[""N_params_B"",""D_tokens_B"",""Q_score"",""val_loss""]","[""val_loss""]",False,True,False,False,1.0,10.0,0.8,2.7546,,,N1.00_D0010_Q0.8,,1.0|10.0|0.8
supplementary_NQ_experiment_167,B,supplementary_NQ_experiment.csv,半合成,fit,NQ_N_1_D_10,supplementary_NQ_experiment_NQ_N_1_D_10,"[""N_params_B"",""D_tokens_B"",""Q_score"",""val_loss""]","[""val_loss""]",False,True,False,False,1.0,10.0,0.9,2.7505,,,N1.00_D0010_Q0.9,,1.0|10.0|0.9
supplementary_NQ_experiment_168,B,supplementary_NQ_experiment.csv,半合成,fit,NQ_N_1_D_10,supplementary_NQ_experiment_NQ_N_1_D_10,"[""N_params_B"",""D_tokens_B"",""Q_score"",""val_loss""]","[""val_loss""]",False,True,False,False,1.0,10.0,1.0,2.6827,,,N1.00_D0010_Q1.0,,1.0|10.0|1.0
supplementary_NQ_experiment_169,B,supplementary_NQ_experiment.csv,半合成,fit,NQ_N_1_D_50,supplementary_NQ_experiment_NQ_N_1_D_50,"[""N_params_B"",""D_tokens_B"",""Q_score"",""val_loss""]","[""val_loss""]",False,True,False,False,1.0,50.0,0.1,2.8264,,,N1.00_D0050_Q0.1,,1.0|50.0|0.1
supplementary_NQ_experiment_170,B,supplementary_NQ_experiment.csv,半合成,fit,NQ_N_1_D_50,supplementary_NQ_experiment_NQ_N_1_D_50,"[""N_params_B"",""D_tokens_B"",""Q_score"",""val_loss""]","[""val_loss""]",False,True,False,False,1.0,50.0,0.2,2.8076,,,N1.00_D0050_Q0.2,,1.0|50.0|0.2
supplementary_NQ_experiment_171,B,supplementary_NQ_experiment.csv,半合成,fit,NQ_N_1_D_50,supplementary_NQ_experiment_NQ_N_1_D_50,"[""N_params_B"",""D_tokens_B"",""Q_score"",""val_loss""]","[""val_loss""]",False,True,False,False,1.0,50.0,0.3,2.6823,,,N1.00_D0050_Q0.3,,1.0|50.0|0.3
supplementary_NQ_experiment_172,B,supplementary_NQ_experiment.csv,半合成,fit,NQ_N_1_D_50,supplementary_NQ_experiment_NQ_N_1_D_50,"[""N_params_B"",""D_tokens_B"",""Q_score"",""val_loss""]","[""val_loss""]",False,True,False,False,1.0,50.0,0.4,2.6528,,,N1.00_D0050_Q0.4,,1.0|50.0|0.4
supplementary_NQ_experiment_173,B,supplementary_NQ_experiment.csv,半合成,fit,NQ_N_1_D_50,supplementary_NQ_experiment_NQ_N_1_D_50,"[""N_params_B"",""D_tokens_B"",""Q_score"",""val_loss""]","[""val_loss""]",False,True,False,False,1.0,50.0,0.6,2.6707,,,N1.00_D0050_Q0.6,,1.0|50.0|0.6
supplementary_NQ_experiment_174,B,supplementary_NQ_experiment.csv,半合成,fit,NQ_N_1_D_50,supplementary_NQ_experiment_NQ_N_1_D_50,"[""N_params_B"",""D_tokens_B"",""Q_score"",""val_loss""]","[""val_loss""]",False,True,False,False,1.0,50.0,0.8,2.4922,,,N1.00_D0050_Q0.8,,1.0|50.0|0.8
supplementary_NQ_experiment_175,B,supplementary_NQ_experiment.csv,半合成,fit,NQ_N_1_D_50,supplementary_NQ_experiment_NQ_N_1_D_50,"[""N_params_B"",""D_tokens_B"",""Q_score"",""val_loss""]","[""val_loss""]",False,True,False,False,1.0,50.0,0.9,2.5805,,,N1.00_D0050_Q0.9,,1.0|50.0|0.9
supplementary_NQ_experiment_176,B,supplementary_NQ_experiment.csv,半合成,fit,NQ_N_1_D_50,supplementary_NQ_experiment_NQ_N_1_D_50,"[""N_params_B"",""D_tokens_B"",""Q_score"",""val_loss""]","[""val_loss""]",False,True,False,False,1.0,50.0,1.0,2.5615,,,N1.00_D0050_Q1.0,,1.0|50.0|1.0
supplementary_NQ_experiment_177,B,supplementary_NQ_experiment.csv,半合成,fit,NQ_N_1_D_150,supplementary_NQ_experiment_NQ_N_1_D_150,"[""N_params_B"",""D_tokens_B"",""Q_score"",""val_loss""]","[""val_loss""]",False,True,False,False,1.0,150.0,0.1,2.6482,,,N1.00_D0150_Q0.1,,1.0|150.0|0.1
supplementary_NQ_experiment_178,B,supplementary_NQ_experiment.csv,半合成,fit,NQ_N_1_D_150,supplementary_NQ_experiment_NQ_N_1_D_150,"[""N_params_B"",""D_tokens_B"",""Q_score"",""val_loss""]","[""val_loss""]",False,True,False,False,1.0,150.0,0.2,2.6343,,,N1.00_D0150_Q0.2,,1.0|150.0|0.2
supplementary_NQ_experiment_179,B,supplementary_NQ_experiment.csv,半合成,fit,NQ_N_1_D_150,supplementary_NQ_experiment_NQ_N_1_D_150,"[""N_params_B"",""D_tokens_B"",""Q_score"",""val_loss""]","[""val_loss""]",False,True,False,False,1.0,150.0,0.3,2.6133,,,N1.00_D0150_Q0.3,,1.0|150.0|0.3
supplementary_NQ_experiment_180,B,supplementary_NQ_experiment.csv,半合成,fit,NQ_N_1_D_150,supplementary_NQ_experiment_NQ_N_1_D_150,"[""N_params_B"",""D_tokens_B"",""Q_score"",""val_loss""]","[""val_loss""]",False,True,False,False,1.0,150.0,0.4,2.5016,,,N1.00_D0150_Q0.4,,1.0|150.0|0.4
supplementary_NQ_experiment_181,B,supplementary_NQ_experiment.csv,半合成,fit,NQ_N_1_D_150,supplementary_NQ_experiment_NQ_N_1_D_150,"[""N_params_B"",""D_tokens_B"",""Q_score"",""val_loss""]","[""val_loss""]",False,True,False,False,1.0,150.0,0.6,2.5859,,,N1.00_D0150_Q0.6,,1.0|150.0|0.6
supplementary_NQ_experiment_182,B,supplementary_NQ_experiment.csv,半合成,fit,NQ_N_1_D_150,supplementary_NQ_experiment_NQ_N_1_D_150,"[""N_params_B"",""D_tokens_B"",""Q_score"",""val_loss""]","[""val_loss""]",False,True,False,False,1.0,150.0,0.8,2.3211,,,N1.00_D0150_Q0.8,,1.0|150.0|0.8
supplementary_NQ_experiment_183,B,supplementary_NQ_experiment.csv,半合成,fit,NQ_N_1_D_150,supplementary_NQ_experiment_NQ_N_1_D_150,"[""N_params_B"",""D_tokens_B"",""Q_score"",""val_loss""]","[""val_loss""]",False,True,False,False,1.0,150.0,0.9,2.3833,,,N1.00_D0150_Q0.9,,1.0|150.0|0.9
supplementary_NQ_experiment_184,B,supplementary_NQ_experiment.csv,半合成,fit,NQ_N_1_D_150,supplementary_NQ_experiment_NQ_N_1_D_150,"[""N_params_B"",""D_tokens_B"",""Q_score"",""val_loss""]","[""val_loss""]",False,True,False,False,1.0,150.0,1.0,2.334,,,N1.00_D0150_Q1.0,,1.0|150.0|1.0
supplementary_NQ_experiment_185,B,supplementary_NQ_experiment.csv,半合成,fit,NQ_N_1_D_300,supplementary_NQ_experiment_NQ_N_1_D_300,"[""N_params_B"",""D_tokens_B"",""Q_score"",""val_loss""]","[""val_loss""]",False,True,False,False,1.0,300.0,0.1,2.6943,,,N1.00_D0300_Q0.1,,1.0|300.0|0.1
supplementary_NQ_experiment_186,B,supplementary_NQ_experiment.csv,半合成,fit,NQ_N_1_D_300,supplementary_NQ_experiment_NQ_N_1_D_300,"[""N_params_B"",""D_tokens_B"",""Q_score"",""val_loss""]","[""val_loss""]",False,True,False,False,1.0,300.0,0.2,2.5728,,,N1.00_D0300_Q0.2,,1.0|300.0|0.2
supplementary_NQ_experiment_187,B,supplementary_NQ_experiment.csv,半合成,fit,NQ_N_1_D_300,supplementary_NQ_experiment_NQ_N_1_D_300,"[""N_params_B"",""D_tokens_B"",""Q_score"",""val_loss""]","[""val_loss""]",False,True,False,False,1.0,300.0,0.3,2.4688,,,N1.00_D0300_Q0.3,,1.0|300.0|0.3
supplementary_NQ_experiment_188,B,supplementary_NQ_experiment.csv,半合成,fit,NQ_N_1_D_300,supplementary_NQ_experiment_NQ_N_1_D_300,"[""N_params_B"",""D_tokens_B"",""Q_score"",""val_loss""]","[""val_loss""]",False,True,False,False,1.0,300.0,0.4,2.5249,,,N1.00_D0300_Q0.4,,1.0|300.0|0.4
supplementary_NQ_experiment_189,B,supplementary_NQ_experiment.csv,半合成,fit,NQ_N_1_D_300,supplementary_NQ_experiment_NQ_N_1_D_300,"[""N_params_B"",""D_tokens_B"",""Q_score"",""val_loss""]","[""val_loss""]",False,True,False,False,1.0,300.0,0.6,2.4469,,,N1.00_D0300_Q0.6,,1.0|300.0|0.6
supplementary_NQ_experiment_190,B,supplementary_NQ_experiment.csv,半合成,fit,NQ_N_1_D_300,supplementary_NQ_experiment_NQ_N_1_D_300,"[""N_params_B"",""D_tokens_B"",""Q_score"",""val_loss""]","[""val_loss""]",False,True,False,False,1.0,300.0,0.8,2.4239,,,N1.00_D0300_Q0.8,,1.0|300.0|0.8
supplementary_NQ_experiment_191,B,supplementary_NQ_experiment.csv,半合成,fit,NQ_N_1_D_300,supplementary_NQ_experiment_NQ_N_1_D_300,"[""N_params_B"",""D_tokens_B"",""Q_score"",""val_loss""]","[""val_loss""]",False,True,False,False,1.0,300.0,0.9,2.2509,,,N1.00_D0300_Q0.9,,1.0|300.0|0.9
supplementary_NQ_experiment_192,B,supplementary_NQ_experiment.csv,半合成,fit,NQ_N_1_D_300,supplementary_NQ_experiment_NQ_N_1_D_300,"[""N_params_B"",""D_tokens_B"",""Q_score"",""val_loss""]","[""val_loss""]",False,True,False,False,1.0,300.0,1.0,2.342,,,N1.00_D0300_Q1.0,,1.0|300.0|1.0
supplementary_NQ_experiment_193,B,supplementary_NQ_experiment.csv,半合成,fit,NQ_N_1_D_600,supplementary_NQ_experiment_NQ_N_1_D_600,"[""N_params_B"",""D_tokens_B"",""Q_score"",""val_loss""]","[""val_loss""]",False,True,False,False,1.0,600.0,0.1,2.6008,,,N1.00_D0600_Q0.1,,1.0|600.0|0.1
supplementary_NQ_experiment_194,B,supplementary_NQ_experiment.csv,半合成,fit,NQ_N_1_D_600,supplementary_NQ_experiment_NQ_N_1_D_600,"[""N_params_B"",""D_tokens_B"",""Q_score"",""val_loss""]","[""val_loss""]",False,True,False,False,1.0,600.0,0.2,2.4894,,,N1.00_D0600_Q0.2,,1.0|600.0|0.2
supplementary_NQ_experiment_195,B,supplementary_NQ_experiment.csv,半合成,fit,NQ_N_1_D_600,supplementary_NQ_experiment_NQ_N_1_D_600,"[""N_params_B"",""D_tokens_B"",""Q_score"",""val_loss""]","[""val_loss""]",False,True,False,False,1.0,600.0,0.3,2.4439,,,N1.00_D0600_Q0.3,,1.0|600.0|0.3
supplementary_NQ_experiment_196,B,supplementary_NQ_experiment.csv,半合成,fit,NQ_N_1_D_600,supplementary_NQ_experiment_NQ_N_1_D_600,"[""N_params_B"",""D_tokens_B"",""Q_score"",""val_loss""]","[""val_loss""]",False,True,False,False,1.0,600.0,0.4,2.4229,,,N1.00_D0600_Q0.4,,1.0|600.0|0.4
supplementary_NQ_experiment_197,B,supplementary_NQ_experiment.csv,半合成,fit,NQ_N_1_D_600,supplementary_NQ_experiment_NQ_N_1_D_600,"[""N_params_B"",""D_tokens_B"",""Q_score"",""val_loss""]","[""val_loss""]",False,True,False,False,1.0,600.0,0.6,2.4336,,,N1.00_D0600_Q0.6,,1.0|600.0|0.6
supplementary_NQ_experiment_198,B,supplementary_NQ_experiment.csv,半合成,fit,NQ_N_1_D_600,supplementary_NQ_experiment_NQ_N_1_D_600,"[""N_params_B"",""D_tokens_B"",""Q_score"",""val_loss""]","[""val_loss""]",False,True,False,False,1.0,600.0,0.8,2.3549,,,N1.00_D0600_Q0.8,,1.0|600.0|0.8
supplementary_NQ_experiment_199,B,supplementary_NQ_experiment.csv,半合成,fit,NQ_N_1_D_600,supplementary_NQ_experiment_NQ_N_1_D_600,"[""N_params_B"",""D_tokens_B"",""Q_score"",""val_loss""]","[""val_loss""]",False,True,False,False,1.0,600.0,0.9,2.2636,,,N1.00_D0600_Q0.9,,1.0|600.0|0.9
supplementary_NQ_experiment_200,B,supplementary_NQ_experiment.csv,半合成,fit,NQ_N_1_D_600,supplementary_NQ_experiment_NQ_N_1_D_600,"[""N_params_B"",""D_tokens_B"",""Q_score"",""val_loss""]","[""val_loss""]",False,True,False,False,1.0,600.0,1.0,2.2915,,,N1.00_D0600_Q1.0,,1.0|600.0|1.0
supplementary_NQ_experiment_201,B,supplementary_NQ_experiment.csv,半合成,fit,NQ_N_2.8_D_10,supplementary_NQ_experiment_NQ_N_2.8_D_10,"[""N_params_B"",""D_tokens_B"",""Q_score"",""val_loss""]","[""val_loss""]",False,True,False,False,2.8,10.0,0.1,2.9592,,,N2.80_D0010_Q0.1,,2.8|10.0|0.1
supplementary_NQ_experiment_202,B,supplementary_NQ_experiment.csv,半合成,fit,NQ_N_2.8_D_10,supplementary_NQ_experiment_NQ_N_2.8_D_10,"[""N_params_B"",""D_tokens_B"",""Q_score"",""val_loss""]","[""val_loss""]",False,True,False,False,2.8,10.0,0.2,2.8431,,,N2.80_D0010_Q0.2,,2.8|10.0|0.2
supplementary_NQ_experiment_203,B,supplementary_NQ_experiment.csv,半合成,fit,NQ_N_2.8_D_10,supplementary_NQ_experiment_NQ_N_2.8_D_10,"[""N_params_B"",""D_tokens_B"",""Q_score"",""val_loss""]","[""val_loss""]",False,True,False,False,2.8,10.0,0.3,2.8867,,,N2.80_D0010_Q0.3,,2.8|10.0|0.3
supplementary_NQ_experiment_204,B,supplementary_NQ_experiment.csv,半合成,fit,NQ_N_2.8_D_10,supplementary_NQ_experiment_NQ_N_2.8_D_10,"[""N_params_B"",""D_tokens_B"",""Q_score"",""val_loss""]","[""val_loss""]",False,True,False,False,2.8,10.0,0.4,2.771,,,N2.80_D0010_Q0.4,,2.8|10.0|0.4
supplementary_NQ_experiment_205,B,supplementary_NQ_experiment.csv,半合成,fit,NQ_N_2.8_D_10,supplementary_NQ_experiment_NQ_N_2.8_D_10,"[""N_params_B"",""D_tokens_B"",""Q_score"",""val_loss""]","[""val_loss""]",False,True,False,False,2.8,10.0,0.6,2.7064,,,N2.80_D0010_Q0.6,,2.8|10.0|0.6
supplementary_NQ_experiment_206,B,supplementary_NQ_experiment.csv,半合成,fit,NQ_N_2.8_D_10,supplementary_NQ_experiment_NQ_N_2.8_D_10,"[""N_params_B"",""D_tokens_B"",""Q_score"",""val_loss""]","[""val_loss""]",False,True,False,False,2.8,10.0,0.8,2.651,,,N2.80_D0010_Q0.8,,2.8|10.0|0.8
supplementary_NQ_experiment_207,B,supplementary_NQ_experiment.csv,半合成,fit,NQ_N_2.8_D_10,supplementary_NQ_experiment_NQ_N_2.8_D_10,"[""N_params_B"",""D_tokens_B"",""Q_score"",""val_loss""]","[""val_loss""]",False,True,False,False,2.8,10.0,0.9,2.6397,,,N2.80_D0010_Q0.9,,2.8|10.0|0.9
supplementary_NQ_experiment_208,B,supplementary_NQ_experiment.csv,半合成,fit,NQ_N_2.8_D_10,supplementary_NQ_experiment_NQ_N_2.8_D_10,"[""N_params_B"",""D_tokens_B"",""Q_score"",""val_loss""]","[""val_loss""]",False,True,False,False,2.8,10.0,1.0,2.484,,,N2.80_D0010_Q1.0,,2.8|10.0|1.0
supplementary_NQ_experiment_209,B,supplementary_NQ_experiment.csv,半合成,fit,NQ_N_2.8_D_50,supplementary_NQ_experiment_NQ_N_2.8_D_50,"[""N_params_B"",""D_tokens_B"",""Q_score"",""val_loss""]","[""val_loss""]",False,True,False,False,2.8,50.0,0.1,2.5785,,,N2.80_D0050_Q0.1,,2.8|50.0|0.1
supplementary_NQ_experiment_210,B,supplementary_NQ_experiment.csv,半合成,fit,NQ_N_2.8_D_50,supplementary_NQ_experiment_NQ_N_2.8_D_50,"[""N_params_B"",""D_tokens_B"",""Q_score"",""val_loss""]","[""val_loss""]",False,True,False,False,2.8,50.0,0.2,2.4874,,,N2.80_D0050_Q0.2,,2.8|50.0|0.2
supplementary_NQ_experiment_211,B,supplementary_NQ_experiment.csv,半合成,fit,NQ_N_2.8_D_50,supplementary_NQ_experiment_NQ_N_2.8_D_50,"[""N_params_B"",""D_tokens_B"",""Q_score"",""val_loss""]","[""val_loss""]",False,True,False,False,2.8,50.0,0.3,2.5971,,,N2.80_D0050_Q0.3,,2.8|50.0|0.3
supplementary_NQ_experiment_212,B,supplementary_NQ_experiment.csv,半合成,fit,NQ_N_2.8_D_50,supplementary_NQ_experiment_NQ_N_2.8_D_50,"[""N_params_B"",""D_tokens_B"",""Q_score"",""val_loss""]","[""val_loss""]",False,True,False,False,2.8,50.0,0.4,2.5963,,,N2.80_D0050_Q0.4,,2.8|50.0|0.4
supplementary_NQ_experiment_213,B,supplementary_NQ_experiment.csv,半合成,fit,NQ_N_2.8_D_50,supplementary_NQ_experiment_NQ_N_2.8_D_50,"[""N_params_B"",""D_tokens_B"",""Q_score"",""val_loss""]","[""val_loss""]",False,True,False,False,2.8,50.0,0.6,2.5446,,,N2.80_D0050_Q0.6,,2.8|50.0|0.6
supplementary_NQ_experiment_214,B,supplementary_NQ_experiment.csv,半合成,fit,NQ_N_2.8_D_50,supplementary_NQ_experiment_NQ_N_2.8_D_50,"[""N_params_B"",""D_tokens_B"",""Q_score"",""val_loss""]","[""val_loss""]",False,True,False,False,2.8,50.0,0.8,2.3227,,,N2.80_D0050_Q0.8,,2.8|50.0|0.8
supplementary_NQ_experiment_215,B,supplementary_NQ_experiment.csv,半合成,fit,NQ_N_2.8_D_50,supplementary_NQ_experiment_NQ_N_2.8_D_50,"[""N_params_B"",""D_tokens_B"",""Q_score"",""val_loss""]","[""val_loss""]",False,True,False,False,2.8,50.0,0.9,2.3871,,,N2.80_D0050_Q0.9,,2.8|50.0|0.9
supplementary_NQ_experiment_216,B,supplementary_NQ_experiment.csv,半合成,fit,NQ_N_2.8_D_50,supplementary_NQ_experiment_NQ_N_2.8_D_50,"[""N_params_B"",""D_tokens_B"",""Q_score"",""val_loss""]","[""val_loss""]",False,True,False,False,2.8,50.0,1.0,2.2984,,,N2.80_D0050_Q1.0,,2.8|50.0|1.0
supplementary_NQ_experiment_217,B,supplementary_NQ_experiment.csv,半合成,fit,NQ_N_2.8_D_150,supplementary_NQ_experiment_NQ_N_2.8_D_150,"[""N_params_B"",""D_tokens_B"",""Q_score"",""val_loss""]","[""val_loss""]",False,True,False,False,2.8,150.0,0.1,2.4446,,,N2.80_D0150_Q0.1,,2.8|150.0|0.1
supplementary_NQ_experiment_218,B,supplementary_NQ_experiment.csv,半合成,fit,NQ_N_2.8_D_150,supplementary_NQ_experiment_NQ_N_2.8_D_150,"[""N_params_B"",""D_tokens_B"",""Q_score"",""val_loss""]","[""val_loss""]",False,True,False,False,2.8,150.0,0.2,2.4506,,,N2.80_D0150_Q0.2,,2.8|150.0|0.2
supplementary_NQ_experiment_219,B,supplementary_NQ_experiment.csv,半合成,fit,NQ_N_2.8_D_150,supplementary_NQ_experiment_NQ_N_2.8_D_150,"[""N_params_B"",""D_tokens_B"",""Q_score"",""val_loss""]","[""val_loss""]",False,True,False,False,2.8,150.0,0.3,2.3889,,,N2.80_D0150_Q0.3,,2.8|150.0|0.3
supplementary_NQ_experiment_220,B,supplementary_NQ_experiment.csv,半合成,fit,NQ_N_2.8_D_150,supplementary_NQ_experiment_NQ_N_2.8_D_150,"[""N_params_B"",""D_tokens_B"",""Q_score"",""val_loss""]","[""val_loss""]",False,True,False,False,2.8,150.0,0.4,2.5101,,,N2.80_D0150_Q0.4,,2.8|150.0|0.4
supplementary_NQ_experiment_221,B,supplementary_NQ_experiment.csv,半合成,fit,NQ_N_2.8_D_150,supplementary_NQ_experiment_NQ_N_2.8_D_150,"[""N_params_B"",""D_tokens_B"",""Q_score"",""val_loss""]","[""val_loss""]",False,True,False,False,2.8,150.0,0.6,2.2938,,,N2.80_D0150_Q0.6,,2.8|150.0|0.6
supplementary_NQ_experiment_222,B,supplementary_NQ_experiment.csv,半合成,fit,NQ_N_2.8_D_150,supplementary_NQ_experiment_NQ_N_2.8_D_150,"[""N_params_B"",""D_tokens_B"",""Q_score"",""val_loss""]","[""val_loss""]",False,True,False,False,2.8,150.0,0.8,2.2577,,,N2.80_D0150_Q0.8,,2.8|150.0|0.8
supplementary_NQ_experiment_223,B,supplementary_NQ_experiment.csv,半合成,fit,NQ_N_2.8_D_150,supplementary_NQ_experiment_NQ_N_2.8_D_150,"[""N_params_B"",""D_tokens_B"",""Q_score"",""val_loss""]","[""val_loss""]",False,True,False,False,2.8,150.0,0.9,2.2652,,,N2.80_D0150_Q0.9,,2.8|150.0|0.9
supplementary_NQ_experiment_224,B,supplementary_NQ_experiment.csv,半合成,fit,NQ_N_2.8_D_150,supplementary_NQ_experiment_NQ_N_2.8_D_150,"[""N_params_B"",""D_tokens_B"",""Q_score"",""val_loss""]","[""val_loss""]",False,True,False,False,2.8,150.0,1.0,2.2464,,,N2.80_D0150_Q1.0,,2.8|150.0|1.0
supplementary_NQ_experiment_225,B,supplementary_NQ_experiment.csv,半合成,fit,NQ_N_2.8_D_300,supplementary_NQ_experiment_NQ_N_2.8_D_300,"[""N_params_B"",""D_tokens_B"",""Q_score"",""val_loss""]","[""val_loss""]",False,True,False,False,2.8,300.0,0.1,2.446,,,N2.80_D0300_Q0.1,,2.8|300.0|0.1
supplementary_NQ_experiment_226,B,supplementary_NQ_experiment.csv,半合成,fit,NQ_N_2.8_D_300,supplementary_NQ_experiment_NQ_N_2.8_D_300,"[""N_params_B"",""D_tokens_B"",""Q_score"",""val_loss""]","[""val_loss""]",False,True,False,False,2.8,300.0,0.2,2.3643,,,N2.80_D0300_Q0.2,,2.8|300.0|0.2
supplementary_NQ_experiment_227,B,supplementary_NQ_experiment.csv,半合成,fit,NQ_N_2.8_D_300,supplementary_NQ_experiment_NQ_N_2.8_D_300,"[""N_params_B"",""D_tokens_B"",""Q_score"",""val_loss""]","[""val_loss""]",False,True,False,False,2.8,300.0,0.3,2.3988,,,N2.80_D0300_Q0.3,,2.8|300.0|0.3
supplementary_NQ_experiment_228,B,supplementary_NQ_experiment.csv,半合成,fit,NQ_N_2.8_D_300,supplementary_NQ_experiment_NQ_N_2.8_D_300,"[""N_params_B"",""D_tokens_B"",""Q_score"",""val_loss""]","[""val_loss""]",False,True,False,False,2.8,300.0,0.4,2.3719,,,N2.80_D0300_Q0.4,,2.8|300.0|0.4
supplementary_NQ_experiment_229,B,supplementary_NQ_experiment.csv,半合成,fit,NQ_N_2.8_D_300,supplementary_NQ_experiment_NQ_N_2.8_D_300,"[""N_params_B"",""D_tokens_B"",""Q_score"",""val_loss""]","[""val_loss""]",False,True,False,False,2.8,300.0,0.6,2.3342,,,N2.80_D0300_Q0.6,,2.8|300.0|0.6
supplementary_NQ_experiment_230,B,supplementary_NQ_experiment.csv,半合成,fit,NQ_N_2.8_D_300,supplementary_NQ_experiment_NQ_N_2.8_D_300,"[""N_params_B"",""D_tokens_B"",""Q_score"",""val_loss""]","[""val_loss""]",False,True,False,False,2.8,300.0,0.8,2.2389,,,N2.80_D0300_Q0.8,,2.8|300.0|0.8
supplementary_NQ_experiment_231,B,supplementary_NQ_experiment.csv,半合成,fit,NQ_N_2.8_D_300,supplementary_NQ_experiment_NQ_N_2.8_D_300,"[""N_params_B"",""D_tokens_B"",""Q_score"",""val_loss""]","[""val_loss""]",False,True,False,False,2.8,300.0,0.9,2.2601,,,N2.80_D0300_Q0.9,,2.8|300.0|0.9
supplementary_NQ_experiment_232,B,supplementary_NQ_experiment.csv,半合成,fit,NQ_N_2.8_D_300,supplementary_NQ_experiment_NQ_N_2.8_D_300,"[""N_params_B"",""D_tokens_B"",""Q_score"",""val_loss""]","[""val_loss""]",False,True,False,False,2.8,300.0,1.0,2.1271,,,N2.80_D0300_Q1.0,,2.8|300.0|1.0
supplementary_NQ_experiment_233,B,supplementary_NQ_experiment.csv,半合成,fit,NQ_N_2.8_D_600,supplementary_NQ_experiment_NQ_N_2.8_D_600,"[""N_params_B"",""D_tokens_B"",""Q_score"",""val_loss""]","[""val_loss""]",False,True,False,False,2.8,600.0,0.1,2.4515,,,N2.80_D0600_Q0.1,,2.8|600.0|0.1
supplementary_NQ_experiment_234,B,supplementary_NQ_experiment.csv,半合成,fit,NQ_N_2.8_D_600,supplementary_NQ_experiment_NQ_N_2.8_D_600,"[""N_params_B"",""D_tokens_B"",""Q_score"",""val_loss""]","[""val_loss""]",False,True,False,False,2.8,600.0,0.2,2.4042,,,N2.80_D0600_Q0.2,,2.8|600.0|0.2
supplementary_NQ_experiment_235,B,supplementary_NQ_experiment.csv,半合成,fit,NQ_N_2.8_D_600,supplementary_NQ_experiment_NQ_N_2.8_D_600,"[""N_params_B"",""D_tokens_B"",""Q_score"",""val_loss""]","[""val_loss""]",False,True,False,False,2.8,600.0,0.3,2.3538,,,N2.80_D0600_Q0.3,,2.8|600.0|0.3
supplementary_NQ_experiment_236,B,supplementary_NQ_experiment.csv,半合成,fit,NQ_N_2.8_D_600,supplementary_NQ_experiment_NQ_N_2.8_D_600,"[""N_params_B"",""D_tokens_B"",""Q_score"",""val_loss""]","[""val_loss""]",False,True,False,False,2.8,600.0,0.4,2.3322,,,N2.80_D0600_Q0.4,,2.8|600.0|0.4
supplementary_NQ_experiment_237,B,supplementary_NQ_experiment.csv,半合成,fit,NQ_N_2.8_D_600,supplementary_NQ_experiment_NQ_N_2.8_D_600,"[""N_params_B"",""D_tokens_B"",""Q_score"",""val_loss""]","[""val_loss""]",False,True,False,False,2.8,600.0,0.6,2.2986,,,N2.80_D0600_Q0.6,,2.8|600.0|0.6
supplementary_NQ_experiment_238,B,supplementary_NQ_experiment.csv,半合成,fit,NQ_N_2.8_D_600,supplementary_NQ_experiment_NQ_N_2.8_D_600,"[""N_params_B"",""D_tokens_B"",""Q_score"",""val_loss""]","[""val_loss""]",False,True,False,False,2.8,600.0,0.8,2.2378,,,N2.80_D0600_Q0.8,,2.8|600.0|0.8
supplementary_NQ_experiment_239,B,supplementary_NQ_experiment.csv,半合成,fit,NQ_N_2.8_D_600,supplementary_NQ_experiment_NQ_N_2.8_D_600,"[""N_params_B"",""D_tokens_B"",""Q_score"",""val_loss""]","[""val_loss""]",False,True,False,False,2.8,600.0,0.9,2.1287,,,N2.80_D0600_Q0.9,,2.8|600.0|0.9
supplementary_NQ_experiment_240,B,supplementary_NQ_experiment.csv,半合成,fit,NQ_N_2.8_D_600,supplementary_NQ_experiment_NQ_N_2.8_D_600,"[""N_params_B"",""D_tokens_B"",""Q_score"",""val_loss""]","[""val_loss""]",False,True,False,False,2.8,600.0,1.0,2.1935,,,N2.80_D0600_Q1.0,,2.8|600.0|1.0
supplementary_NQ_experiment_241,B,supplementary_NQ_experiment.csv,半合成,fit,NQ_N_4_D_10,supplementary_NQ_experiment_NQ_N_4_D_10,"[""N_params_B"",""D_tokens_B"",""Q_score"",""val_loss""]","[""val_loss""]",False,True,False,False,4.0,10.0,0.1,2.855,,,N4.00_D0010_Q0.1,,4.0|10.0|0.1
supplementary_NQ_experiment_242,B,supplementary_NQ_experiment.csv,半合成,fit,NQ_N_4_D_10,supplementary_NQ_experiment_NQ_N_4_D_10,"[""N_params_B"",""D_tokens_B"",""Q_score"",""val_loss""]","[""val_loss""]",False,True,False,False,4.0,10.0,0.2,2.872,,,N4.00_D0010_Q0.2,,4.0|10.0|0.2
supplementary_NQ_experiment_243,B,supplementary_NQ_experiment.csv,半合成,fit,NQ_N_4_D_10,supplementary_NQ_experiment_NQ_N_4_D_10,"[""N_params_B"",""D_tokens_B"",""Q_score"",""val_loss""]","[""val_loss""]",False,True,False,False,4.0,10.0,0.3,2.8016,,,N4.00_D0010_Q0.3,,4.0|10.0|0.3
supplementary_NQ_experiment_244,B,supplementary_NQ_experiment.csv,半合成,fit,NQ_N_4_D_10,supplementary_NQ_experiment_NQ_N_4_D_10,"[""N_params_B"",""D_tokens_B"",""Q_score"",""val_loss""]","[""val_loss""]",False,True,False,False,4.0,10.0,0.4,2.6993,,,N4.00_D0010_Q0.4,,4.0|10.0|0.4
supplementary_NQ_experiment_245,B,supplementary_NQ_experiment.csv,半合成,fit,NQ_N_4_D_10,supplementary_NQ_experiment_NQ_N_4_D_10,"[""N_params_B"",""D_tokens_B"",""Q_score"",""val_loss""]","[""val_loss""]",False,True,False,False,4.0,10.0,0.6,2.631,,,N4.00_D0010_Q0.6,,4.0|10.0|0.6
supplementary_NQ_experiment_246,B,supplementary_NQ_experiment.csv,半合成,fit,NQ_N_4_D_10,supplementary_NQ_experiment_NQ_N_4_D_10,"[""N_params_B"",""D_tokens_B"",""Q_score"",""val_loss""]","[""val_loss""]",False,True,False,False,4.0,10.0,0.8,2.6463,,,N4.00_D0010_Q0.8,,4.0|10.0|0.8
supplementary_NQ_experiment_247,B,supplementary_NQ_experiment.csv,半合成,fit,NQ_N_4_D_10,supplementary_NQ_experiment_NQ_N_4_D_10,"[""N_params_B"",""D_tokens_B"",""Q_score"",""val_loss""]","[""val_loss""]",False,True,False,False,4.0,10.0,0.9,2.6487,,,N4.00_D0010_Q0.9,,4.0|10.0|0.9
supplementary_NQ_experiment_248,B,supplementary_NQ_experiment.csv,半合成,fit,NQ_N_4_D_10,supplementary_NQ_experiment_NQ_N_4_D_10,"[""N_params_B"",""D_tokens_B"",""Q_score"",""val_loss""]","[""val_loss""]",False,True,False,False,4.0,10.0,1.0,2.4852,,,N4.00_D0010_Q1.0,,4.0|10.0|1.0
supplementary_NQ_experiment_249,B,supplementary_NQ_experiment.csv,半合成,fit,NQ_N_4_D_50,supplementary_NQ_experiment_NQ_N_4_D_50,"[""N_params_B"",""D_tokens_B"",""Q_score"",""val_loss""]","[""val_loss""]",False,True,False,False,4.0,50.0,0.1,2.5657,,,N4.00_D0050_Q0.1,,4.0|50.0|0.1
supplementary_NQ_experiment_250,B,supplementary_NQ_experiment.csv,半合成,fit,NQ_N_4_D_50,supplementary_NQ_experiment_NQ_N_4_D_50,"[""N_params_B"",""D_tokens_B"",""Q_score"",""val_loss""]","[""val_loss""]",False,True,False,False,4.0,50.0,0.2,2.6024,,,N4.00_D0050_Q0.2,,4.0|50.0|0.2
supplementary_NQ_experiment_251,B,supplementary_NQ_experiment.csv,半合成,fit,NQ_N_4_D_50,supplementary_NQ_experiment_NQ_N_4_D_50,"[""N_params_B"",""D_tokens_B"",""Q_score"",""val_loss""]","[""val_loss""]",False,True,False,False,4.0,50.0,0.3,2.5078,,,N4.00_D0050_Q0.3,,4.0|50.0|0.3
supplementary_NQ_experiment_252,B,supplementary_NQ_experiment.csv,半合成,fit,NQ_N_4_D_50,supplementary_NQ_experiment_NQ_N_4_D_50,"[""N_params_B"",""D_tokens_B"",""Q_score"",""val_loss""]","[""val_loss""]",False,True,False,False,4.0,50.0,0.4,2.5793,,,N4.00_D0050_Q0.4,,4.0|50.0|0.4
supplementary_NQ_experiment_253,B,supplementary_NQ_experiment.csv,半合成,fit,NQ_N_4_D_50,supplementary_NQ_experiment_NQ_N_4_D_50,"[""N_params_B"",""D_tokens_B"",""Q_score"",""val_loss""]","[""val_loss""]",False,True,False,False,4.0,50.0,0.6,2.4706,,,N4.00_D0050_Q0.6,,4.0|50.0|0.6
supplementary_NQ_experiment_254,B,supplementary_NQ_experiment.csv,半合成,fit,NQ_N_4_D_50,supplementary_NQ_experiment_NQ_N_4_D_50,"[""N_params_B"",""D_tokens_B"",""Q_score"",""val_loss""]","[""val_loss""]",False,True,False,False,4.0,50.0,0.8,2.4391,,,N4.00_D0050_Q0.8,,4.0|50.0|0.8
supplementary_NQ_experiment_255,B,supplementary_NQ_experiment.csv,半合成,fit,NQ_N_4_D_50,supplementary_NQ_experiment_NQ_N_4_D_50,"[""N_params_B"",""D_tokens_B"",""Q_score"",""val_loss""]","[""val_loss""]",False,True,False,False,4.0,50.0,0.9,2.3223,,,N4.00_D0050_Q0.9,,4.0|50.0|0.9
supplementary_NQ_experiment_256,B,supplementary_NQ_experiment.csv,半合成,fit,NQ_N_4_D_50,supplementary_NQ_experiment_NQ_N_4_D_50,"[""N_params_B"",""D_tokens_B"",""Q_score"",""val_loss""]","[""val_loss""]",False,True,False,False,4.0,50.0,1.0,2.4105,,,N4.00_D0050_Q1.0,,4.0|50.0|1.0
supplementary_NQ_experiment_257,B,supplementary_NQ_experiment.csv,半合成,fit,NQ_N_4_D_150,supplementary_NQ_experiment_NQ_N_4_D_150,"[""N_params_B"",""D_tokens_B"",""Q_score"",""val_loss""]","[""val_loss""]",False,True,False,False,4.0,150.0,0.1,2.494,,,N4.00_D0150_Q0.1,,4.0|150.0|0.1
supplementary_NQ_experiment_258,B,supplementary_NQ_experiment.csv,半合成,fit,NQ_N_4_D_150,supplementary_NQ_experiment_NQ_N_4_D_150,"[""N_params_B"",""D_tokens_B"",""Q_score"",""val_loss""]","[""val_loss""]",False,True,False,False,4.0,150.0,0.2,2.4505,,,N4.00_D0150_Q0.2,,4.0|150.0|0.2
supplementary_NQ_experiment_259,B,supplementary_NQ_experiment.csv,半合成,fit,NQ_N_4_D_150,supplementary_NQ_experiment_NQ_N_4_D_150,"[""N_params_B"",""D_tokens_B"",""Q_score"",""val_loss""]","[""val_loss""]",False,True,False,False,4.0,150.0,0.3,2.4411,,,N4.00_D0150_Q0.3,,4.0|150.0|0.3
supplementary_NQ_experiment_260,B,supplementary_NQ_experiment.csv,半合成,fit,NQ_N_4_D_150,supplementary_NQ_experiment_NQ_N_4_D_150,"[""N_params_B"",""D_tokens_B"",""Q_score"",""val_loss""]","[""val_loss""]",False,True,False,False,4.0,150.0,0.4,2.3929,,,N4.00_D0150_Q0.4,,4.0|150.0|0.4
supplementary_NQ_experiment_261,B,supplementary_NQ_experiment.csv,半合成,fit,NQ_N_4_D_150,supplementary_NQ_experiment_NQ_N_4_D_150,"[""N_params_B"",""D_tokens_B"",""Q_score"",""val_loss""]","[""val_loss""]",False,True,False,False,4.0,150.0,0.6,2.3873,,,N4.00_D0150_Q0.6,,4.0|150.0|0.6
supplementary_NQ_experiment_262,B,supplementary_NQ_experiment.csv,半合成,fit,NQ_N_4_D_150,supplementary_NQ_experiment_NQ_N_4_D_150,"[""N_params_B"",""D_tokens_B"",""Q_score"",""val_loss""]","[""val_loss""]",False,True,False,False,4.0,150.0,0.8,2.2679,,,N4.00_D0150_Q0.8,,4.0|150.0|0.8
supplementary_NQ_experiment_263,B,supplementary_NQ_experiment.csv,半合成,fit,NQ_N_4_D_150,supplementary_NQ_experiment_NQ_N_4_D_150,"[""N_params_B"",""D_tokens_B"",""Q_score"",""val_loss""]","[""val_loss""]",False,True,False,False,4.0,150.0,0.9,2.2339,,,N4.00_D0150_Q0.9,,4.0|150.0|0.9
supplementary_NQ_experiment_264,B,supplementary_NQ_experiment.csv,半合成,fit,NQ_N_4_D_150,supplementary_NQ_experiment_NQ_N_4_D_150,"[""N_params_B"",""D_tokens_B"",""Q_score"",""val_loss""]","[""val_loss""]",False,True,False,False,4.0,150.0,1.0,2.2102,,,N4.00_D0150_Q1.0,,4.0|150.0|1.0
supplementary_NQ_experiment_265,B,supplementary_NQ_experiment.csv,半合成,fit,NQ_N_4_D_300,supplementary_NQ_experiment_NQ_N_4_D_300,"[""N_params_B"",""D_tokens_B"",""Q_score"",""val_loss""]","[""val_loss""]",False,True,False,False,4.0,300.0,0.1,2.4125,,,N4.00_D0300_Q0.1,,4.0|300.0|0.1
supplementary_NQ_experiment_266,B,supplementary_NQ_experiment.csv,半合成,fit,NQ_N_4_D_300,supplementary_NQ_experiment_NQ_N_4_D_300,"[""N_params_B"",""D_tokens_B"",""Q_score"",""val_loss""]","[""val_loss""]",False,True,False,False,4.0,300.0,0.2,2.3793,,,N4.00_D0300_Q0.2,,4.0|300.0|0.2
supplementary_NQ_experiment_267,B,supplementary_NQ_experiment.csv,半合成,fit,NQ_N_4_D_300,supplementary_NQ_experiment_NQ_N_4_D_300,"[""N_params_B"",""D_tokens_B"",""Q_score"",""val_loss""]","[""val_loss""]",False,True,False,False,4.0,300.0,0.3,2.2697,,,N4.00_D0300_Q0.3,,4.0|300.0|0.3
supplementary_NQ_experiment_268,B,supplementary_NQ_experiment.csv,半合成,fit,NQ_N_4_D_300,supplementary_NQ_experiment_NQ_N_4_D_300,"[""N_params_B"",""D_tokens_B"",""Q_score"",""val_loss""]","[""val_loss""]",False,True,False,False,4.0,300.0,0.4,2.3711,,,N4.00_D0300_Q0.4,,4.0|300.0|0.4
supplementary_NQ_experiment_269,B,supplementary_NQ_experiment.csv,半合成,fit,NQ_N_4_D_300,supplementary_NQ_experiment_NQ_N_4_D_300,"[""N_params_B"",""D_tokens_B"",""Q_score"",""val_loss""]","[""val_loss""]",False,True,False,False,4.0,300.0,0.6,2.2294,,,N4.00_D0300_Q0.6,,4.0|300.0|0.6
supplementary_NQ_experiment_270,B,supplementary_NQ_experiment.csv,半合成,fit,NQ_N_4_D_300,supplementary_NQ_experiment_NQ_N_4_D_300,"[""N_params_B"",""D_tokens_B"",""Q_score"",""val_loss""]","[""val_loss""]",False,True,False,False,4.0,300.0,0.8,2.1962,,,N4.00_D0300_Q0.8,,4.0|300.0|0.8
supplementary_NQ_experiment_271,B,supplementary_NQ_experiment.csv,半合成,fit,NQ_N_4_D_300,supplementary_NQ_experiment_NQ_N_4_D_300,"[""N_params_B"",""D_tokens_B"",""Q_score"",""val_loss""]","[""val_loss""]",False,True,False,False,4.0,300.0,0.9,2.1753,,,N4.00_D0300_Q0.9,,4.0|300.0|0.9
supplementary_NQ_experiment_272,B,supplementary_NQ_experiment.csv,半合成,fit,NQ_N_4_D_300,supplementary_NQ_experiment_NQ_N_4_D_300,"[""N_params_B"",""D_tokens_B"",""Q_score"",""val_loss""]","[""val_loss""]",False,True,False,False,4.0,300.0,1.0,2.1975,,,N4.00_D0300_Q1.0,,4.0|300.0|1.0
supplementary_NQ_experiment_273,B,supplementary_NQ_experiment.csv,半合成,fit,NQ_N_4_D_600,supplementary_NQ_experiment_NQ_N_4_D_600,"[""N_params_B"",""D_tokens_B"",""Q_score"",""val_loss""]","[""val_loss""]",False,True,False,False,4.0,600.0,0.1,2.2637,,,N4.00_D0600_Q0.1,,4.0|600.0|0.1
supplementary_NQ_experiment_274,B,supplementary_NQ_experiment.csv,半合成,fit,NQ_N_4_D_600,supplementary_NQ_experiment_NQ_N_4_D_600,"[""N_params_B"",""D_tokens_B"",""Q_score"",""val_loss""]","[""val_loss""]",False,True,False,False,4.0,600.0,0.2,2.2681,,,N4.00_D0600_Q0.2,,4.0|600.0|0.2
supplementary_NQ_experiment_275,B,supplementary_NQ_experiment.csv,半合成,fit,NQ_N_4_D_600,supplementary_NQ_experiment_NQ_N_4_D_600,"[""N_params_B"",""D_tokens_B"",""Q_score"",""val_loss""]","[""val_loss""]",False,True,False,False,4.0,600.0,0.3,2.403,,,N4.00_D0600_Q0.3,,4.0|600.0|0.3
supplementary_NQ_experiment_276,B,supplementary_NQ_experiment.csv,半合成,fit,NQ_N_4_D_600,supplementary_NQ_experiment_NQ_N_4_D_600,"[""N_params_B"",""D_tokens_B"",""Q_score"",""val_loss""]","[""val_loss""]",False,True,False,False,4.0,600.0,0.4,2.3312,,,N4.00_D0600_Q0.4,,4.0|600.0|0.4
supplementary_NQ_experiment_277,B,supplementary_NQ_experiment.csv,半合成,fit,NQ_N_4_D_600,supplementary_NQ_experiment_NQ_N_4_D_600,"[""N_params_B"",""D_tokens_B"",""Q_score"",""val_loss""]","[""val_loss""]",False,True,False,False,4.0,600.0,0.6,2.2966,,,N4.00_D0600_Q0.6,,4.0|600.0|0.6
supplementary_NQ_experiment_278,B,supplementary_NQ_experiment.csv,半合成,fit,NQ_N_4_D_600,supplementary_NQ_experiment_NQ_N_4_D_600,"[""N_params_B"",""D_tokens_B"",""Q_score"",""val_loss""]","[""val_loss""]",False,True,False,False,4.0,600.0,0.8,2.16,,,N4.00_D0600_Q0.8,,4.0|600.0|0.8
supplementary_NQ_experiment_279,B,supplementary_NQ_experiment.csv,半合成,fit,NQ_N_4_D_600,supplementary_NQ_experiment_NQ_N_4_D_600,"[""N_params_B"",""D_tokens_B"",""Q_score"",""val_loss""]","[""val_loss""]",False,True,False,False,4.0,600.0,0.9,2.1978,,,N4.00_D0600_Q0.9,,4.0|600.0|0.9
supplementary_NQ_experiment_280,B,supplementary_NQ_experiment.csv,半合成,fit,NQ_N_4_D_600,supplementary_NQ_experiment_NQ_N_4_D_600,"[""N_params_B"",""D_tokens_B"",""Q_score"",""val_loss""]","[""val_loss""]",False,True,False,False,4.0,600.0,1.0,2.1107,,,N4.00_D0600_Q1.0,,4.0|600.0|1.0
supplementary_NQ_experiment_281,B,supplementary_NQ_experiment.csv,半合成,fit,NQ_N_6.9_D_10,supplementary_NQ_experiment_NQ_N_6.9_D_10,"[""N_params_B"",""D_tokens_B"",""Q_score"",""val_loss""]","[""val_loss""]",False,True,False,False,6.9,10.0,0.1,2.7585,,,N6.90_D0010_Q0.1,,6.9|10.0|0.1
supplementary_NQ_experiment_282,B,supplementary_NQ_experiment.csv,半合成,fit,NQ_N_6.9_D_10,supplementary_NQ_experiment_NQ_N_6.9_D_10,"[""N_params_B"",""D_tokens_B"",""Q_score"",""val_loss""]","[""val_loss""]",False,True,False,False,6.9,10.0,0.2,2.6605,,,N6.90_D0010_Q0.2,,6.9|10.0|0.2
supplementary_NQ_experiment_283,B,supplementary_NQ_experiment.csv,半合成,fit,NQ_N_6.9_D_10,supplementary_NQ_experiment_NQ_N_6.9_D_10,"[""N_params_B"",""D_tokens_B"",""Q_score"",""val_loss""]","[""val_loss""]",False,True,False,False,6.9,10.0,0.3,2.72,,,N6.90_D0010_Q0.3,,6.9|10.0|0.3
supplementary_NQ_experiment_284,B,supplementary_NQ_experiment.csv,半合成,fit,NQ_N_6.9_D_10,supplementary_NQ_experiment_NQ_N_6.9_D_10,"[""N_params_B"",""D_tokens_B"",""Q_score"",""val_loss""]","[""val_loss""]",False,True,False,False,6.9,10.0,0.4,2.6823,,,N6.90_D0010_Q0.4,,6.9|10.0|0.4
supplementary_NQ_experiment_285,B,supplementary_NQ_experiment.csv,半合成,fit,NQ_N_6.9_D_10,supplementary_NQ_experiment_NQ_N_6.9_D_10,"[""N_params_B"",""D_tokens_B"",""Q_score"",""val_loss""]","[""val_loss""]",False,True,False,False,6.9,10.0,0.6,2.5269,,,N6.90_D0010_Q0.6,,6.9|10.0|0.6
supplementary_NQ_experiment_286,B,supplementary_NQ_experiment.csv,半合成,fit,NQ_N_6.9_D_10,supplementary_NQ_experiment_NQ_N_6.9_D_10,"[""N_params_B"",""D_tokens_B"",""Q_score"",""val_loss""]","[""val_loss""]",False,True,False,False,6.9,10.0,0.8,2.5341,,,N6.90_D0010_Q0.8,,6.9|10.0|0.8
supplementary_NQ_experiment_287,B,supplementary_NQ_experiment.csv,半合成,fit,NQ_N_6.9_D_10,supplementary_NQ_experiment_NQ_N_6.9_D_10,"[""N_params_B"",""D_tokens_B"",""Q_score"",""val_loss""]","[""val_loss""]",False,True,False,False,6.9,10.0,0.9,2.5395,,,N6.90_D0010_Q0.9,,6.9|10.0|0.9
supplementary_NQ_experiment_288,B,supplementary_NQ_experiment.csv,半合成,fit,NQ_N_6.9_D_10,supplementary_NQ_experiment_NQ_N_6.9_D_10,"[""N_params_B"",""D_tokens_B"",""Q_score"",""val_loss""]","[""val_loss""]",False,True,False,False,6.9,10.0,1.0,2.4679,,,N6.90_D0010_Q1.0,,6.9|10.0|1.0
supplementary_NQ_experiment_289,B,supplementary_NQ_experiment.csv,半合成,fit,NQ_N_6.9_D_50,supplementary_NQ_experiment_NQ_N_6.9_D_50,"[""N_params_B"",""D_tokens_B"",""Q_score"",""val_loss""]","[""val_loss""]",False,True,False,False,6.9,50.0,0.1,2.5548,,,N6.90_D0050_Q0.1,,6.9|50.0|0.1
supplementary_NQ_experiment_290,B,supplementary_NQ_experiment.csv,半合成,fit,NQ_N_6.9_D_50,supplementary_NQ_experiment_NQ_N_6.9_D_50,"[""N_params_B"",""D_tokens_B"",""Q_score"",""val_loss""]","[""val_loss""]",False,True,False,False,6.9,50.0,0.2,2.4799,,,N6.90_D0050_Q0.2,,6.9|50.0|0.2
supplementary_NQ_experiment_291,B,supplementary_NQ_experiment.csv,半合成,fit,NQ_N_6.9_D_50,supplementary_NQ_experiment_NQ_N_6.9_D_50,"[""N_params_B"",""D_tokens_B"",""Q_score"",""val_loss""]","[""val_loss""]",False,True,False,False,6.9,50.0,0.3,2.4833,,,N6.90_D0050_Q0.3,,6.9|50.0|0.3
supplementary_NQ_experiment_292,B,supplementary_NQ_experiment.csv,半合成,fit,NQ_N_6.9_D_50,supplementary_NQ_experiment_NQ_N_6.9_D_50,"[""N_params_B"",""D_tokens_B"",""Q_score"",""val_loss""]","[""val_loss""]",False,True,False,False,6.9,50.0,0.4,2.4979,,,N6.90_D0050_Q0.4,,6.9|50.0|0.4
supplementary_NQ_experiment_293,B,supplementary_NQ_experiment.csv,半合成,fit,NQ_N_6.9_D_50,supplementary_NQ_experiment_NQ_N_6.9_D_50,"[""N_params_B"",""D_tokens_B"",""Q_score"",""val_loss""]","[""val_loss""]",False,True,False,False,6.9,50.0,0.6,2.4093,,,N6.90_D0050_Q0.6,,6.9|50.0|0.6
supplementary_NQ_experiment_294,B,supplementary_NQ_experiment.csv,半合成,fit,NQ_N_6.9_D_50,supplementary_NQ_experiment_NQ_N_6.9_D_50,"[""N_params_B"",""D_tokens_B"",""Q_score"",""val_loss""]","[""val_loss""]",False,True,False,False,6.9,50.0,0.8,2.2784,,,N6.90_D0050_Q0.8,,6.9|50.0|0.8
supplementary_NQ_experiment_295,B,supplementary_NQ_experiment.csv,半合成,fit,NQ_N_6.9_D_50,supplementary_NQ_experiment_NQ_N_6.9_D_50,"[""N_params_B"",""D_tokens_B"",""Q_score"",""val_loss""]","[""val_loss""]",False,True,False,False,6.9,50.0,0.9,2.347,,,N6.90_D0050_Q0.9,,6.9|50.0|0.9
supplementary_NQ_experiment_296,B,supplementary_NQ_experiment.csv,半合成,fit,NQ_N_6.9_D_50,supplementary_NQ_experiment_NQ_N_6.9_D_50,"[""N_params_B"",""D_tokens_B"",""Q_score"",""val_loss""]","[""val_loss""]",False,True,False,False,6.9,50.0,1.0,2.2632,,,N6.90_D0050_Q1.0,,6.9|50.0|1.0
supplementary_NQ_experiment_297,B,supplementary_NQ_experiment.csv,半合成,fit,NQ_N_6.9_D_150,supplementary_NQ_experiment_NQ_N_6.9_D_150,"[""N_params_B"",""D_tokens_B"",""Q_score"",""val_loss""]","[""val_loss""]",False,True,False,False,6.9,150.0,0.1,2.3272,,,N6.90_D0150_Q0.1,,6.9|150.0|0.1
supplementary_NQ_experiment_298,B,supplementary_NQ_experiment.csv,半合成,fit,NQ_N_6.9_D_150,supplementary_NQ_experiment_NQ_N_6.9_D_150,"[""N_params_B"",""D_tokens_B"",""Q_score"",""val_loss""]","[""val_loss""]",False,True,False,False,6.9,150.0,0.2,2.3658,,,N6.90_D0150_Q0.2,,6.9|150.0|0.2
supplementary_NQ_experiment_299,B,supplementary_NQ_experiment.csv,半合成,fit,NQ_N_6.9_D_150,supplementary_NQ_experiment_NQ_N_6.9_D_150,"[""N_params_B"",""D_tokens_B"",""Q_score"",""val_loss""]","[""val_loss""]",False,True,False,False,6.9,150.0,0.3,2.3708,,,N6.90_D0150_Q0.3,,6.9|150.0|0.3
supplementary_NQ_experiment_300,B,supplementary_NQ_experiment.csv,半合成,fit,NQ_N_6.9_D_150,supplementary_NQ_experiment_NQ_N_6.9_D_150,"[""N_params_B"",""D_tokens_B"",""Q_score"",""val_loss""]","[""val_loss""]",False,True,False,False,6.9,150.0,0.4,2.3438,,,N6.90_D0150_Q0.4,,6.9|150.0|0.4
supplementary_NQ_experiment_301,B,supplementary_NQ_experiment.csv,半合成,fit,NQ_N_6.9_D_150,supplementary_NQ_experiment_NQ_N_6.9_D_150,"[""N_params_B"",""D_tokens_B"",""Q_score"",""val_loss""]","[""val_loss""]",False,True,False,False,6.9,150.0,0.6,2.2064,,,N6.90_D0150_Q0.6,,6.9|150.0|0.6
supplementary_NQ_experiment_302,B,supplementary_NQ_experiment.csv,半合成,fit,NQ_N_6.9_D_150,supplementary_NQ_experiment_NQ_N_6.9_D_150,"[""N_params_B"",""D_tokens_B"",""Q_score"",""val_loss""]","[""val_loss""]",False,True,False,False,6.9,150.0,0.8,2.2296,,,N6.90_D0150_Q0.8,,6.9|150.0|0.8
supplementary_NQ_experiment_303,B,supplementary_NQ_experiment.csv,半合成,fit,NQ_N_6.9_D_150,supplementary_NQ_experiment_NQ_N_6.9_D_150,"[""N_params_B"",""D_tokens_B"",""Q_score"",""val_loss""]","[""val_loss""]",False,True,False,False,6.9,150.0,0.9,2.2482,,,N6.90_D0150_Q0.9,,6.9|150.0|0.9
supplementary_NQ_experiment_304,B,supplementary_NQ_experiment.csv,半合成,fit,NQ_N_6.9_D_150,supplementary_NQ_experiment_NQ_N_6.9_D_150,"[""N_params_B"",""D_tokens_B"",""Q_score"",""val_loss""]","[""val_loss""]",False,True,False,False,6.9,150.0,1.0,2.1506,,,N6.90_D0150_Q1.0,,6.9|150.0|1.0
supplementary_NQ_experiment_305,B,supplementary_NQ_experiment.csv,半合成,fit,NQ_N_6.9_D_300,supplementary_NQ_experiment_NQ_N_6.9_D_300,"[""N_params_B"",""D_tokens_B"",""Q_score"",""val_loss""]","[""val_loss""]",False,True,False,False,6.9,300.0,0.1,2.3408,,,N6.90_D0300_Q0.1,,6.9|300.0|0.1
supplementary_NQ_experiment_306,B,supplementary_NQ_experiment.csv,半合成,fit,NQ_N_6.9_D_300,supplementary_NQ_experiment_NQ_N_6.9_D_300,"[""N_params_B"",""D_tokens_B"",""Q_score"",""val_loss""]","[""val_loss""]",False,True,False,False,6.9,300.0,0.2,2.3195,,,N6.90_D0300_Q0.2,,6.9|300.0|0.2
supplementary_NQ_experiment_307,B,supplementary_NQ_experiment.csv,半合成,fit,NQ_N_6.9_D_300,supplementary_NQ_experiment_NQ_N_6.9_D_300,"[""N_params_B"",""D_tokens_B"",""Q_score"",""val_loss""]","[""val_loss""]",False,True,False,False,6.9,300.0,0.3,2.3002,,,N6.90_D0300_Q0.3,,6.9|300.0|0.3
supplementary_NQ_experiment_308,B,supplementary_NQ_experiment.csv,半合成,fit,NQ_N_6.9_D_300,supplementary_NQ_experiment_NQ_N_6.9_D_300,"[""N_params_B"",""D_tokens_B"",""Q_score"",""val_loss""]","[""val_loss""]",False,True,False,False,6.9,300.0,0.4,2.3167,,,N6.90_D0300_Q0.4,,6.9|300.0|0.4
supplementary_NQ_experiment_309,B,supplementary_NQ_experiment.csv,半合成,fit,NQ_N_6.9_D_300,supplementary_NQ_experiment_NQ_N_6.9_D_300,"[""N_params_B"",""D_tokens_B"",""Q_score"",""val_loss""]","[""val_loss""]",False,True,False,False,6.9,300.0,0.6,2.2275,,,N6.90_D0300_Q0.6,,6.9|300.0|0.6
supplementary_NQ_experiment_310,B,supplementary_NQ_experiment.csv,半合成,fit,NQ_N_6.9_D_300,supplementary_NQ_experiment_NQ_N_6.9_D_300,"[""N_params_B"",""D_tokens_B"",""Q_score"",""val_loss""]","[""val_loss""]",False,True,False,False,6.9,300.0,0.8,2.1189,,,N6.90_D0300_Q0.8,,6.9|300.0|0.8
supplementary_NQ_experiment_311,B,supplementary_NQ_experiment.csv,半合成,fit,NQ_N_6.9_D_300,supplementary_NQ_experiment_NQ_N_6.9_D_300,"[""N_params_B"",""D_tokens_B"",""Q_score"",""val_loss""]","[""val_loss""]",False,True,False,False,6.9,300.0,0.9,2.1052,,,N6.90_D0300_Q0.9,,6.9|300.0|0.9
supplementary_NQ_experiment_312,B,supplementary_NQ_experiment.csv,半合成,fit,NQ_N_6.9_D_300,supplementary_NQ_experiment_NQ_N_6.9_D_300,"[""N_params_B"",""D_tokens_B"",""Q_score"",""val_loss""]","[""val_loss""]",False,True,False,False,6.9,300.0,1.0,2.1363,,,N6.90_D0300_Q1.0,,6.9|300.0|1.0
supplementary_NQ_experiment_313,B,supplementary_NQ_experiment.csv,半合成,fit,NQ_N_6.9_D_600,supplementary_NQ_experiment_NQ_N_6.9_D_600,"[""N_params_B"",""D_tokens_B"",""Q_score"",""val_loss""]","[""val_loss""]",False,True,False,False,6.9,600.0,0.1,2.2081,,,N6.90_D0600_Q0.1,,6.9|600.0|0.1
supplementary_NQ_experiment_314,B,supplementary_NQ_experiment.csv,半合成,fit,NQ_N_6.9_D_600,supplementary_NQ_experiment_NQ_N_6.9_D_600,"[""N_params_B"",""D_tokens_B"",""Q_score"",""val_loss""]","[""val_loss""]",False,True,False,False,6.9,600.0,0.2,2.2684,,,N6.90_D0600_Q0.2,,6.9|600.0|0.2
supplementary_NQ_experiment_315,B,supplementary_NQ_experiment.csv,半合成,fit,NQ_N_6.9_D_600,supplementary_NQ_experiment_NQ_N_6.9_D_600,"[""N_params_B"",""D_tokens_B"",""Q_score"",""val_loss""]","[""val_loss""]",False,True,False,False,6.9,600.0,0.3,2.2487,,,N6.90_D0600_Q0.3,,6.9|600.0|0.3
supplementary_NQ_experiment_316,B,supplementary_NQ_experiment.csv,半合成,fit,NQ_N_6.9_D_600,supplementary_NQ_experiment_NQ_N_6.9_D_600,"[""N_params_B"",""D_tokens_B"",""Q_score"",""val_loss""]","[""val_loss""]",False,True,False,False,6.9,600.0,0.4,2.2425,,,N6.90_D0600_Q0.4,,6.9|600.0|0.4
supplementary_NQ_experiment_317,B,supplementary_NQ_experiment.csv,半合成,fit,NQ_N_6.9_D_600,supplementary_NQ_experiment_NQ_N_6.9_D_600,"[""N_params_B"",""D_tokens_B"",""Q_score"",""val_loss""]","[""val_loss""]",False,True,False,False,6.9,600.0,0.6,2.1582,,,N6.90_D0600_Q0.6,,6.9|600.0|0.6
supplementary_NQ_experiment_318,B,supplementary_NQ_experiment.csv,半合成,fit,NQ_N_6.9_D_600,supplementary_NQ_experiment_NQ_N_6.9_D_600,"[""N_params_B"",""D_tokens_B"",""Q_score"",""val_loss""]","[""val_loss""]",False,True,False,False,6.9,600.0,0.8,2.1315,,,N6.90_D0600_Q0.8,,6.9|600.0|0.8
supplementary_NQ_experiment_319,B,supplementary_NQ_experiment.csv,半合成,fit,NQ_N_6.9_D_600,supplementary_NQ_experiment_NQ_N_6.9_D_600,"[""N_params_B"",""D_tokens_B"",""Q_score"",""val_loss""]","[""val_loss""]",False,True,False,False,6.9,600.0,0.9,2.0744,,,N6.90_D0600_Q0.9,,6.9|600.0|0.9
supplementary_NQ_experiment_320,B,supplementary_NQ_experiment.csv,半合成,fit,NQ_N_6.9_D_600,supplementary_NQ_experiment_NQ_N_6.9_D_600,"[""N_params_B"",""D_tokens_B"",""Q_score"",""val_loss""]","[""val_loss""]",False,True,False,False,6.9,600.0,1.0,2.0492,,,N6.90_D0600_Q1.0,,6.9|600.0|1.0
supplementary_NQ_experiment_321,B,supplementary_NQ_experiment.csv,半合成,fit,NQ_N_11.97_D_10,supplementary_NQ_experiment_NQ_N_11.97_D_10,"[""N_params_B"",""D_tokens_B"",""Q_score"",""val_loss""]","[""val_loss""]",False,True,False,False,11.97,10.0,0.1,2.77,,,N11.97_D0010_Q0.1,,11.97|10.0|0.1
supplementary_NQ_experiment_322,B,supplementary_NQ_experiment.csv,半合成,fit,NQ_N_11.97_D_10,supplementary_NQ_experiment_NQ_N_11.97_D_10,"[""N_params_B"",""D_tokens_B"",""Q_score"",""val_loss""]","[""val_loss""]",False,True,False,False,11.97,10.0,0.2,2.6684,,,N11.97_D0010_Q0.2,,11.97|10.0|0.2
supplementary_NQ_experiment_323,B,supplementary_NQ_experiment.csv,半合成,fit,NQ_N_11.97_D_10,supplementary_NQ_experiment_NQ_N_11.97_D_10,"[""N_params_B"",""D_tokens_B"",""Q_score"",""val_loss""]","[""val_loss""]",False,True,False,False,11.97,10.0,0.3,2.6888,,,N11.97_D0010_Q0.3,,11.97|10.0|0.3
supplementary_NQ_experiment_324,B,supplementary_NQ_experiment.csv,半合成,fit,NQ_N_11.97_D_10,supplementary_NQ_experiment_NQ_N_11.97_D_10,"[""N_params_B"",""D_tokens_B"",""Q_score"",""val_loss""]","[""val_loss""]",False,True,False,False,11.97,10.0,0.4,2.7027,,,N11.97_D0010_Q0.4,,11.97|10.0|0.4
supplementary_NQ_experiment_325,B,supplementary_NQ_experiment.csv,半合成,fit,NQ_N_11.97_D_10,supplementary_NQ_experiment_NQ_N_11.97_D_10,"[""N_params_B"",""D_tokens_B"",""Q_score"",""val_loss""]","[""val_loss""]",False,True,False,False,11.97,10.0,0.6,2.6784,,,N11.97_D0010_Q0.6,,11.97|10.0|0.6
supplementary_NQ_experiment_326,B,supplementary_NQ_experiment.csv,半合成,fit,NQ_N_11.97_D_10,supplementary_NQ_experiment_NQ_N_11.97_D_10,"[""N_params_B"",""D_tokens_B"",""Q_score"",""val_loss""]","[""val_loss""]",False,True,False,False,11.97,10.0,0.8,2.6185,,,N11.97_D0010_Q0.8,,11.97|10.0|0.8
supplementary_NQ_experiment_327,B,supplementary_NQ_experiment.csv,半合成,fit,NQ_N_11.97_D_10,supplementary_NQ_experiment_NQ_N_11.97_D_10,"[""N_params_B"",""D_tokens_B"",""Q_score"",""val_loss""]","[""val_loss""]",False,True,False,False,11.97,10.0,0.9,2.4891,,,N11.97_D0010_Q0.9,,11.97|10.0|0.9
supplementary_NQ_experiment_328,B,supplementary_NQ_experiment.csv,半合成,fit,NQ_N_11.97_D_10,supplementary_NQ_experiment_NQ_N_11.97_D_10,"[""N_params_B"",""D_tokens_B"",""Q_score"",""val_loss""]","[""val_loss""]",False,True,False,False,11.97,10.0,1.0,2.4184,,,N11.97_D0010_Q1.0,,11.97|10.0|1.0
supplementary_NQ_experiment_329,B,supplementary_NQ_experiment.csv,半合成,fit,NQ_N_11.97_D_50,supplementary_NQ_experiment_NQ_N_11.97_D_50,"[""N_params_B"",""D_tokens_B"",""Q_score"",""val_loss""]","[""val_loss""]",False,True,False,False,11.97,50.0,0.1,2.4506,,,N11.97_D0050_Q0.1,,11.97|50.0|0.1
supplementary_NQ_experiment_330,B,supplementary_NQ_experiment.csv,半合成,fit,NQ_N_11.97_D_50,supplementary_NQ_experiment_NQ_N_11.97_D_50,"[""N_params_B"",""D_tokens_B"",""Q_score"",""val_loss""]","[""val_loss""]",False,True,False,False,11.97,50.0,0.2,2.4199,,,N11.97_D0050_Q0.2,,11.97|50.0|0.2
supplementary_NQ_experiment_331,B,supplementary_NQ_experiment.csv,半合成,fit,NQ_N_11.97_D_50,supplementary_NQ_experiment_NQ_N_11.97_D_50,"[""N_params_B"",""D_tokens_B"",""Q_score"",""val_loss""]","[""val_loss""]",False,True,False,False,11.97,50.0,0.3,2.4152,,,N11.97_D0050_Q0.3,,11.97|50.0|0.3
supplementary_NQ_experiment_332,B,supplementary_NQ_experiment.csv,半合成,fit,NQ_N_11.97_D_50,supplementary_NQ_experiment_NQ_N_11.97_D_50,"[""N_params_B"",""D_tokens_B"",""Q_score"",""val_loss""]","[""val_loss""]",False,True,False,False,11.97,50.0,0.4,2.3833,,,N11.97_D0050_Q0.4,,11.97|50.0|0.4
supplementary_NQ_experiment_333,B,supplementary_NQ_experiment.csv,半合成,fit,NQ_N_11.97_D_50,supplementary_NQ_experiment_NQ_N_11.97_D_50,"[""N_params_B"",""D_tokens_B"",""Q_score"",""val_loss""]","[""val_loss""]",False,True,False,False,11.97,50.0,0.6,2.3437,,,N11.97_D0050_Q0.6,,11.97|50.0|0.6
supplementary_NQ_experiment_334,B,supplementary_NQ_experiment.csv,半合成,fit,NQ_N_11.97_D_50,supplementary_NQ_experiment_NQ_N_11.97_D_50,"[""N_params_B"",""D_tokens_B"",""Q_score"",""val_loss""]","[""val_loss""]",False,True,False,False,11.97,50.0,0.8,2.2204,,,N11.97_D0050_Q0.8,,11.97|50.0|0.8
supplementary_NQ_experiment_335,B,supplementary_NQ_experiment.csv,半合成,fit,NQ_N_11.97_D_50,supplementary_NQ_experiment_NQ_N_11.97_D_50,"[""N_params_B"",""D_tokens_B"",""Q_score"",""val_loss""]","[""val_loss""]",False,True,False,False,11.97,50.0,0.9,2.296,,,N11.97_D0050_Q0.9,,11.97|50.0|0.9
supplementary_NQ_experiment_336,B,supplementary_NQ_experiment.csv,半合成,fit,NQ_N_11.97_D_50,supplementary_NQ_experiment_NQ_N_11.97_D_50,"[""N_params_B"",""D_tokens_B"",""Q_score"",""val_loss""]","[""val_loss""]",False,True,False,False,11.97,50.0,1.0,2.3439,,,N11.97_D0050_Q1.0,,11.97|50.0|1.0
supplementary_NQ_experiment_337,B,supplementary_NQ_experiment.csv,半合成,fit,NQ_N_11.97_D_150,supplementary_NQ_experiment_NQ_N_11.97_D_150,"[""N_params_B"",""D_tokens_B"",""Q_score"",""val_loss""]","[""val_loss""]",False,True,False,False,11.97,150.0,0.1,2.4214,,,N11.97_D0150_Q0.1,,11.97|150.0|0.1
supplementary_NQ_experiment_338,B,supplementary_NQ_experiment.csv,半合成,fit,NQ_N_11.97_D_150,supplementary_NQ_experiment_NQ_N_11.97_D_150,"[""N_params_B"",""D_tokens_B"",""Q_score"",""val_loss""]","[""val_loss""]",False,True,False,False,11.97,150.0,0.2,2.3485,,,N11.97_D0150_Q0.2,,11.97|150.0|0.2
supplementary_NQ_experiment_339,B,supplementary_NQ_experiment.csv,半合成,fit,NQ_N_11.97_D_150,supplementary_NQ_experiment_NQ_N_11.97_D_150,"[""N_params_B"",""D_tokens_B"",""Q_score"",""val_loss""]","[""val_loss""]",False,True,False,False,11.97,150.0,0.3,2.3316,,,N11.97_D0150_Q0.3,,11.97|150.0|0.3
supplementary_NQ_experiment_340,B,supplementary_NQ_experiment.csv,半合成,fit,NQ_N_11.97_D_150,supplementary_NQ_experiment_NQ_N_11.97_D_150,"[""N_params_B"",""D_tokens_B"",""Q_score"",""val_loss""]","[""val_loss""]",False,True,False,False,11.97,150.0,0.4,2.2453,,,N11.97_D0150_Q0.4,,11.97|150.0|0.4
supplementary_NQ_experiment_341,B,supplementary_NQ_experiment.csv,半合成,fit,NQ_N_11.97_D_150,supplementary_NQ_experiment_NQ_N_11.97_D_150,"[""N_params_B"",""D_tokens_B"",""Q_score"",""val_loss""]","[""val_loss""]",False,True,False,False,11.97,150.0,0.6,2.2154,,,N11.97_D0150_Q0.6,,11.97|150.0|0.6
supplementary_NQ_experiment_342,B,supplementary_NQ_experiment.csv,半合成,fit,NQ_N_11.97_D_150,supplementary_NQ_experiment_NQ_N_11.97_D_150,"[""N_params_B"",""D_tokens_B"",""Q_score"",""val_loss""]","[""val_loss""]",False,True,False,False,11.97,150.0,0.8,2.2885,,,N11.97_D0150_Q0.8,,11.97|150.0|0.8
supplementary_NQ_experiment_343,B,supplementary_NQ_experiment.csv,半合成,fit,NQ_N_11.97_D_150,supplementary_NQ_experiment_NQ_N_11.97_D_150,"[""N_params_B"",""D_tokens_B"",""Q_score"",""val_loss""]","[""val_loss""]",False,True,False,False,11.97,150.0,0.9,2.1844,,,N11.97_D0150_Q0.9,,11.97|150.0|0.9
supplementary_NQ_experiment_344,B,supplementary_NQ_experiment.csv,半合成,fit,NQ_N_11.97_D_150,supplementary_NQ_experiment_NQ_N_11.97_D_150,"[""N_params_B"",""D_tokens_B"",""Q_score"",""val_loss""]","[""val_loss""]",False,True,False,False,11.97,150.0,1.0,2.2045,,,N11.97_D0150_Q1.0,,11.97|150.0|1.0
supplementary_NQ_experiment_345,B,supplementary_NQ_experiment.csv,半合成,fit,NQ_N_11.97_D_300,supplementary_NQ_experiment_NQ_N_11.97_D_300,"[""N_params_B"",""D_tokens_B"",""Q_score"",""val_loss""]","[""val_loss""]",False,True,False,False,11.97,300.0,0.1,2.2899,,,N11.97_D0300_Q0.1,,11.97|300.0|0.1
supplementary_NQ_experiment_346,B,supplementary_NQ_experiment.csv,半合成,fit,NQ_N_11.97_D_300,supplementary_NQ_experiment_NQ_N_11.97_D_300,"[""N_params_B"",""D_tokens_B"",""Q_score"",""val_loss""]","[""val_loss""]",False,True,False,False,11.97,300.0,0.2,2.2886,,,N11.97_D0300_Q0.2,,11.97|300.0|0.2
supplementary_NQ_experiment_347,B,supplementary_NQ_experiment.csv,半合成,fit,NQ_N_11.97_D_300,supplementary_NQ_experiment_NQ_N_11.97_D_300,"[""N_params_B"",""D_tokens_B"",""Q_score"",""val_loss""]","[""val_loss""]",False,True,False,False,11.97,300.0,0.3,2.2767,,,N11.97_D0300_Q0.3,,11.97|300.0|0.3
supplementary_NQ_experiment_348,B,supplementary_NQ_experiment.csv,半合成,fit,NQ_N_11.97_D_300,supplementary_NQ_experiment_NQ_N_11.97_D_300,"[""N_params_B"",""D_tokens_B"",""Q_score"",""val_loss""]","[""val_loss""]",False,True,False,False,11.97,300.0,0.4,2.2501,,,N11.97_D0300_Q0.4,,11.97|300.0|0.4
supplementary_NQ_experiment_349,B,supplementary_NQ_experiment.csv,半合成,fit,NQ_N_11.97_D_300,supplementary_NQ_experiment_NQ_N_11.97_D_300,"[""N_params_B"",""D_tokens_B"",""Q_score"",""val_loss""]","[""val_loss""]",False,True,False,False,11.97,300.0,0.6,2.1351,,,N11.97_D0300_Q0.6,,11.97|300.0|0.6
supplementary_NQ_experiment_350,B,supplementary_NQ_experiment.csv,半合成,fit,NQ_N_11.97_D_300,supplementary_NQ_experiment_NQ_N_11.97_D_300,"[""N_params_B"",""D_tokens_B"",""Q_score"",""val_loss""]","[""val_loss""]",False,True,False,False,11.97,300.0,0.8,2.1274,,,N11.97_D0300_Q0.8,,11.97|300.0|0.8
supplementary_NQ_experiment_351,B,supplementary_NQ_experiment.csv,半合成,fit,NQ_N_11.97_D_300,supplementary_NQ_experiment_NQ_N_11.97_D_300,"[""N_params_B"",""D_tokens_B"",""Q_score"",""val_loss""]","[""val_loss""]",False,True,False,False,11.97,300.0,0.9,2.2077,,,N11.97_D0300_Q0.9,,11.97|300.0|0.9
supplementary_NQ_experiment_352,B,supplementary_NQ_experiment.csv,半合成,fit,NQ_N_11.97_D_300,supplementary_NQ_experiment_NQ_N_11.97_D_300,"[""N_params_B"",""D_tokens_B"",""Q_score"",""val_loss""]","[""val_loss""]",False,True,False,False,11.97,300.0,1.0,2.0939,,,N11.97_D0300_Q1.0,,11.97|300.0|1.0
supplementary_NQ_experiment_353,B,supplementary_NQ_experiment.csv,半合成,fit,NQ_N_11.97_D_600,supplementary_NQ_experiment_NQ_N_11.97_D_600,"[""N_params_B"",""D_tokens_B"",""Q_score"",""val_loss""]","[""val_loss""]",False,True,False,False,11.97,600.0,0.1,2.288,,,N11.97_D0600_Q0.1,,11.97|600.0|0.1
supplementary_NQ_experiment_354,B,supplementary_NQ_experiment.csv,半合成,fit,NQ_N_11.97_D_600,supplementary_NQ_experiment_NQ_N_11.97_D_600,"[""N_params_B"",""D_tokens_B"",""Q_score"",""val_loss""]","[""val_loss""]",False,True,False,False,11.97,600.0,0.2,2.2118,,,N11.97_D0600_Q0.2,,11.97|600.0|0.2
supplementary_NQ_experiment_355,B,supplementary_NQ_experiment.csv,半合成,fit,NQ_N_11.97_D_600,supplementary_NQ_experiment_NQ_N_11.97_D_600,"[""N_params_B"",""D_tokens_B"",""Q_score"",""val_loss""]","[""val_loss""]",False,True,False,False,11.97,600.0,0.3,2.1456,,,N11.97_D0600_Q0.3,,11.97|600.0|0.3
supplementary_NQ_experiment_356,B,supplementary_NQ_experiment.csv,半合成,fit,NQ_N_11.97_D_600,supplementary_NQ_experiment_NQ_N_11.97_D_600,"[""N_params_B"",""D_tokens_B"",""Q_score"",""val_loss""]","[""val_loss""]",False,True,False,False,11.97,600.0,0.4,2.141,,,N11.97_D0600_Q0.4,,11.97|600.0|0.4
supplementary_NQ_experiment_357,B,supplementary_NQ_experiment.csv,半合成,fit,NQ_N_11.97_D_600,supplementary_NQ_experiment_NQ_N_11.97_D_600,"[""N_params_B"",""D_tokens_B"",""Q_score"",""val_loss""]","[""val_loss""]",False,True,False,False,11.97,600.0,0.6,2.0709,,,N11.97_D0600_Q0.6,,11.97|600.0|0.6
supplementary_NQ_experiment_358,B,supplementary_NQ_experiment.csv,半合成,fit,NQ_N_11.97_D_600,supplementary_NQ_experiment_NQ_N_11.97_D_600,"[""N_params_B"",""D_tokens_B"",""Q_score"",""val_loss""]","[""val_loss""]",False,True,False,False,11.97,600.0,0.8,2.0161,,,N11.97_D0600_Q0.8,,11.97|600.0|0.8
supplementary_NQ_experiment_359,B,supplementary_NQ_experiment.csv,半合成,fit,NQ_N_11.97_D_600,supplementary_NQ_experiment_NQ_N_11.97_D_600,"[""N_params_B"",""D_tokens_B"",""Q_score"",""val_loss""]","[""val_loss""]",False,True,False,False,11.97,600.0,0.9,2.0573,,,N11.97_D0600_Q0.9,,11.97|600.0|0.9
supplementary_NQ_experiment_360,B,supplementary_NQ_experiment.csv,半合成,fit,NQ_N_11.97_D_600,supplementary_NQ_experiment_NQ_N_11.97_D_600,"[""N_params_B"",""D_tokens_B"",""Q_score"",""val_loss""]","[""val_loss""]",False,True,False,False,11.97,600.0,1.0,2.0191,,,N11.97_D0600_Q1.0,,11.97|600.0|1.0
